avg_context_surprisal_gap,avg_first_token_surprisal,dataset,lm_cc,lm_cc_density,loc,num_functions,num_semantic_units,ppl,total_tokens,uid,pass_at_1
0.0397707300551701,8.425043106079102,humaneval,8.2,39.119121357798576,10,1,7,2.4565283436680896,86,HumanEval_0,1.0
0.078826679651736,1.78778076171875,humaneval,6.999999999999999,15.3183914385736,21,1,8,1.7378826870879256,147,HumanEval_1,0.4
0.022370384953154,8.43901538848877,humaneval,2.8,4.653502464294434,3,1,4,6.9093960374699135,28,HumanEval_2,1.0
0.0022404561065794,8.439016342163086,humaneval,4.2,12.212415009737017,10,1,5,3.228031333345884,57,HumanEval_3,1.0
0.0462702210061252,8.439016342163086,humaneval,4.2,2.313384532928467,4,1,5,2.2983890698611877,57,HumanEval_4,1.0
0.0095365832945922,8.425043106079102,humaneval,5.6,13.56209620833397,14,1,6,2.1296153137175917,88,HumanEval_5,1.0
0.2477362204384888,2.791431665420532,humaneval,10.6,8.792861208319664,17,2,11,2.0288218111349248,134,HumanEval_6,0.8
0.3160874905814934,1.780746340751648,humaneval,2.8,1.600226640701294,5,1,5,2.56474826153052,44,HumanEval_7,1.0
0.1382864161618379,1.780746340751648,humaneval,5.6,7.315437525510788,11,1,7,2.043984641713279,76,HumanEval_8,1.0
0.1258981395810625,1.78778076171875,humaneval,5.6,15.327662967145445,16,1,7,1.8386189243680204,94,HumanEval_9,1.0
0.0684073061734858,1.78778076171875,humaneval,6.999999999999999,13.754856258630753,13,1,8,2.460530012104717,101,HumanEval_10,0.0
0.3420384131191225,3.442683219909668,humaneval,7.6,10.558203456923366,11,2,8,1.976495122216377,84,HumanEval_11,1.0
0.0547995908769764,8.439016342163086,humaneval,5.6,16.127771139144897,9,1,6,2.2900061516735573,69,HumanEval_12,1.0
0.1065484425111208,8.439016342163086,humaneval,2.8,4.777996391057968,5,1,4,2.2252191465106432,46,HumanEval_13,1.0
0.2115521047463906,1.780746340751648,humaneval,5.8,6.615166038274765,9,1,7,2.170057459510397,57,HumanEval_14,1.0
0.2275675151545061,1.780746340751648,humaneval,2.8,4.637615203857422,5,1,5,3.3829689201139024,42,HumanEval_15,1.0
-0.0099024393216327,8.439016342163086,humaneval,2.8,1.500710129737854,3,1,4,4.123129267661717,33,HumanEval_16,1.0
0.0752963172890304,8.439016342163086,humaneval,4.2,1.452154278755188,4,1,5,4.431408008458568,70,HumanEval_17,1.0
-0.0195722091949493,8.439016342163086,humaneval,5.8,11.655019521713257,9,1,6,2.05028979812701,78,HumanEval_18,1.0
0.0143914156230012,8.425043106079102,humaneval,5.8,3.0925488471984863,15,1,6,1.7255872088636708,142,HumanEval_19,0.6
0.0219493537717527,1.7888953685760498,humaneval,13.2,71.48930794373155,20,1,11,1.7453719834272758,169,HumanEval_20,1.0
0.2026976680589051,1.780746340751648,humaneval,4.2,2.1408982276916504,7,1,6,2.098121800168113,73,HumanEval_21,1.0
0.0854729486095225,8.439016342163086,humaneval,2.8,1.7217620611190796,3,1,4,3.2199325554399536,40,HumanEval_22,1.0
0.0712477626382476,8.438502311706543,humaneval,2.8,1.4497238397598269,3,1,4,4.684617660662664,24,HumanEval_23,1.0
0.1727567308815196,1.780746340751648,humaneval,2.8,7.509715110063553,7,1,5,2.2839080126578306,48,HumanEval_24,1.0
0.1277634658594615,1.78778076171875,humaneval,5.6,16.11269909143448,17,1,7,1.6809795953181137,108,HumanEval_25,1.0
0.0980334414444787,8.439016342163086,humaneval,5.6,5.731298208236694,5,1,6,2.767692425425557,55,HumanEval_26,1.0
-0.0322245488364604,8.43901538848877,humaneval,2.8,3.090331554412842,3,1,4,4.961959598260141,27,HumanEval_27,1.0
0.1850557049355385,8.43901538848877,humaneval,2.8,2.972754001617432,3,1,4,4.029833864347714,28,HumanEval_28,1.0
0.1092995060727191,8.439016342163086,humaneval,2.8,1.809295892715454,3,1,4,2.804476535608301,45,HumanEval_29,1.0
0.2377636995911598,1.780746340751648,humaneval,2.8,3.8882088661193848,5,1,5,3.835766070778916,33,HumanEval_30,1.0
0.0597475823060627,1.780746340751648,humaneval,4.2,8.674907814711332,10,1,6,1.9585253152470663,59,HumanEval_31,1.0
0.3534049525570575,1.8263619542121887,humaneval,15.6,13.376764390617607,18,2,13,1.9976935608609787,175,HumanEval_32,0.0
-0.0165321052514223,8.439016342163086,humaneval,4.2,1.2671940326690674,5,1,5,4.530241015391774,42,HumanEval_33,0.4
0.4284035866666171,1.7797021865844729,humaneval,2.8,2.6411757469177246,5,1,5,4.086451215061875,26,HumanEval_34,1.0
0.1461026043340098,1.780746340751648,humaneval,4.2,7.796583712100983,9,1,6,2.4658511551101148,48,HumanEval_35,1.0
0.0503033745851482,8.425043106079102,humaneval,13.4,20.599177181720734,11,1,11,2.773369860145257,103,HumanEval_36,0.0
0.0017557995500586,8.425043106079102,humaneval,8.4,10.82239454984665,11,1,8,2.3137279319865662,102,HumanEval_37,1.0
0.1383996379136204,2.1016547679901123,humaneval,15.2,17.566411370411515,20,2,13,1.866175461512731,153,HumanEval_39,1.0
0.0600483632290564,1.78778076171875,humaneval,8.2,42.40653937309981,10,1,8,1.8121958615512528,95,HumanEval_40,1.0
0.2573160550867517,1.7797021865844729,humaneval,2.8,7.198123455047607,5,1,5,11.941133853248562,26,HumanEval_41,1.0
-0.0063981321970156,8.43901538848877,humaneval,2.8,3.331949234008789,3,1,4,5.820273294842188,30,HumanEval_42,1.0
-0.0723049033883592,8.439016342163086,humaneval,8.2,35.13453596830368,7,1,7,2.720546446410282,67,HumanEval_43,1.0
0.179640193421316,1.780746340751648,humaneval,5.8,5.360771782696247,9,1,7,2.4185111672744246,56,HumanEval_44,1.0
0.1718806280754506,1.7797021865844729,humaneval,2.8,3.126573085784912,5,1,5,4.279740658399411,28,HumanEval_45,1.0
-0.0116920005775203,8.425043106079102,humaneval,8.8,12.686785206198692,11,1,8,2.343993029113478,101,HumanEval_46,1.0
0.0051443102869759,8.425043106079102,humaneval,4.2,10.096167892217636,7,1,5,1.765448920232095,85,HumanEval_47,1.0
0.1447980544529855,1.780746340751648,humaneval,2.8,10.881244696676733,8,1,5,1.9522839231441864,58,HumanEval_48,1.0
0.2492934129910455,1.780746340751648,humaneval,4.2,5.2154029458761215,8,1,6,3.2494314617304667,50,HumanEval_49,1.0
0.0406859974436303,1.780746340751648,humaneval,4.4,3.35881781578064,6,1,6,2.957388922899874,55,HumanEval_51,1.0
0.0165243501089409,8.439016342163086,humaneval,4.4,13.600368447601795,6,1,5,3.715051933536524,42,HumanEval_52,1.0
0.50727999460993,1.7809771299362185,humaneval,2.8,0.5210486054420471,5,1,5,2.9548617957112544,25,HumanEval_53,1.0
0.2702117353134478,1.780746340751648,humaneval,2.8,5.126750469207764,5,1,5,3.30419288737413,38,HumanEval_54,1.0
0.1499740952698915,1.780746340751648,humaneval,2.8,3.249155942350626,9,1,5,1.7169980364624835,59,HumanEval_55,1.0
-0.0036590393292092,8.439016342163086,humaneval,5.8,22.787245705723763,11,1,6,2.6116649403075027,73,HumanEval_56,1.0
-0.0461528155590511,8.439016342163086,humaneval,2.8,6.116400063037872,5,1,4,3.820690663524512,42,HumanEval_57,1.0
0.0199647599984018,8.439016342163086,humaneval,5.8,18.232540529221296,8,1,6,2.42645458720677,70,HumanEval_58,1.0
0.0996524732904103,6.244968891143799,humaneval,8.8,11.85417772643268,14,2,8,1.8815271147680857,121,HumanEval_59,1.0
0.3395698844738629,1.780746340751648,humaneval,2.8,4.353872776031494,5,1,5,3.374360678312949,31,HumanEval_60,1.0
0.0795514406756196,1.780746340751648,humaneval,5.8,20.773807264864445,13,1,7,2.214685880141431,76,HumanEval_61,1.0
0.0353775860189839,8.439016342163086,humaneval,2.8,3.975896596908569,3,1,4,6.585058845269979,33,HumanEval_62,1.0
0.0483497933601029,1.78778076171875,humaneval,5.6,5.787938177585602,11,1,7,1.963992256141028,88,HumanEval_63,1.0
0.0331263279062293,1.78778076171875,humaneval,7.199999999999999,6.841166406869888,9,1,8,2.304342237925918,89,HumanEval_64,1.0
0.107159162387748,1.780746340751648,humaneval,9.2,22.46976973116398,9,1,9,2.6927098367780515,69,HumanEval_65,1.0
-0.0768414534604511,8.439016342163086,humaneval,4.2,7.922906950116157,4,1,5,5.566730645890638,44,HumanEval_66,1.0
-0.068954825756902,8.439016342163086,humaneval,9.0,25.455965101718903,7,1,8,4.430199177705068,61,HumanEval_67,1.0
-0.0500900441747424,8.439016342163086,humaneval,6.999999999999999,18.67710244655609,6,1,7,3.2999398400378577,76,HumanEval_68,1.0
-0.0361403879263283,8.425043106079102,humaneval,10.4,23.586182236671448,12,1,9,2.8728200700510342,90,HumanEval_69,1.0
0.087716647356717,1.780746340751648,humaneval,5.8,9.184024646878242,10,1,7,3.237999179031636,67,HumanEval_70,1.0
0.020721641741693,1.78778076171875,humaneval,7.199999999999999,13.141393527388573,10,1,8,1.6982759962183376,103,HumanEval_71,1.0
-0.0421825120171818,8.425043106079102,humaneval,8.8,28.976232782006264,12,1,8,3.2894920792117714,84,HumanEval_72,1.0
-0.0608572897236344,8.439016342163086,humaneval,9.0,25.179345935583115,7,1,8,2.914203249117304,64,HumanEval_73,1.0
0.0715780313891757,1.78778076171875,humaneval,8.8,30.86145005375147,16,1,9,2.2725881093507185,92,HumanEval_74,1.0
0.1161667372081552,2.8910595178604126,humaneval,12.8,30.1993488073349,22,2,11,1.7078582820850334,159,HumanEval_75,1.0
-0.1027507864374427,8.439016342163086,humaneval,7.199999999999999,18.2382797524333,8,1,7,3.628972576908117,69,HumanEval_76,1.0
0.0358495502603343,8.439016342163086,humaneval,4.2,2.998405694961548,4,1,5,3.9335647419699473,42,HumanEval_77,1.0
0.0038973179995082,1.780746340751648,humaneval,9.0,27.30550353974104,10,1,9,3.429134448007308,78,HumanEval_78,1.0
0.070000825279359,1.780746340751648,humaneval,2.8,4.6034345626831055,5,1,5,6.467173596514579,36,HumanEval_79,1.0
-0.046581735054889,8.425043106079102,humaneval,8.8,37.91656272113323,10,1,9,2.328732388332737,95,HumanEval_80,1.0
-0.0065497294280069,8.430657386779785,humaneval,9.0,36.33465440198779,33,1,9,1.438251647471357,315,HumanEval_81,0.8
0.0331345751927402,1.780746340751648,humaneval,8.8,23.22126180306077,11,1,9,2.4905752465919933,69,HumanEval_82,1.0
0.0808704036693924,1.780746340751648,humaneval,5.8,15.56463661044836,7,1,7,6.487578971118271,47,HumanEval_83,1.0
-0.07511324259954,8.439016342163086,humaneval,2.8,6.87218713760376,3,1,4,5.6104490098743,32,HumanEval_84,1.0
-0.0826220234545568,8.439016342163086,humaneval,2.8,5.095687389373779,3,1,4,4.345285216359718,45,HumanEval_85,1.0
0.0915174975807806,1.780746340751648,humaneval,2.8,5.503476142883301,5,1,5,4.418258214641101,41,HumanEval_86,0.6
0.0405003861787038,1.78778076171875,humaneval,11.2,2.3431079387664795,12,1,10,2.5094923279061967,101,HumanEval_87,1.0
-0.0868980045252967,8.439016342163086,humaneval,2.8,4.608616828918457,3,1,4,5.246889665235262,49,HumanEval_88,1.0
-0.0554726728700802,8.425043106079102,humaneval,9.0,20.4835651665926,10,1,8,2.429749570564662,83,HumanEval_89,1.0
0.099554475583136,1.780746340751648,humaneval,4.2,2.6038074493408203,6,1,6,3.6040854576888384,43,HumanEval_90,1.0
-0.0777535172539569,8.439016342163086,humaneval,5.6,11.060978412628174,5,1,6,5.419840583418836,59,HumanEval_91,1.0
0.0563983704625187,1.78778076171875,humaneval,7.6,24.66119121015072,10,1,8,2.3432424004371946,84,HumanEval_92,1.0
0.0383850506978613,1.78778076171875,humaneval,6.999999999999999,3.1476001739501958,8,1,8,2.578399103074815,94,HumanEval_93,0.4
0.024064615513059,6.303664207458496,humaneval,11.6,12.9526896905154,17,2,11,2.848042186010902,141,HumanEval_94,1.0
-0.0229288698604289,8.430657386779785,humaneval,29.599999999999994,122.69003806635736,24,1,17,2.208302958204177,191,HumanEval_95,1.0
0.0181196561613914,1.78778076171875,humaneval,7.399999999999999,23.08424542099237,14,1,8,1.7668952719266964,93,HumanEval_96,1.0
0.160745466848042,1.780746340751648,humaneval,2.8,1.470689058303833,5,1,5,3.973908407350876,35,HumanEval_97,1.0
0.0632140848857279,1.780746340751648,humaneval,5.8,14.441658914089205,9,1,7,2.4820526517714,60,HumanEval_98,0.6
0.0292386373881488,1.78778076171875,humaneval,20.2,64.83956637606025,23,1,16,2.5091707185630248,149,HumanEval_99,1.0
-0.0790613703084764,8.439016342163086,humaneval,2.8,6.0310468673706055,3,1,4,7.137237015771432,33,HumanEval_100,1.0
0.0432827257947332,1.78778076171875,humaneval,13.4,35.900075666606426,17,1,12,2.4092119699654373,95,HumanEval_101,1.0
-0.0292834304950454,8.439016342163086,humaneval,10.4,27.355353355407715,9,1,9,3.3538236433570563,61,HumanEval_102,1.0
-0.0370691367283915,8.439016342163086,humaneval,8.6,21.382390320301056,8,1,8,3.983176184560585,72,HumanEval_103,0.6
0.0445771098788152,1.780746340751648,humaneval,5.8,20.720031298696995,9,1,7,2.9038798934290373,77,HumanEval_104,1.0
0.0279793290445452,1.78778076171875,humaneval,15.2,20.39642783254385,23,1,13,1.950115586609641,153,HumanEval_105,1.0
-0.0308650844101794,8.425043106079102,humaneval,11.2,32.9955108165741,13,1,9,2.182811059351001,106,HumanEval_106,1.0
0.0517989310990591,6.082347512245178,humaneval,8.6,11.666591014713047,14,2,8,1.7902873454541772,163,HumanEval_107,0.8
0.0034219525066543,6.886172294616699,humaneval,10.6,3.657770484685898,9,2,9,2.9947249596759136,116,HumanEval_108,1.0
-0.0342225032738318,8.425043106079102,humaneval,14.4,33.37429189682007,14,1,12,2.8686128475592136,128,HumanEval_109,1.0
0.0294504130698947,1.78778076171875,humaneval,8.6,27.501742001622915,15,1,9,2.101383045017236,98,HumanEval_110,1.0
0.0369336977975243,1.78778076171875,humaneval,16.799999999999997,48.71719143539667,17,1,14,2.644996891426937,120,HumanEval_111,1.0
-0.0238211356200884,8.439016342163086,humaneval,4.2,1.1473772525787354,4,1,5,5.238689314066475,49,HumanEval_112,1.0
-0.0640097939880094,8.425043106079102,humaneval,7.399999999999999,13.869761645793917,7,1,7,6.640487849296168,97,HumanEval_113,0.8
0.1192146990182766,1.78778076171875,humaneval,16.4,20.857276171445847,15,1,14,2.6063443371918025,115,HumanEval_114,1.0
0.3699221034223834,0.9352821707725524,humaneval,4.0,6.563817024230957,6,1,6,6.9243935385080295,41,HumanEval_115,1.0
0.0865820546168834,1.780746340751648,humaneval,2.8,4.655378818511963,5,1,5,4.089307686672371,40,HumanEval_116,1.0
0.0300189464107015,1.78778076171875,humaneval,10.8,28.14117703214288,13,1,10,2.084665259734181,114,HumanEval_117,1.0
0.0418786138301152,1.78778076171875,humaneval,10.6,42.69321820139885,13,1,10,1.927846912907359,147,HumanEval_118,1.0
0.1200100813365469,2.8456469774246216,humaneval,10.2,14.61061991378665,18,2,10,2.236489978687222,138,HumanEval_119,1.0
0.0582305608141059,1.780746340751648,humaneval,8.6,10.93604637682438,9,1,9,3.7262322106659913,45,HumanEval_120,1.0
0.087899003316321,1.780746340751648,humaneval,2.8,6.807899951934815,5,1,5,3.4818500305666564,45,HumanEval_121,1.0
-0.0549927580480774,8.439016342163086,humaneval,2.8,6.122804164886475,3,1,4,7.3417796826767345,39,HumanEval_122,1.0
-0.059163850303976,8.425043106079102,humaneval,13.8,29.988816514611244,16,1,11,2.445859005577046,124,HumanEval_123,1.0
0.0275502676563835,1.7888953685760498,humaneval,9.2,27.16488361172378,20,1,9,1.5558540381906505,195,HumanEval_124,1.0
0.0200072245584247,1.78778076171875,humaneval,7.799999999999999,22.93020263314247,10,1,8,3.453980009181933,82,HumanEval_125,1.0
0.0220944460511587,1.78778076171875,humaneval,6.999999999999999,23.1822030544281,13,1,8,2.235005059214441,116,HumanEval_126,1.0
0.0276382264638529,2.959082126617432,humaneval,13.4,10.502911473624408,20,2,12,1.935111163987102,150,HumanEval_127,1.0
0.0990626925397946,1.780746340751648,humaneval,7.199999999999999,10.718298763036728,8,1,8,3.7857307275795193,74,HumanEval_128,1.0
0.0160734662649052,1.7888953685760498,humaneval,25.0,72.39228119142354,31,1,18,1.6841470771787432,232,HumanEval_129,1.0
-0.002574873585642,8.425043106079102,humaneval,10.8,23.41723935306072,11,1,9,2.25958894233655,126,HumanEval_130,0.2
6.678861765457051e-05,1.78778076171875,humaneval,13.4,31.3271081186831,15,1,12,2.3050856073602666,99,HumanEval_131,1.0
-0.0099734597123252,8.430657386779785,humaneval,17.4,37.39982386678457,20,1,16,2.085944214219095,177,HumanEval_132,1.0
-0.1114095342133871,8.439016342163086,humaneval,7.199999999999999,13.763442248106005,7,1,7,4.01313826199985,50,HumanEval_133,1.0
0.0914597670453076,1.780746340751648,humaneval,5.8,3.3246986865997314,8,1,7,3.846292155067196,72,HumanEval_134,1.0
0.1768913899777236,1.780746340751648,humaneval,10.4,14.647511914372444,11,1,10,2.6398551536001023,67,HumanEval_135,1.0
-0.094001509052452,8.439016342163086,humaneval,5.6,5.67774772644043,5,1,6,2.700710380891638,77,HumanEval_136,1.0
-0.0025804466536514,8.425043106079102,humaneval,6.999999999999999,21.389518916606903,7,1,7,2.3248426046736945,117,HumanEval_137,1.0
-0.1194589118024817,8.439016342163086,humaneval,2.8,5.540294647216797,3,1,4,9.922125182113772,33,HumanEval_138,1.0
-0.0189054027947856,8.439016342163086,humaneval,5.6,5.2302878350019455,8,1,6,2.626690661553195,67,HumanEval_139,1.0
0.0230906907131491,1.7888953685760498,humaneval,14.2,41.99485856294632,24,1,12,1.776307118815739,197,HumanEval_140,1.0
0.0466067787993773,1.7888953685760498,humaneval,15.6,24.729878090322018,18,1,14,2.3976155327620137,159,HumanEval_141,1.0
0.0111928879638377,1.78778076171875,humaneval,9.4,38.78844545036554,13,1,9,1.9634595219424704,109,HumanEval_142,1.0
-0.042343206935547,8.425043106079102,humaneval,16.199999999999996,59.87166695669293,13,1,12,2.397645564244855,129,HumanEval_143,1.0
0.1275586686239974,1.78778076171875,humaneval,10.0,13.347184389829636,11,1,10,2.897137528982661,91,HumanEval_144,1.0
0.0918214388663362,2.8149670362472534,humaneval,9.0,2.86559971421957,12,2,9,2.8448548865258,105,HumanEval_145,1.0
-0.0410283009590688,8.425043106079102,humaneval,12.599999999999998,31.902919247746468,12,1,10,2.883192845759446,120,HumanEval_146,1.0
0.0007599554268918,8.425043106079102,humaneval,13.2,43.3194500990212,10,1,10,2.231532731672094,128,HumanEval_147,1.0
-0.0079274258782311,8.430657386779785,humaneval,10.2,32.45047137886286,11,1,9,1.7740343683702804,187,HumanEval_148,1.0
-0.0614146574669016,8.439016342163086,humaneval,10.4,22.67295137047768,8,1,9,3.308506976319888,71,HumanEval_149,1.0
0.0793057127443493,1.780746340751648,humaneval,9.4,37.51819311082363,12,1,9,2.634418557176736,69,HumanEval_150,1.0
0.0791090566907887,1.780746340751648,humaneval,4.4,5.48817253112793,6,1,6,5.744099082583527,54,HumanEval_151,1.0
-0.0295295421810199,8.439016342163086,humaneval,2.8,7.477048873901367,3,1,4,5.804125098585391,36,HumanEval_152,1.0
-0.0301472717603645,8.430657386779785,humaneval,8.6,20.55635252594948,13,1,9,2.4607336494521084,171,HumanEval_153,1.0
0.0895146258183788,1.78778076171875,humaneval,9.0,28.847063660621643,11,1,9,2.867073050798868,91,HumanEval_154,1.0
-0.050217028053549,8.425043106079102,humaneval,5.6,18.77103327214718,10,1,6,2.207062882458364,84,HumanEval_155,1.0
-0.0078017519785766,8.430657386779785,humaneval,13.0,13.42715620994568,16,1,11,1.812809466442524,202,HumanEval_156,1.0
-0.1052733972947131,8.439016342163086,humaneval,2.8,4.980001449584961,3,1,4,2.7379302398288594,57,HumanEval_157,1.0
0.1233972262651209,1.780746340751648,humaneval,2.8,2.152388572692871,5,1,5,4.137155781480859,39,HumanEval_158,1.0
-0.0843100929209454,8.439016342163086,humaneval,6.0,17.16178348660469,6,1,6,6.442823952626305,50,HumanEval_159,1.0
0.0339544568729076,1.780746340751648,humaneval,7.199999999999999,13.92031466960907,8,1,8,3.4741463173630978,70,HumanEval_160,1.0
0.0324307236537013,1.78778076171875,humaneval,12.0,29.30448051542044,18,1,11,2.4490415412613915,123,HumanEval_161,0.8
-0.0647910092171514,8.439016342163086,humaneval,4.2,2.1511048078536987,4,1,5,3.686103905867051,46,HumanEval_162,1.0
-0.0624960326567816,8.439016342163086,humaneval,5.6,4.998085021972656,6,1,6,3.2436615983137216,70,HumanEval_163,1.0
,,xcodeeval_apr,29.0,0.0,35,0,26,2.315087465424836,328,0a847d657fa59c50893184da6b9e02d2,0.0
0.1493920074117177,4.833271145820618,xcodeeval_apr,26.6,16.31157374754548,33,2,23,2.3511425100978984,250,0a4af5403bfb848d37aff50dbeefd085,0.0
,,xcodeeval_apr,27.2,0.0,31,0,21,2.442964213965885,302,0a9a248623cccedd9e3532b2f1abf9f9,0.0
,,xcodeeval_apr,26.2,0.0,38,0,21,1.3662604649864678,865,0a259a386930adfffdd7990a4b7e2450,1.0
,,xcodeeval_apr,19.0,0.0,37,0,16,1.6512780960971811,346,0ab1e2ed5574bd0349b31b93bccf983c,1.0
,,xcodeeval_apr,29.2,0.0,45,0,27,2.002985757049854,326,0c4e8ea1b73ad99ef27d3b3af7409b15,0.0
0.3862236195011787,0.7503709197044373,xcodeeval_apr,40.4,47.894183713942766,45,1,33,2.1540069029002518,371,0c2a4ce963877f827ffec3ac13c850df,0.19999999999999996
0.4100532797774835,0.8260648731916262,xcodeeval_apr,30.2,5.346539419881689,105,9,29,1.275425522232864,978,0cc18af88d3b9ee747c5c33380c88a1a,0.0
,,xcodeeval_apr,24.2,0.0,70,0,24,1.299196003968621,968,0cb83a2555716028834a6f3f2c4939fd,0.0
0.3046559133224556,0.2924017055435115,xcodeeval_apr,59.8,1.7563861255766824,99,7,55,1.715453797810608,1076,0f2e072d7046b8ca609211c9046f550d,0.0
0.5656540293445453,0.5096818599849939,xcodeeval_apr,99.8,4.463679908050431,166,10,98,2.376653539628487,1542,0f71c4368a228f47e3b753015a08f619,0.0
0.4669391209456331,1.770892612636089,xcodeeval_apr,39.8,5.226560684852302,51,4,39,1.918139410068489,498,1a0dace4675eb7d5f4a21814c0c6c1df,1.0
0.2793682482528779,0.7505083084106445,xcodeeval_apr,41.6,52.39425246603787,67,1,45,2.039712197594465,559,1c8ad28d9cf0492cc51ab32821f5eb78,0.0
,,xcodeeval_apr,29.8,0.0,38,0,24,1.82852574521288,293,1faea68112aa60cf1c1479588dbb37c0,1.0
0.369725487785013,2.654935948550701,xcodeeval_apr,36.6,46.65137093979865,62,4,32,1.4388496102891843,559,1a527ed46ec62cfe9f1920fbe7c55dca,1.0
0.7209353534655991,1.2710481782754262,xcodeeval_apr,44.2,7.87234565243125,63,6,44,1.9583507571624368,452,1e3221574a20015050613f558d86432e,1.0
0.0,7.178250312805176,xcodeeval_apr,45.0,152.08005999401212,76,1,37,1.5735549624156095,797,1be7c4d0f37ca584f9115b749b15a16f,0.0
0.5225364745099765,0.4058824657048616,xcodeeval_apr,82.2,7.411186229585755,128,18,76,2.073605648906492,1253,1e5dbacad5f2fd4f783ccbb15f23b6ae,0.0
0.3295923183052605,1.4210953058307216,xcodeeval_apr,92.8,14.840611581674072,168,13,78,1.6144458814304414,1707,1f94fcba72e7fb12eea1147cd97ae811,0.0
,,xcodeeval_apr,72.8,0.0,71,0,44,1.7105805921666182,1048,af1f0d31a17baec242ce9718628ae948,0.0
0.2790621871569204,1.4204480946063995,xcodeeval_apr,34.2,4.876463074237108,45,2,31,2.1593167138415423,362,cd01a2751776ec24575ec3f9167a5e29,0.0
0.2189250286677569,1.8539939920107524,xcodeeval_apr,47.2,57.02087530680001,50,3,37,1.865377136552527,625,e1ddbb7cff37072df2770baa68fde0bf,0.0
0.4563412065861432,0.5154854900079044,xcodeeval_apr,96.6,6.421732747179339,235,24,105,1.675279644148946,2124,02cbfd35328b260c8996cec42b25e1d6,0.0
0.5280631198744165,0.2315014444291591,xcodeeval_apr,70.4,6.002789417468011,78,10,57,1.9800064286250325,837,2b8a1baf96a4d99d6f67599cef777139,0.3999999999999999
-0.0196594115612762,6.5415568351745605,xcodeeval_apr,17.6,2.9742057621479034,44,1,20,1.5548974973453005,371,2ed50efd2368ef0b23398120c0581772,0.6
,,xcodeeval_apr,33.2,0.0,38,0,26,2.0661458688818075,317,2f40947c7d85105c15f76185179c0d4d,0.0
0.5220756546323699,0.7034011414202024,xcodeeval_apr,58.0,2.622684925282374,114,13,64,1.606808109159939,1116,2c9d9cfa45878b5292a3266125e1a7cc,0.0
,,xcodeeval_apr,51.0,0.0,48,0,36,2.0558529024037875,421,aaf2fba1a77f6f9c7742f86a206003a9,0.0
0.3354286784241493,4.07970666885376,xcodeeval_apr,33.599999999999994,13.0690975561738,46,1,34,2.216483017598943,310,caf2bceb41cba04631b90034f11dfcf3,0.0
0.6332593560999704,1.0656838555421149,xcodeeval_apr,97.4,13.442531679570674,144,7,92,1.9434615159330475,1060,b2bf3f1b0eaefeddafad22029237a6f0,0.0
0.2460263126829107,3.8842408657073975,xcodeeval_apr,15.0,4.592920303344727,104,1,24,1.0681932328594712,2927,d2fb78be092c18bda86a19d018485248,0.0
0.5440260610263832,0.1925285614539461,xcodeeval_apr,53.6,2.867327759908221,113,10,49,1.7149952464249174,1036,fc2d3f812b4cb6c6ea3b66109f7e240a,0.0
,,xcodeeval_apr,41.0,0.0,41,0,32,2.2203157742855084,416,3bbb9d4a866e7502b6f77c0a77560a23,1.0
0.8188364261740764,1.4383763074874878,xcodeeval_apr,89.0,5.575723648071289,101,1,78,1.6360779380676858,1427,3cbf5d1d37a9faa75a12c55847ae115b,1.0
0.5979856840005924,0.5628302425228123,xcodeeval_apr,59.0,1.002675282095879,127,11,55,1.4538932228909531,1247,3b5c205e1bba9f1efa57101bdf7bee17,0.0
0.2728927495160361,2.432156454771757,xcodeeval_apr,55.39999999999999,58.01660777286937,69,3,41,2.1169718555363515,524,3d5e411ca4e69197adb1d22530c299e9,0.0
1.2886546445987754,0.3863626718521118,xcodeeval_apr,42.6,14.884857550263405,49,1,43,2.3269307163618613,380,3f386ae38bf31cbf63779ad2cd748fe5,1.0
0.0719827254820414,3.966559618711472,xcodeeval_apr,29.6,9.32999955303967,36,2,25,2.227378980102421,262,a3ea2651ad122b6e1c2b1078ac425a2a,0.0
,,xcodeeval_apr,30.0,0.0,40,0,27,1.7695270953334816,323,afb3d6257bfe97d9995b2031696b4274,0.0
0.0635506136127577,1.9541083574295044,xcodeeval_apr,34.4,11.866100002080202,37,1,27,2.063745345936621,341,bb3e8ab15053e7c6e29f4fb6a5c0315f,0.0
0.3440312305143845,0.8799730539321899,xcodeeval_apr,45.0,83.75106471404433,44,1,34,2.2794947280842197,360,c3f8174f6b7700c82b604afbfe414c82,0.0
,,xcodeeval_apr,30.2,0.0,36,0,26,2.323599323539636,244,c3b6bb4616bed8f2f2ed851ba16f77c9,1.0
0.4711167854140526,0.7157735030509924,xcodeeval_apr,156.39999999999998,8.536173869951574,219,19,139,2.581917794144024,2046,bd3e33525a75c2256e4b8db404b4d818,1.0
0.4069722088463521,0.7235640764236451,xcodeeval_apr,37.8,7.826043300703168,67,5,33,1.6312757634838262,801,f3f22dc4ffd493236c3f94c9b219022f,0.0
0.3547956628126225,3.463916599750519,xcodeeval_apr,38.6,10.922597289085388,56,2,42,2.1569435484486417,370,4b2c5878c3c228ed67cc0e4c4b804eac,0.8
8.256034683822967e-05,7.178250312805176,xcodeeval_apr,62.8,83.56039359234273,69,1,52,1.9534826751577468,524,4dfbdce093c5b431e0b8e1c8bcfcc3c1,0.0
0.5105861862716722,0.8160474186434465,xcodeeval_apr,112.0,4.412138501182199,167,17,103,2.415586324186356,1612,4fc0fcdef3f6c3e4f9b573dfcec0bbac,0.0
0.2680676768411196,0.4248320639133453,xcodeeval_apr,62.2,7.648546258867201,103,10,59,1.936551246409649,818,4be6f07595f29a3a119b84d877518f0f,0.0
,,xcodeeval_apr,33.8,0.0,31,0,26,1.9935494697966167,284,aadfd4a381651013a12982168fa5fb89,1.0
0.2286281426780603,1.1923816899458568,xcodeeval_apr,47.8,9.67358560860157,76,3,54,3.4595078856298,435,d4b28538ec7c2abb43542521f6a528c1,0.8
0.0,7.178250312805176,xcodeeval_apr,53.2,178.11289713717997,56,1,38,1.940217559933208,600,d4e8227384b77cede13cd76b75d1e499,0.0
0.2931745584080705,1.568044126033783,xcodeeval_apr,70.6,37.05788746351997,128,3,84,2.346830392888636,802,05c4264379484a1178d718ca95edf791,0.0
0.038666169154357,6.551703453063965,xcodeeval_apr,24.0,64.79613280296326,35,1,18,1.940865377441645,309,5a2ca94f1bc555cca8abd7a3c57e718b,0.0
0.1532441209629062,3.751736799875895,xcodeeval_apr,35.0,37.04993522415558,42,3,28,1.9463288155720624,406,5e8729ee5f3adf6329c30626bbd23797,1.0
0.2054758500734654,0.9483383297920228,xcodeeval_apr,29.2,37.637642711400986,35,1,24,1.360669755388409,866,5e2bd11e0039393ff31adee0fc43597b,0.0
0.3811644366974812,0.1745500216881434,xcodeeval_apr,38.0,33.35844022408128,47,3,30,1.9892444808787464,291,5ae5052c84f25982eae7833b4272eac8,0.0
,,xcodeeval_apr,31.2,0.0,32,0,26,2.229621974630208,290,5d0cbf0f6d4bc37001f0e333dd97d80d,1.0
0.5523917079477024,0.4319256912016176,xcodeeval_apr,27.4,1.1554763736429676,81,12,27,1.3609196382816255,872,5eaae85001c311d8a5777b85cd772b91,1.0
0.2626899344694591,0.3232228669367032,xcodeeval_apr,86.19999999999999,15.84435983998701,129,8,65,1.7482165946080517,1282,5ec03f9fa4d2ff08e70b7eec415dd92d,0.0
0.4564355567256565,1.3536015805089847,xcodeeval_apr,52.6,10.592282167077064,47,5,40,2.5925630359964185,469,5e9c7fb6230a67a0d18a18fed4bad539,0.0
0.2825826038327068,2.3502018451690674,xcodeeval_apr,51.2,5.622190117835999,45,1,40,2.4107758115633398,447,b5ea850ffc5fca39d01d6d4f871c4c24,0.0
,,xcodeeval_apr,29.4,0.0,54,0,28,1.6778013372875822,431,cc5af6190dc013b8ec6c4d9493d93dc1,0.0
0.0796756269467506,0.0029164897277951,xcodeeval_apr,28.8,87.5065778940916,42,1,21,1.6994219346277517,376,ce5de6a9ce9ca6b6e2067b292a4e2a27,0.0
,,xcodeeval_apr,29.4,0.0,52,0,31,1.949380236569487,418,e5e40485a3967a6a8710c1ec1d02e88f,0.0
,,xcodeeval_apr,36.8,0.0,33,0,27,1.8540809761264752,474,f5e6604f3e1e34c9eb3366f1fd41479c,0.0
0.1203491585972676,7.305135726928711,xcodeeval_apr,25.4,35.76658921316266,33,1,24,2.130286938981349,239,f5c0bd0fcc8a29014c284059d3ed26e1,0.0
0.164704776565015,2.669052600860596,xcodeeval_apr,26.6,5.338359872810543,36,2,25,2.2444904249827617,247,6b7e960192d33cd0ef5ba4262a528628,1.0
0.2783330751598611,3.051253775755564,xcodeeval_apr,41.2,33.446783270686865,40,3,31,2.3049061164442635,295,6b3b8565b17969a34304bc09d0bc9f25,0.0
,,xcodeeval_apr,38.2,0.0,44,0,25,1.9611842307217628,284,6d4eb9e26a39eb62a137b8fa5e9a5c56,0.0
0.4835306328499602,1.2715539678931236,xcodeeval_apr,79.19999999999999,10.339169664867224,89,10,65,2.5723857492071494,647,6c3b149ab78bea6b5f2db1b7b639cbaa,0.0
0.2380513685428524,0.5025332031341699,xcodeeval_apr,88.19999999999999,11.779661582394814,143,13,70,1.8006899161960768,1055,6e483c2213298e68f16826d05b83d3f0,0.0
0.0003424698176483,7.178250312805176,xcodeeval_apr,45.39999999999999,4.926092147827148,40,1,25,1.502737233975363,447,6e80276c451b80aef12a9bd40bd8fad5,0.0
0.4043668039181325,0.2979574820195921,xcodeeval_apr,123.4,8.692704655442988,209,20,93,1.6024847090654395,1879,6c9e4c09de11e26baeccd29c11cc0e90,0.0
0.4060219672949585,0.3813329595141113,xcodeeval_apr,155.79999999999998,9.271900634118357,238,20,121,1.980521236586368,1732,6f811590428294dadfc0fa95af0da101,0.0
,,xcodeeval_apr,44.0,0.0,35,0,32,2.572412435940322,449,a6d672ff263a48e676f3e86a5cbd8c68,0.0
0.61885383994357,2.1805618660790578,xcodeeval_apr,27.4,5.290617740247399,42,7,25,2.1651705722051617,258,ae6ab21997b17c1f3bccf77ae8a05d8d,0.0
0.1305568620021584,1.4170182744661968,xcodeeval_apr,68.19999999999999,34.64458800603946,78,3,49,1.836313710591982,825,b6bc550da779a70fcabdc7fd57c7db63,0.0
0.6282264115089916,6.877189636230469,xcodeeval_apr,105.4,35.64733365178108,79,1,62,2.862671580502863,839,dd6d9005f2f1070a64443153fad62e6f,0.0
0.4514519397795585,1.1119955480098724,xcodeeval_apr,36.0,1.962836042046547,38,2,29,1.904507449318936,318,7b890d26150ea2a07d9143a191b29f43,0.0
,,xcodeeval_apr,32.0,0.0,34,0,24,1.5474896982914277,351,7c12ebfedb57c19c0dc26dd8f84ca23b,0.0
0.5958380250396337,1.3808642476797104,xcodeeval_apr,68.0,39.96318823937327,69,3,52,2.0844572978906752,579,7a695f4d491f7f9c0f7537a78dcde45e,0.0
0.4553165320400548,0.6260988806477852,xcodeeval_apr,29.8,7.558793280694065,39,9,26,2.019062946478218,355,7c4ae8e5241f26a450e536540622744e,1.0
0.1027314912542644,1.7736573219299316,xcodeeval_apr,42.6,43.67824611067772,43,1,36,2.7094833526251465,312,7d452b875f24fbcb7b84aac31e4eafe9,1.0
0.2471660093497485,1.8545588254928589,xcodeeval_apr,122.4,14.313613694161177,212,1,106,1.827275018763755,1919,7a08142525d086deabf7b4f878a9bab0,0.0
0.8468416720196339,0.6702717989683151,xcodeeval_apr,39.0,11.593257708474994,40,4,32,2.383523479056424,422,7d9791c45a5f8a6e4cc5e65e176f4786,0.0
,,xcodeeval_apr,54.6,0.0,53,0,37,2.042639154960512,514,7f5b4ee9f3c6f5861fa59c892bbd57d3,0.0
0.4217634956062677,0.2223632354289293,xcodeeval_apr,35.4,4.060682292561978,52,4,32,1.7618359404372672,487,7d8c237809774b9cddab5fdcbe2828f1,0.0
0.3938350190358532,2.145992418130239,xcodeeval_apr,38.0,10.61726586955289,53,3,38,1.9401551296702173,441,7e912126276d85dabf5351a78ea50597,0.0
0.2519437691258519,0.2242178320884704,xcodeeval_apr,51.8,56.87096730992198,68,2,40,2.0781007162159093,496,b7a77da71b8a358788ff83f3bd2493d2,0.0
,,xcodeeval_apr,24.8,0.0,37,0,21,1.7570873433321317,431,c7c224d908d220b5e797f2cc6365b677,0.3999999999999999
0.2396392232710213,3.3649190266927085,xcodeeval_apr,48.2,45.608203411102295,53,3,34,1.8576402758989847,467,c7f471bc01ac59d96c1c72bda1aafc7b,0.0
0.3530842751820778,0.954532515257597,xcodeeval_apr,53.0,42.49045214196667,62,4,50,2.0603674519755946,416,c7f9272f108b3c75e01bdd2289887786,0.0
0.855909137044359,0.6301478031180943,xcodeeval_apr,164.0,12.50410906248726,139,26,117,2.682433365067187,1496,c7cb2decc9277325426e89c84b5338d6,0.19999999999999996
,,xcodeeval_apr,36.39999999999999,0.0,37,0,29,1.827678754690697,376,ec7f93bef76bde4921c6b544a7eeafef,0.0
0.1762965142129876,2.1333789825439453,xcodeeval_apr,47.2,72.67504969378933,74,2,42,1.994841429351757,497,f07aeead401c530534d0eb40a99f09f5,0.0
0.3102872498706147,0.3105859711292851,xcodeeval_apr,75.79999999999998,5.224478544841986,110,6,50,1.5556706546912766,1163,f7b61130c5657a152329987c837cc95c,0.0
0.224872522380784,0.5084457695484161,xcodeeval_apr,52.0,3.529779011849314,56,2,42,2.301523120811964,531,08ed82de1b7607b793f2d4dc16f2ebf0,0.0
,,xcodeeval_apr,38.0,0.0,44,0,39,2.59414680115922,353,08fd0bac40d7c8c92af6dc49c1bd42fe,1.0
,,xcodeeval_apr,28.0,0.0,49,0,24,1.621818906638559,379,8cf8cccd5062af16ed0e5a8f0fbc95d7,0.3999999999999999
0.8548567287226065,2.0894045643508434,xcodeeval_apr,50.2,22.379541298374534,59,4,46,3.5140371475087337,414,8c8e0abab26344779e4982fc138b3b2d,0.0
0.781896705297351,4.377991199493408,xcodeeval_apr,44.6,8.584369327872992,48,1,35,2.094127176163073,463,8f2815bc7db9d00bb260d427edde2c0b,0.0
0.0001930004560447,7.178250312805176,xcodeeval_apr,27.8,28.41942848917097,33,1,26,2.298011863190212,261,8ca3dcb083fbd8da9934523e28edf339,1.0
,,xcodeeval_apr,56.19999999999999,0.0,46,0,41,2.011030491957367,402,8f0942a2e6d2ff2e0629d5fbe88fb9f4,1.0
0.2704843274035424,0.3263470747818549,xcodeeval_apr,80.6,9.54280099579641,116,12,75,1.9894397617263224,868,8c6a924f4c707fc096e56274fdc902e6,1.0
1.3555530887729088,1.1662585064768791,xcodeeval_apr,88.0,1.4436970949172974,74,3,61,2.0234812267670854,841,8a07f30ccaf81023fce598691a7de17a,0.0
0.4235977741440625,2.074334144592285,xcodeeval_apr,32.0,1.1304723024368286,45,1,30,1.9836563094127948,352,a8b7994d627ca39641c3ea25ad1d1d08,0.3999999999999999
0.4896842885169663,1.1933215935547274,xcodeeval_apr,124.0,8.6052948702188,206,23,108,1.9230798670257248,1981,b8e59010541e7ca6007c3d10db63c99e,0.0
0.3443339551143151,0.9670213311910628,xcodeeval_apr,65.8,30.95661170314997,121,4,71,2.264419147710246,728,d08c0a69f626700f30c71c25ebfa4000,0.0
0.1392139529009122,3.39167594909668,xcodeeval_apr,98.6,31.395294633693997,155,2,87,1.8263925777122745,1198,d8fa83ab4bfe2d9dd2476702e0bbb6a4,0.0
1.2774278604677722,0.8811255991458893,xcodeeval_apr,36.8,3.535169303417206,42,2,38,2.520927116822275,416,f8e8a7ffcead933c0e4b1fbaf30401b8,0.0
0.4444272355278296,1.3667122721672058,xcodeeval_apr,46.0,13.571231408044696,52,7,36,1.944598001960532,425,9c53e3b83ca39b0799420b580da3d144,1.0
0.4310507258832984,2.258092675358057,xcodeeval_apr,30.4,22.174989347346127,60,4,26,2.131467981115638,314,9cc62098072ee7ee6a1ad8c681c70984,0.0
0.0420127165195066,2.7212941646575928,xcodeeval_apr,53.0,137.2805800884962,55,1,38,1.886119691486696,507,9ed5fd39588ba4c0538789c081eba6e7,0.0
0.2413606441702832,1.020615480840206,xcodeeval_apr,90.2,27.039653480363388,125,3,81,2.4395766583036136,910,9fda7f3dab2ded9b89f21d19d154cdfb,0.0
0.283144464823817,2.78800638516744,xcodeeval_apr,47.6,28.72725265969833,49,3,37,2.0922494911991527,430,b9cb2fa7ae11d8d5d94f7dd1282cf99a,0.0
,,xcodeeval_apr,58.0,0.0,110,0,50,1.640160907507042,940,b9cef60e442f8aa9bfe6a91597b487cd,0.0
0.2903457133307724,1.0874714417235996,xcodeeval_apr,56.99999999999999,15.2251835836214,102,7,43,1.6277119817496004,960,be9d3ae8bb18671f4c1adf929f96a320,0.0
0.4221333271624326,0.4433598309755325,xcodeeval_apr,161.6,5.309086254293409,301,25,144,1.8876237399647424,2217,9ae00e2aa29b7f8c226bf6e5da311964,0.0
0.2576918991019847,0.7626272241274515,xcodeeval_apr,44.0,12.086773939430714,49,3,37,2.1594755364047398,521,11af814f5b8622f61c00969d6c397c5e,0.0
0.4021234875188833,1.593688193294737,xcodeeval_apr,93.0,19.52816671654582,92,9,77,2.8125416884924,928,a12ca9bacbbdf3ccdf6aa8319219a867,0.0
,,xcodeeval_apr,41.39999999999999,0.0,53,0,40,2.252429359866589,374,e12ebf4376c0db01c8797780e4851b6a,0.0
0.2344489401307057,2.0899717335899672,xcodeeval_apr,79.4,10.790115172664324,89,6,56,1.8335391662962373,1062,17f0b3b085d51cdd07f9a9b985e4e63f,0.0
0.0376293233009234,2.6497843265533447,xcodeeval_apr,43.2,132.16873672418296,41,1,32,1.8664114651300416,410,18bc1102ecab03ef5fa7fbe057d3f745,0.19999999999999996
0.6463419217958016,2.750657214472691,xcodeeval_apr,45.39999999999999,18.260914323851463,54,6,39,2.2800937983970293,350,eafd18db2a9e7c8a1a59b3f4b310df1d,0.0
,,xcodeeval_apr,59.0,0.0,68,0,60,2.461484646436912,504,19ea8f94c1bfd4263a9d0b5901c14afa,1.0
0.1860785787036674,7.040922403335571,xcodeeval_apr,41.4,81.49780786037445,41,2,31,2.329268489811529,359,20b75365468f914cf8b249d26ee51113,1.0
0.0057737093352296,2.760078430175781,xcodeeval_apr,73.6,236.26898355782032,74,1,61,2.4980572592760844,539,a21eb67bc9523774629550cc96c54883,0.0
,,xcodeeval_apr,44.39999999999999,0.0,45,0,35,1.8402080190757617,783,22f1cf57323c43c404bfc65204c8efd2,0.0
,,xcodeeval_apr,37.0,0.0,35,0,29,2.558087316136304,282,23bb56e411ef969a14f32bb681b4bf0d,1.0
0.1064430497723206,1.3145806789398191,xcodeeval_apr,43.0,38.03287787735462,46,1,35,1.951775844225704,477,23ed15fe1123b92ab148d441727eb10f,0.0
0.1288000724924127,0.8521692156791687,xcodeeval_apr,21.8,27.88539984961972,46,1,21,1.4125846370868382,576,24a7474e77a45f93e0b9c765983383da,1.0
0.2748506347309931,0.9016629656155905,xcodeeval_apr,58.0,9.964820263286432,84,3,68,3.831053958002987,546,24a74727b973aa1b2b9e2038dfadb3aa,1.0
,,xcodeeval_apr,58.19999999999999,0.0,69,0,51,1.972951897617876,611,af26b8653bf004c2482d9b849c26f7b4,0.0
0.0431888410531554,2.4967565536499023,xcodeeval_apr,26.8,62.34512434154749,36,1,22,1.8410196967844823,427,f26e4964c6743b90e2189ddfc91717b0,0.0
,,xcodeeval_apr,16.0,0.0,38,0,13,1.2876977519593504,296,27d4087baa6c2223e1dec48fec80617e,0.0
0.4093243645761771,2.2076906859874725,xcodeeval_apr,47.2,9.023800079710782,52,2,49,2.7386267983857446,505,27bb872e5d601c70a48313e6b336259c,0.0
0.2184080136834583,4.191369712352753,xcodeeval_apr,29.0,35.493397382088006,35,2,24,2.1389808962645267,281,d27bb43d78958db0b12fa86e51619f28,0.0
0.1428386701391098,1.3287172383732266,xcodeeval_apr,110.4,25.9745242591016,166,9,74,1.611059875412983,1587,d31d8a992a9b0c6180db36bbbf20cece,0.0
,,xcodeeval_apr,25.2,0.0,31,0,21,1.720816836989189,381,32aca3cfc4f70642de04320e1ed639d6,0.0
,,xcodeeval_apr,79.6,0.0,83,0,58,1.796208268649852,1072,35ecaadb5627c0de42ecfb98df6c6847,0.0
0.2505611366483177,0.8977914452552795,xcodeeval_apr,35.0,14.197851537416378,47,3,34,2.7234313893422746,487,cb37d2718d1ec19c389a8ee712990435,0.0
0.0685172238083782,5.483086824417114,xcodeeval_apr,45.6,54.00548090133816,57,2,35,1.995998169558698,388,cf41ec74b91f9151840ddee8d5a8bf2c,0.0
0.2793484538377832,0.4525564072615192,xcodeeval_apr,69.39999999999999,11.882750539574772,111,7,53,1.789735639383378,998,46e0483a5f522265a3385fad58058efd,0.0
0.0955042553873071,0.0762844532728195,xcodeeval_apr,36.6,5.0950833559036255,41,1,32,3.168063894212993,461,48b77e3c49a0819fd1bb159415e5c92e,0.0
0.0555195542002422,1.7598408460617063,xcodeeval_apr,36.2,83.74124352633953,40,1,30,1.951964404985285,502,bf49ecac7b1191ef86baee2fd171cb8c,0.0
,,xcodeeval_apr,37.8,0.0,32,0,24,1.784850583760193,243,51c40b142e5fd45ba62b6ddeb5c7e20a,0.0
,,xcodeeval_apr,36.0,0.0,42,0,27,1.7426159708410305,644,53dbf5b6d93b1642e82c5577803579e7,0.0
0.1177056416018889,1.5951323807239532,xcodeeval_apr,48.2,104.97563250921668,45,2,36,2.0899329877259567,414,53ce28a9aab1f9c8012536a49368320e,0.0
0.2448014079886351,2.106248673051596,xcodeeval_apr,83.0,36.3150168932043,77,4,56,2.488330878425201,744,b55a521e32699cea4aefbfe6de9d4641,0.0
0.2704416925764225,1.3828229590186052,xcodeeval_apr,57.8,16.137882471350686,51,7,43,1.766532573731923,805,58da40a588e738aa166a3a1bb7e70528,0.0
,,xcodeeval_apr,17.0,0.0,44,0,18,1.410606735784766,447,60c466895e32e72c6653069d82781ee0,1.0
0.2901834924969483,1.8089660984451257,xcodeeval_apr,37.0,7.878891748524135,99,8,28,1.355349708421817,959,61ae92d35659b2991d575ae82cc9b8d0,0.0
0.5233346306393453,0.5045545101165771,xcodeeval_apr,33.599999999999994,9.08211713284254,48,2,31,1.9881466951941436,468,61ffd14188437ee70c6e5a41e404a6af,0.0
0.0997677323802806,2.8544308319687843,xcodeeval_apr,46.6,34.710417930502445,150,3,37,1.4754940554669855,1008,64ad7db08d34ba6a08a8e34829c14025,0.0
0.280022418760196,0.3420673598136221,xcodeeval_apr,98.8,15.20232646333586,140,7,76,1.8878860264150867,1320,67aabc9d9b37adb2ceb79419a88b6b6c,0.0
0.4238288710199622,0.5879829035839066,xcodeeval_apr,25.4,4.9075651120219845,42,8,24,2.2052279266667347,407,71ca3182f5418b3677845cb4ead2550f,0.19999999999999996
0.240367399713259,2.0646945238113403,xcodeeval_apr,31.4,46.72435950860381,49,2,33,1.9796364726417055,391,72ac09502a33a60a332a4efff60870b7,0.0
0.1157501677964042,0.5587985664606094,xcodeeval_apr,46.8,33.6376948338002,62,2,37,2.012308166400844,465,75af54307e1fe0433eb887e3b3a418a2,1.0
0.1628543088381168,2.0627356469631195,xcodeeval_apr,31.8,24.42577921692282,43,2,28,1.9760534601596207,431,fa76a297955318641e881991bef953f6,0.19999999999999996
,,xcodeeval_apr,19.6,0.0,31,0,17,1.680458831215392,309,78e05e9a4e08ca3f4b02b6792b00c79a,0.6
0.4953733501405389,0.4385919037466738,xcodeeval_apr,330.6,10.476001532577154,583,50,224,1.4914848915647865,5373,78f799f7b1d9c5748df38ff437963c80,1.0
0.4030066818019421,2.004302889108658,xcodeeval_apr,49.4,33.9090444650501,65,4,41,2.051777121637384,476,abf81eda3f5cd03d20d6b5f92e28d8b8,0.0
,,xcodeeval_apr,35.0,0.0,43,0,25,1.6749786407216252,523,82a7fe09a7f4034354b090c185e9b71e,0.8
0.3033650049108554,0.4376464651225736,xcodeeval_apr,29.2,4.117724098025064,79,6,25,1.4168383931779742,823,acf84ff515d82a76b5d8f6119b13a138,0.0
0.1369647864264611,3.5450634956359863,xcodeeval_apr,125.2,45.45851159375161,159,2,86,1.8257640144144995,1253,d84a554abbf4c7048ac55d535f3c768a,0.0
,,xcodeeval_apr,61.4,0.0,66,0,48,1.8900455786279728,618,85b273dc341511dc0e2621a30a2ed680,0.0
,,xcodeeval_apr,60.39999999999999,0.0,48,0,37,2.1230699211381734,433,86ecfa4de6fe1fa1f1a66d99607f880d,0.3999999999999999
0.2279585578661537,1.4047648434837658,xcodeeval_apr,71.6,19.46461966400966,84,6,51,1.8820765977555585,809,ad87baab899ba039e8294973cbc4523d,0.0
,,xcodeeval_apr,72.39999999999999,0.0,65,0,45,1.8870288739265968,569,a88b8e3de7e102d4c16b557fe050a0e0,0.0
0.1227980796230382,1.6847609281539917,xcodeeval_apr,56.8,68.34468007925898,50,2,40,2.476478095607821,629,89cc8a702bc127a19bd5dcb22028e9b7,0.0
0.5569642591392218,0.3078263263996632,xcodeeval_apr,190.4,8.001981620637384,321,39,152,1.6342330343834337,2944,89addcdf4f25591a002254c1eaf15137,0.0
,,xcodeeval_apr,84.6,0.0,70,0,61,1.860905017932475,1042,92f498db3e82e53bd111a2d52dc589ee,0.0
2.2467782581886486,0.5742470373709997,xcodeeval_apr,49.400000000000006,3.0602632761001587,68,3,45,1.7239030198494385,627,93f39bb270dd9dcd4c19d09094c62603,0.0
0.4421172465573075,0.066692508144024,xcodeeval_apr,10.0,0.2113040696519116,57,5,12,1.1664404022630863,639,94df2866a8198f91d37ecec44b0ed969,1.0
0.2332972436264941,2.9816858172416687,xcodeeval_apr,36.8,12.430830220381418,40,4,30,2.2492759529264283,406,97db59d2975c38aca53ff068049ed9b8,0.0
0.0176072626438432,2.055457830429077,xcodeeval_apr,51.0,79.58648206479847,53,1,43,2.1346834702304336,396,fc98b0e4447eaebcecd11d9edbe22792,0.0
,,xcodeeval_apr,34.599999999999994,0.0,80,0,30,1.521966856027715,689,99dd150b0c283fc3347aafac29cf2798,0.0
,,xcodeeval_apr,20.6,0.0,36,0,21,1.8099313200549012,402,139f3a2c1741037468140b8fc4c9a606,0.0
0.3088999215487759,0.6849632732337341,xcodeeval_apr,82.19999999999999,19.93232861557044,100,8,66,2.058465187893882,853,bcae166f10457d58259a618890163845,0.0
0.2220120310084894,5.078623294830322,xcodeeval_apr,44.39999999999999,43.4278009980917,38,1,35,2.904741065037075,322,177b440ef2d6a394c5161ba7dee700f7,0.0
,,xcodeeval_apr,38.8,0.0,41,0,32,1.9336065121772728,286,189f169db892f6f1a031eeee843d2145,1.0
,,xcodeeval_apr,24.4,0.0,37,0,22,1.585001222002987,484,234b967d933b3f9b697da9238b9c01b9,0.8
0.5685403867947098,0.5604667882644208,xcodeeval_apr,127.0,4.195840035578133,269,13,151,1.9538212076490429,2444,259af1aa915366a5331b47a44a7c8325,0.0
,,xcodeeval_apr,45.6,0.0,40,0,30,2.2688941006060537,409,277d693cebd4ea5be8e06dab41c7220f,1.0
0.3892339512949083,0.4919949275049889,xcodeeval_apr,53.4,8.156652330952056,113,11,43,1.4947702303139732,987,278bfbdac1b6beb0db8767b4f65cf7e4,0.0
0.1519039686970284,3.217147201299668,xcodeeval_apr,82.79999999999998,49.81683623697609,64,4,54,2.17336156798041,546,0310c466d84df55e3d344715b6edee1b,1.0
0.2024798447932375,2.7701756209135056,xcodeeval_apr,52.2,25.23032765649259,70,4,40,1.883060408311476,638,ae318fa9ed75fe4d8111b446821ce642,0.0
0.6692806486948849,0.8813899598845865,xcodeeval_apr,80.0,3.496572610007466,115,16,65,1.640555383196958,1153,f335efafb7ff0c573792a20ef2614799,0.0
0.2421203530816914,0.985312635699908,xcodeeval_apr,63.8,33.194092214340344,69,6,42,2.318146964082942,630,345abc187effe006c08531f1c216c2f0,0.0
0.4433413311921761,0.0016759546603225,xcodeeval_apr,23.0,0.0630381528511255,88,5,27,1.3623587435416262,764,0379c7af26d34bdce00ba8678435dafa,1.0
3.236990392821076e-06,7.178250312805176,xcodeeval_apr,53.2,214.03408269956708,62,1,41,1.7919371256317764,1058,383d610c3301f84eb5b6455282b05865,0.0
0.0819400181633827,2.2669665813446045,xcodeeval_apr,42.4,75.77617649547756,50,1,37,1.7892705539644331,598,f383b9b8b56a4ecc3afd643772bdf6aa,0.0
0.3377709332696504,0.947486569484075,xcodeeval_apr,50.8,11.694926865398884,67,3,44,1.6904684916695287,663,505f02d1d9192fea9cd936dc618c9b9f,0.0
,,xcodeeval_apr,70.79999999999998,0.0,85,0,45,1.6012846812140424,983,509d59a56f6a6a9e67f5a55441fde43f,0.0
0.5033810517065351,0.021009559975937,xcodeeval_apr,54.6,10.993615856394172,86,7,44,1.6141512677543983,804,539c6b44fb15b4b829df54abc62b3fa2,0.0
-0.0002054648311662,7.178250312805176,xcodeeval_apr,33.4,9.55963546037674,31,1,25,2.421877166593472,357,ed642ee9236ac9879543f604fa2e3e69,0.0
0.1552358012952109,2.848520517349243,xcodeeval_apr,48.2,21.24229458812624,71,2,46,1.975351342746199,632,652d5e6ceafdb2d97232f47f94756231,1.0
1.0665642572695344,1.1440265476703644,xcodeeval_apr,56.39999999999999,1.5338658293088276,62,6,53,2.7820034883972826,540,ceb699d3bf7e1af97d6e43ec5f0d3891,0.0
0.4978488628551307,0.752218084037304,xcodeeval_apr,62.8,17.710069379044903,84,10,47,1.67062233225955,878,771cd1f2ef663e43d6779ada83e55d8f,0.0
,,xcodeeval_apr,35.4,0.0,38,0,33,2.2985515590832617,324,e776f48b614daa7a85f5d9bd48f08278,0.8
0.3176295659718671,0.2470856218151311,xcodeeval_apr,31.6,8.224676945741521,70,6,28,1.431180664103612,823,793bfc8a6b300f1c186c19f088e329cb,0.0
0.2054576446445876,0.8155282139778137,xcodeeval_apr,25.4,10.926584052387623,47,1,25,2.8993741272154154,448,d0881adf4b3f205e96971e16042559e0,1.0
0.5119834429151395,1.9928198158741,xcodeeval_apr,39.4,8.343605551868677,54,2,34,1.7920932637877882,461,0896ae2a0f8e23ff8fd7e98a48a88478,0.0
0.2298231216365338,2.20449461042881,xcodeeval_apr,121.6,34.180222800699994,129,10,92,2.4992781074799644,1303,db0918c4d0194e87b438e5a895ddf7ab,0.0
0.0022829651205929,6.5415568351745605,xcodeeval_apr,37.4,60.17405995048466,86,1,38,1.2927863328962208,1140,935cff1eac1c15f51ed1bb68655d1cab,1.0
0.2195479349523849,3.473273277282715,xcodeeval_apr,56.8,46.47999660670757,43,1,42,2.701540655112741,374,956f08440deb9c315a57520532700747,0.6
0.9022267071925204,0.9548572259289878,xcodeeval_apr,58.39999999999999,4.111562808177301,57,7,48,2.246371483808568,661,f974ef0d5cd4b19c44d38d6a3264f004,0.0
0.3819605002772732,2.275881012280782,xcodeeval_apr,59.6,8.416483126580715,66,9,54,2.595587109874988,687,fbc987ae303104ef45291e4e2f637541,0.0
0.8814267078986052,1.1622543334960938,xcodeeval_apr,35.8,12.75786916911602,46,1,36,2.05842862885698,401,b992c4d860fd528121410bdb484d9f22,0.0
,,xcodeeval_apr,42.6,0.0,42,0,35,2.2464840335632896,454,1032e7360b2262cb76e00a2c9e0a922e,1.0
0.4405446493163024,0.1165280688330881,xcodeeval_apr,38.8,7.918977816811093,98,10,32,1.368453131849663,972,1121e9fee053852bc3e62a5ba5baf808,0.0
1.0574004974255231,0.8266549871768802,xcodeeval_apr,48.0,7.837086770062645,48,13,40,1.9862611055956083,464,1446b5b520e817f147196be9a4968053,0.0
,,xcodeeval_apr,28.4,0.0,31,0,22,1.9050803900620592,390,d1578c96ad04b3f94fa9a67476bd3eb8,0.19999999999999996
8.543900939513334e-06,7.178250312805176,xcodeeval_apr,53.8,156.77976432815194,57,1,42,1.865790250720733,901,01777b686fb5dc304de894718cc7228d,0.0
,,xcodeeval_apr,61.39999999999999,0.0,54,0,33,1.8526019413195147,402,2117fbe005bec948baefc58383f2b162,1.0
0.2522053771079607,1.9819433859416415,xcodeeval_apr,40.8,6.467330348988374,57,7,37,2.556486070352361,477,2853a7d1fd4eb9d4a1932302026e8b90,0.0
,,xcodeeval_apr,39.2,0.0,46,0,34,1.9999002495827187,298,a2874d37a226d075e69a8dc3ec2e6d6d,0.0
0.1416013571968604,4.005908668041229,xcodeeval_apr,50.6,23.39056266844273,44,2,37,2.7054513882580524,421,3379e2d3c12c390c557ffb18fdfd19d6,0.0
0.3397168645536735,1.3622448059563794,xcodeeval_apr,28.0,5.361083767532061,71,8,24,1.3639197086779655,760,3496aa9ddd504949ee317757b0d41b28,0.0
0.0003177813008255,7.178250312805176,xcodeeval_apr,21.2,22.419489219784737,31,1,18,2.082433063493143,230,eb3614e47317955b8fbd84a3d09898e8,0.8
0.1589549250582946,0.1239827685058116,xcodeeval_apr,76.6,37.717797168996185,103,2,58,1.668576087389984,896,3767c338ddf1520462d7c603b61a9c9c,1.0
0.4933104893970398,1.1182684484759389,xcodeeval_apr,18.4,1.2571708058356308,59,7,18,1.3488115298865015,671,fb4041fb49101401f22c4c0a80da4a3f,0.3999999999999999
,,xcodeeval_apr,49.0,0.0,66,0,40,1.819300359847244,510,04722af43024fceb9223708fb1a58218,0.0
0.3271307822457,1.4641655758023262,xcodeeval_apr,58.8,14.563252137042582,75,4,49,2.396338974155752,638,adc5641a4f7117e9e44e9714557ed852,0.0
0.445136097192273,1.0012882085583652,xcodeeval_apr,170.6,11.198018646574337,302,26,173,1.8449710262483907,2505,6480d32924f1eb0a1f7ce684dabaf220,0.0
0.409665852008896,2.502546000480652,xcodeeval_apr,136.2,36.98599790907465,206,5,134,1.840032647249472,1922,7074c54af519d74f7e19d174ad8dcee1,0.0
-0.0001333332692201,7.178250312805176,xcodeeval_apr,30.2,3.257315397262573,40,1,33,2.30559991487711,366,7287bdfc34d5a4dc87b080f65f724369,0.0
,,xcodeeval_apr,80.8,0.0,72,0,59,1.8420414179208364,1074,f7287fce191127406467cf67d27f6129,0.0
0.2490978380575984,0.8732722463707129,xcodeeval_apr,56.99999999999999,66.63404877111316,61,3,37,2.016991407507539,548,7577b290ca5a6349ddb31b22b56b4933,0.0
,,xcodeeval_apr,38.8,0.0,83,0,29,1.4716784785750403,708,a7620b0d90cdf49fb01683962a1581fa,1.0
0.8079529476145075,1.2762598991394043,xcodeeval_apr,40.8,5.050351113080978,48,1,42,1.8069551003355773,515,e8897feace492d487838cc5ef1c18b5c,0.3999999999999999
-9.090815987934624,10.652918380603456,xcodeeval_apr,817.9999999999999,231.50782210070912,592,57,593,20215.760579274796,5935,08945c615abd9ac761e9c317a2b6389e,0.0
0.2092357280988098,1.3218101561069489,xcodeeval_apr,43.39999999999999,15.484725890681148,52,4,36,2.178252170013956,462,f9318a0cf62a5ddf7e3fae4e1bcf103d,0.0
0.2579245016954215,4.598808606465657,xcodeeval_apr,45.0,24.639192553857963,44,3,38,1.9943628734713807,343,ad9747c6ab9852cbbf0a3acb3d8c8e1e,0.6
0.2667110175042498,5.051087260246277,xcodeeval_apr,31.4,12.228828065097332,34,2,24,2.0346739515685592,339,9940e80eca40c4c98798415194319f3f,1.0
0.49595557814816,0.3170919483053846,xcodeeval_apr,21.4,3.5966637719590966,85,9,19,1.279419365692232,773,33943bdb03a4c1e11d01e43c75a45a07,0.0
0.0042820540413179,2.984902620315552,xcodeeval_apr,87.79999999999998,330.8932145666331,129,1,60,1.706979839460988,1292,34201c4b3f2948fba8ad2cc2c7f23c2b,0.0
,,xcodeeval_apr,22.4,0.0,49,0,21,1.6361263925134246,528,39230d34c3e78b307b5b3653585ca63b,0.0
1.707664320112679,0.7959099169820547,xcodeeval_apr,44.2,2.342428914138249,45,8,42,2.823670480707196,482,40708eb7d0403161ed599061c6b16267,1.0
0.444966501846029,0.0608030256524014,xcodeeval_apr,73.6,1.84545530804566,123,9,51,1.463302678097002,1125,d43243e027ea408da56e0e96c712d637,0.0
-0.0001474415552557,7.178250312805176,xcodeeval_apr,39.8,5.898540407419205,61,1,42,1.7634091397896468,529,48436a7f733f0c7f2640c93234130df2,0.0
0.4032364737301995,0.7824160375061082,xcodeeval_apr,36.6,6.774435789130318,109,9,34,1.301526506704926,990,61623f21aebc6e298f8c6bff0cb523f6,0.0
0.3333476507154433,0.7717338981679999,xcodeeval_apr,119.6,18.6095456244424,154,13,101,2.0347630042775813,1324,62964ce1c48adc8128af1998d5046a75,0.0
0.2133037664568595,0.7360920757055283,xcodeeval_apr,41.6,9.41974451765418,52,2,42,2.085449534958601,439,72819f5eac03756ff7053f151ca970aa,0.0
0.3646821948076047,1.60462482770284,xcodeeval_apr,39.2,7.595526477632423,62,6,33,1.749230920637373,436,76877da388bb362a2ef76e6236a73e59,1.0
,,xcodeeval_apr,49.6,0.0,46,0,29,2.2800951462771786,349,e78848ddcb130862a7b62d6e7216f210,0.6
0.2558514222155887,5.695983409881592,xcodeeval_apr,38.8,16.209348790347576,41,1,35,2.5058372195399685,344,c83171a525be8a43b6f852de621b5e71,0.0
0.5419386404058698,0.7122618556022644,xcodeeval_apr,105.0,5.324532063305378,101,5,72,1.7983548921819643,1162,85372f00ccb7f11007f714d9f94d2aec,0.0
,,xcodeeval_apr,25.0,0.0,46,0,24,1.5097726405859675,417,d96192b5f0318162b0eaba3d13bb2829,0.0
0.2464331866297828,1.2738545536994934,xcodeeval_apr,33.6,31.68495579622686,39,2,27,2.3842205228342546,336,c261699b5a2d15aeb5297b4baef38d3c,1.0
0.1354733931276371,2.4899107813835144,xcodeeval_apr,66.6,49.5264217928052,59,2,47,2.3710179219381056,662,b334651cd3d5771f6ffe03b2ef3b25ce,0.19999999999999996
0.8313181617083408,1.329482676461339,xcodeeval_apr,41.0,2.9959264559050403,54,8,42,3.208337437355841,424,a348277a84315febe2270aaac7f1754c,0.8
0.1267686117072483,1.479199767112732,xcodeeval_apr,68.79999999999998,41.57245918611685,63,3,45,2.042947850942258,713,552492a4bbeaa3b3109ada314f6b4399,0.0
8.853831996192348e-05,7.178250312805176,xcodeeval_apr,58.99999999999999,33.650424744933844,53,1,46,2.6210540081474742,683,575924d1f165ce6183cc6bc5a176a527,0.0
0.1027284425377675,2.6112398703893027,xcodeeval_apr,43.0,9.854551176230112,64,3,37,1.8191285898051417,669,974628d203147b735470453995aa1285,1.0
0.652400924630609,1.4952461540699005,xcodeeval_apr,87.6,8.144387769727754,86,15,77,3.160688684248355,887,f2214853a2e5bf90eaec98a49bb2ac92,0.0
,,xcodeeval_apr,32.4,0.0,39,0,32,2.073492121088623,275,d2762683b7b033ae25e01bf09fde3aee,1.0
0.0201921987711102,1.8096777200698853,xcodeeval_apr,51.6,120.09576523676516,46,1,38,2.1715783615885216,307,e2776114d36b1bc1a60f09285ccf7a36,1.0
0.3182283647732843,0.2984431494933233,xcodeeval_apr,66.4,14.884772966278252,113,8,51,1.5887854910351766,1070,3612891f5f829897ce42fb1be61ccc3a,0.0
0.545370582550701,2.470197319984436,xcodeeval_apr,33.2,2.988804697990417,58,2,39,2.122404401739927,581,c3718098d46bf67850bc97f33942cfa6,0.0
0.5364440796504575,4.224053502082825,xcodeeval_apr,41.39999999999999,27.223936535418037,41,2,34,2.3979138090590277,296,4343686f06548766f56bdb66a3e03499,0.0
0.6036079516006091,1.3654216329256694,xcodeeval_apr,24.2,5.477200741879642,52,6,24,1.6235430418639205,591,f4433701d734d739e8163f52ffd9b0b5,0.0
0.2618324818280022,3.2202595869700112,xcodeeval_apr,57.8,25.70293104473967,61,3,56,2.3718207648922256,579,8802713b64df24461c8143495c4b405b,0.0
,,xcodeeval_apr,35.0,0.0,55,0,40,2.555142079624935,288,cc44585450d530e82d43b5471d998a2f,1.0
,,xcodeeval_apr,40.2,0.0,36,0,31,2.805645726197169,280,74163044ccb5c3f201dd83282c9f7560,0.0
,,xcodeeval_apr,29.4,0.0,39,0,29,1.726265124711204,365,97619024febb1ad3377a5567a72980fc,0.0
0.5470815115397069,2.70383195579052,xcodeeval_apr,54.6,5.78605758305639,77,4,48,2.111038434878685,825,0147973776fcfedad00743eae08fcef9,0.0
0.1273910210363114,1.6717073321342468,xcodeeval_apr,50.39999999999999,18.379445862956345,52,2,42,2.278833613536227,593,420482792a94aecf98126700f79013b4,0.0
0.3983617691734495,6.690642356872559,xcodeeval_apr,43.0,10.9278045296669,42,1,38,3.751456103419059,297,5508381044feb13e44de88c526faa461,0.0
0.2649989300915419,1.3029766013973534,xcodeeval_apr,38.4,7.590937774743257,110,9,30,1.3590396088210623,1037,760040564369a03a9bc8a78dbca24921,0.0
0.4421839129293754,0.0021999305894496,xcodeeval_apr,34.599999999999994,0.1822806841616208,83,5,32,1.4914878738840704,844,9519362299942a1f12d5f7ecf10d30a0,0.0
,,xcodeeval_code_translation,9.6,0.0,8,0,9,3.6279518019586874,103,0ae7bb23101b85871d39420b4b8f1025,0.0
,,xcodeeval_code_translation,1.4,0.0,2,0,3,9.39066136643272,35,0df7f7625d37884463f6ecec4d35e323,0.6
0.4041642896179557,3.2620619336764016,xcodeeval_code_translation,15.8,7.713860239833593,21,3,15,2.008217647098117,217,0c251095942230be0e2cb0df61659829,1.0
,,xcodeeval_code_translation,10.6,0.0,14,0,9,2.5268644777935654,130,0de5afa1aac9fa3ee7daae04ef25e11b,1.0
,,xcodeeval_code_translation,9.0,0.0,10,0,9,2.1113473056971728,81,0efc6376ee6f1b20adfdaf1e661db9b7,1.0
0.5888577330207815,0.4179313443601131,xcodeeval_code_translation,35.0,19.01407731790096,57,4,29,2.496499439787476,386,0cbc297c8715b2efbcc2c7bd1e98ac2a,0.6
0.1634045332938319,2.4967565536499023,xcodeeval_code_translation,29.2,26.769851699471477,28,1,21,2.1480725228520967,160,0c99e00c440eb84e6aef6d18e977b6ce,0.0
0.3906266423171877,3.844296962022781,xcodeeval_code_translation,33.599999999999994,9.44001381099224,62,2,32,1.358905533022215,803,0ac60ed75da30c0bc6d4c23185bd19ec,0.3999999999999999
0.1044040405133273,3.242675304412842,xcodeeval_code_translation,17.0,17.313738897442818,20,1,18,2.4921247531035537,194,0dcc4dcdd5a6ea97cc5bd203fa8617bc,0.0
0.6650157990699347,5.708601951599121,xcodeeval_code_translation,59.39999999999999,35.577499598264694,101,1,53,3.1950227857479803,578,0b89808a1534e5dd349fcd06e195071f,0.0
,,xcodeeval_code_translation,33.6,0.0,37,0,31,2.2999523827711,321,c0dd0a79eb63974a05de422f1526913d,0.0
,,xcodeeval_code_translation,33.8,0.0,41,0,39,2.820530377377845,246,c0e9762c5bd5653e6bd42f69e41567aa,0.0
,,xcodeeval_code_translation,6.199999999999999,0.0,8,0,8,2.364252696103778,106,df0ab6cea4b32bd0ae17f902cbd1e606,0.0
,,xcodeeval_code_translation,29.4,0.0,23,0,20,2.9044908657057986,181,e0d3b5602a8120e061e3f0f32a21b8b2,1.0
,,xcodeeval_code_translation,13.8,0.0,19,0,16,2.4014740275156825,170,e0e937b1e9ae8eb5a903c055cd27530e,0.0
0.0283446282133649,4.800755023956299,xcodeeval_code_translation,46.39999999999999,14.370416440069675,46,1,38,2.660192900712433,344,f0fcfe45ab60a87cc69c58238edf724a,1.0
,,xcodeeval_code_translation,35.8,0.0,33,0,28,2.169031798805964,270,1a61131da6ffdeb0c6dfbbd97d999461,1.0
,,xcodeeval_code_translation,13.4,0.0,21,0,13,1.9406981586266452,208,1b829e55eb24979c1210a2765f38db13,1.0
,,xcodeeval_code_translation,10.2,0.0,13,0,12,3.430278750494822,119,1d9481fd01acbae7c8fd3d21a1daca5c,0.0
,,xcodeeval_code_translation,10.8,0.0,13,0,12,2.116088658282352,213,1e41831839960ab90b13e2a5b45fe063,0.0
,,xcodeeval_code_translation,19.4,0.0,22,0,14,2.038915693166099,142,1ffd6dc415dbce46637c4ab1cece2230,0.0
0.1958429412943557,1.5689626534779866,xcodeeval_code_translation,42.6,17.108423839012783,48,3,36,2.84240678357263,372,1cbe48cdca5ba76721d4ddeed42e8a9b,0.0
,,xcodeeval_code_translation,38.0,0.0,54,0,34,1.6040539256037971,633,1ffd32a907dd7cfa3cd6c04642a7850b,0.8
,,xcodeeval_code_translation,34.0,0.0,35,0,28,2.1386947971424,288,a1a0dcc4f5205c620d2432150fc57019,0.0
,,xcodeeval_code_translation,12.599999999999998,0.0,10,0,11,3.261059914197569,73,b1c3b766f782f8dcdfe561631145db33,0.0
,,xcodeeval_code_translation,13.0,0.0,25,0,17,1.9013345018113403,144,bcd1ddb4c30653873f9f59e18c885c8e,1.0
,,xcodeeval_code_translation,7.8,0.0,9,0,9,4.972949313133033,52,be1db919446c5f1826acb35a3fb43933,0.0
0.5911669209181505,1.3916579484939575,xcodeeval_code_translation,66.19999999999999,39.7097615627572,67,3,51,2.0671093754743213,578,bdb1df1f2e2a7a9e41c4a518b3ff5c5f,0.0
,,xcodeeval_code_translation,2.6,0.0,3,0,4,13.000810521007168,46,ca1e13cb3a9d6f41b3c32fcdd58b33e1,0.19999999999999996
,,xcodeeval_code_translation,14.6,0.0,19,0,18,5.573046091244355,212,d1d31f94427e229a532276ad2474af03,1.0
0.0,7.178250789642334,xcodeeval_code_translation,11.2,5.3727888241410255,11,1,11,1.830743479953762,94,dc1fd9c8636f5c8fdeeb0a2e1890485e,1.0
,,xcodeeval_code_translation,18.4,0.0,18,0,18,2.9531016718968632,148,e1e00c39ad6eafc1dedc91bd76fa0e9e,1.0
,,xcodeeval_code_translation,20.6,0.0,23,0,21,1.928311038181222,242,e1ccdedc4adcff3c7e092dd30bc7cf6c,1.0
,,xcodeeval_code_translation,10.4,0.0,9,0,10,2.903236062504222,77,eb1ebcff08761d7266835de597275ee3,0.0
,,xcodeeval_code_translation,14.4,0.0,18,0,14,1.933678648979916,139,ee1f53138f75011c00045a88dbd80062,1.0
0.9492964062956162,1.5512874126434326,xcodeeval_code_translation,19.4,3.486469984054565,24,1,20,2.8928785624005364,147,efd1d3c38fb117e711911e1c05668897,0.0
,,xcodeeval_code_translation,1.4,0.0,2,0,3,6.420878659951863,18,f1e1270a9cfafcf34e36955009049c24,0.0
0.1249733321921667,4.0120192766189575,xcodeeval_code_translation,47.8,41.986535258591175,44,2,33,2.9658986685116493,370,f1c5f5d2610b54c0dcb2446b6cd08764,0.0
,,xcodeeval_code_translation,5.0,0.0,5,0,6,3.9518706335024367,62,faf1fb59e158215fdb6a02a21b6dd8f4,0.0
,,xcodeeval_code_translation,14.6,0.0,19,0,15,1.971600518776032,138,fea1c0a3bed5071cf86553c1e5fc7372,1.0
,,xcodeeval_code_translation,9.4,0.0,8,0,9,3.1396431103286897,40,02b065e71ea9750d9b0572e74a7dbf9f,1.0
0.1103610507254795,5.218009471893311,xcodeeval_code_translation,42.2,8.46220849454403,36,1,29,2.51000736613071,329,02d409b028d49b8cddd78ad304f1d53d,0.0
,,xcodeeval_code_translation,32.2,0.0,44,0,32,2.0719324449911567,298,2a3b799affce260fd92223fc6b490040,0.0
,,xcodeeval_code_translation,8.0,0.0,8,0,8,2.208032306417123,76,2ad6bed1841a5708f37a1443a124b903,1.0
0.0553889782019806,2.9885990619659424,xcodeeval_code_translation,17.799999999999997,32.0732361599803,20,1,14,2.0524415560343807,130,2b4d89d5ec323a8b3448b28a3d18bf29,1.0
,,xcodeeval_code_translation,13.0,0.0,18,0,12,1.3933506380284184,344,2d7d70f5fbc1ccf198a499e8a9ff6263,1.0
,,xcodeeval_code_translation,8.6,0.0,12,0,9,1.8157337365920183,88,2bec2326ca5bfba429dba84c103ad4ff,0.0
0.1398979957508533,4.135591506958008,xcodeeval_code_translation,10.4,14.35518055409193,16,1,12,2.764463286076466,105,2db5d5733e875eed176ed5122f648dc1,0.0
,,xcodeeval_code_translation,19.2,0.0,30,0,27,3.90199207044938,136,2b63465d16c05e5d176c56add334780f,0.0
,,xcodeeval_code_translation,9.2,0.0,10,0,10,2.2897939040967823,300,2df089654c873bc54b798666c4676daf,0.0
,,xcodeeval_code_translation,1.4,0.0,2,0,3,9.062437714186077,23,2f163e86450b7083819e8bbf64e5c168,1.0
,,xcodeeval_code_translation,13.599999999999998,0.0,15,0,14,2.0956413118330066,115,2ed7b5e1528e987cb519019cf00f5f6c,1.0
0.1640389301539999,0.3688537180423736,xcodeeval_code_translation,12.8,16.45841346681118,19,1,14,2.494799229171883,155,2e6cc01ae9440d51c687c8a4208beafb,0.0
0.082203627305173,4.74953818321228,xcodeeval_code_translation,76.4,47.60085578635335,67,2,60,2.7834314612337794,754,2dd963f592f95d7eedd74446e9652f5e,0.0
0.4135482363128257,1.1079980989918112,xcodeeval_code_translation,125.0,8.108103810343891,182,15,105,2.383383950723992,1701,2c786b87aed9e19fe1fa8c7e5c8ae65d,0.0
,,xcodeeval_code_translation,11.2,0.0,18,0,13,2.1290140317731585,128,a2bb8bf277c9a7e38fd36b0ab3be74dc,0.0
,,xcodeeval_code_translation,12.2,0.0,13,0,12,3.462765726867392,90,ac2f84308d46033d19414ee16873b462,0.0
,,xcodeeval_code_translation,27.6,0.0,21,0,19,2.918864952042972,177,be2f0ed114ca53f4e4c532c680f05048,0.0
,,xcodeeval_code_translation,8.8,0.0,18,0,13,1.7507996448662624,188,c2bea59ff04b0bd3b8c12d17030b80ef,1.0
,,xcodeeval_code_translation,5.4,0.0,9,0,6,2.722302750136814,88,c2ef9d39b36c9b81bafcc9a9cdb2a418,1.0
0.1959935128830026,3.716923326253891,xcodeeval_code_translation,15.2,15.934180602431296,22,2,15,2.59197793475316,182,d2a21bc1482870decf9f7c6317b170e8,0.0
,,xcodeeval_code_translation,30.0,0.0,39,0,28,2.0361952568779498,430,df2fe4eb4187b3bbd472b9ab1a676a70,0.0
,,xcodeeval_code_translation,25.4,0.0,48,0,25,1.833787400121484,469,fc2f723a58f8992f4db54a274d9a2f5e,0.6
,,xcodeeval_code_translation,21.6,0.0,19,0,17,1.7101134721681808,261,03d91f9bb004837a16fe2f4020dc7907,1.0
,,xcodeeval_code_translation,7.199999999999999,0.0,10,0,8,2.403461363404205,120,3b399bc13f31d7ac665a906c006042f4,0.0
,,xcodeeval_code_translation,19.2,0.0,22,0,16,1.847924903604084,241,3bc0934e1734bf115f59171f6e7ad02d,0.8
0.0,7.178250789642334,xcodeeval_code_translation,12.2,11.947722416371109,12,1,12,3.531214818445585,100,3bd87de4075648236097ef39f9aedbda,1.0
,,xcodeeval_code_translation,13.4,0.0,13,0,13,2.9210398874990613,160,3d778319fa000d948eb0c9f93b96a699,0.0
,,xcodeeval_code_translation,12.0,0.0,9,0,10,3.23120571293642,186,3d172c3789f5cf9bebda0efab4dbcc6e,0.6
,,xcodeeval_code_translation,12.8,0.0,15,0,12,2.3839968516474266,137,3e2bc178f89a166ea0f3e8292198aca4,0.19999999999999996
0.170412213292836,2.955444097518921,xcodeeval_code_translation,27.4,20.36834918707609,33,3,23,1.9177895385152035,248,3d4ab78f15cb725f09601b7bef5d2274,1.0
,,xcodeeval_code_translation,6.199999999999999,0.0,6,0,7,3.006237576638374,59,3e5c35298c1fbd2cb68ac0823a7abaae,1.0
,,xcodeeval_code_translation,45.6,0.0,45,0,29,2.3307043430753405,309,3e29ff4d7ad3511103148f5580ce26af,1.0
0.3571629420644918,2.6357558568318686,xcodeeval_code_translation,26.8,22.76147478818893,31,3,23,2.5543648633908798,208,3da7c97257365b92f2e3c1681932df61,0.8
,,xcodeeval_code_translation,12.2,0.0,12,0,12,2.7594714267681213,97,3e605aaccb3aa27f1dca25ac42496736,1.0
,,xcodeeval_code_translation,11.0,0.0,10,0,10,3.1874328977407567,95,3e99780ed87b76ac6d8e7253acf72309,0.0
,,xcodeeval_code_translation,24.2,0.0,23,0,19,2.3923513041471534,140,3f49896aa5427d9c37310cdf2e2d98db,1.0
,,xcodeeval_code_translation,9.0,0.0,10,0,10,3.2027338380272963,75,3fca6aaff2bb9708b0ff5d61951485d1,1.0
,,xcodeeval_code_translation,19.4,0.0,19,0,19,2.694401537741563,175,3ea4ebe483f09849972e54f07158f8d3,1.0
,,xcodeeval_code_translation,21.8,0.0,23,0,20,2.0946616314904625,326,c03fca164508f64ee6c9d23b2034d16e,1.0
8.603109626517612e-05,7.178250312805176,xcodeeval_code_translation,20.0,16.088786832988262,27,1,21,2.511873093024857,226,c3e8862d67c0290640698e99ef9c6aff,0.0
,,xcodeeval_code_translation,15.6,0.0,15,0,14,2.2632555654093425,112,cb3d87cabc9addea838283045613979c,0.6
,,xcodeeval_code_translation,23.6,0.0,23,0,22,3.8159591769633767,197,d3c687ff9f1e2d5778ef0513476bf1be,0.0
,,xcodeeval_code_translation,6.6,0.0,7,0,7,2.7004151309296547,57,da3abf19b7ef387466a9c7fd5850b9b0,0.0
,,xcodeeval_code_translation,5.8,0.0,5,0,6,4.845532135885889,38,fa3bb339e049096f839cf4ba8abd08d9,1.0
,,xcodeeval_code_translation,3.8,0.0,5,0,5,4.251955087867764,34,fcc3ce908cd130315b937ec46155af6a,1.0
,,xcodeeval_code_translation,21.8,0.0,25,0,18,1.9031802735833416,227,fdfacab3a62630ec4fa28ca77a3dc5cd,0.0
,,xcodeeval_code_translation,30.2,0.0,32,0,28,2.154122085376437,273,04b4e54084b93151383897a73537c412,1.0
-0.0002578548820955,7.178250789642334,xcodeeval_code_translation,23.2,10.202329069375992,22,1,20,2.2456767900052688,149,4a0d9fdb2f8cce93a73f95e60e8d1a4f,1.0
,,xcodeeval_code_translation,10.4,0.0,15,0,11,3.629457697274922,131,4abcf3c53555a6513832e581d2daddc2,1.0
,,xcodeeval_code_translation,13.0,0.0,15,0,14,2.556118464984856,99,4b13ad0802a7d3c3cdea191cf2d18818,1.0
0.0336280972325661,8.515498161315918,xcodeeval_code_translation,16.6,14.023355562239884,22,1,14,2.533922891844885,310,4a5950e17333189c0b580ffe9e0cf1ca,0.0
0.1210890330420517,2.1860575675964355,xcodeeval_code_translation,46.0,87.07330509647727,47,1,43,3.4099165750005493,318,4b2e18a331e01e1ae120ac59b747c8ba,0.0
,,xcodeeval_code_translation,42.8,0.0,48,0,32,1.999142043928394,471,4d90d0cdef1a876dd8f755ae66a4afad,0.0
0.2751986055504911,0.0224018413573503,xcodeeval_code_translation,36.6,32.77123945206404,50,2,30,1.880846702082984,336,4db21cf7bf6f209d3bf33810766a03f4,0.0
0.0628173495345188,6.512242317199707,xcodeeval_code_translation,26.8,11.60427050292492,26,1,24,2.590628160077939,327,a4fcd739a95a0a2d75114fb23e437a07,0.19999999999999996
0.295706202171484,0.7450607881881297,xcodeeval_code_translation,194.6,24.4699683073642,230,15,146,2.442906211861445,1977,a4cb7276ee9d2d10d87c179a0d8518ac,0.0
,,xcodeeval_code_translation,15.8,0.0,20,0,18,2.195462529636986,161,b004e39b937b9c1ad4b0251299f48968,1.0
,,xcodeeval_code_translation,5.199999999999999,0.0,5,0,6,3.096061274226596,69,c04b84f7ce8ac87b89a7ae65fb9a8c4e,0.0
,,xcodeeval_code_translation,18.4,0.0,17,0,16,2.2041261904056912,172,db4c686783828d5c8f44e6fd0512d7e6,0.0
,,xcodeeval_code_translation,2.6,0.0,3,0,4,5.638504115854419,22,dfba4d58de0e4ee02f95a789d5e6dba8,1.0
,,xcodeeval_code_translation,14.6,0.0,19,0,14,1.685241014118679,170,e4d7c1b12aca950f2bb52adf94d15eca,1.0
,,xcodeeval_code_translation,1.4,0.0,2,0,3,5.821166378914357,52,e4deed9eff4e19ba971d83a5f4c4f9e9,1.0
,,xcodeeval_code_translation,26.6,0.0,28,0,28,2.0594360169841464,350,fb4c18db409acbed597f35900f2fd6cf,1.0
0.4357890838560146,5.138241529464722,xcodeeval_code_translation,11.0,12.846069931983948,11,2,9,2.9265684815933413,60,5a179de1b51bf493e0d75176c034ec73,1.0
,,xcodeeval_code_translation,1.4,0.0,3,0,3,2.772906701672663,85,5afeb26d1c78585ec9e61a72be18e1f3,0.0
,,xcodeeval_code_translation,5.0,0.0,5,0,6,5.653856027240984,63,5b7d6b7433137cf435546d083382f4f1,0.0
,,xcodeeval_code_translation,12.2,0.0,12,0,12,2.029740616349121,105,5c5271b2dd83828c07e9c4c7820a72b4,1.0
,,xcodeeval_code_translation,18.4,0.0,21,0,17,2.019394904732816,147,5ba2789985ca77388eac0021778b0a43,1.0
,,xcodeeval_code_translation,10.8,0.0,23,0,17,2.903418281709723,134,5c1b33e5ce776e4dd5eff74b0c97b3e5,1.0
,,xcodeeval_code_translation,14.8,0.0,37,0,17,1.9273354421081783,276,5d2534cf865c2e35261f5d50a163ee60,0.8
,,xcodeeval_code_translation,6.799999999999999,0.0,7,0,7,2.953310975956917,81,5d4a9af0828545fa8752861c502fdd89,0.0
,,xcodeeval_code_translation,8.0,0.0,7,0,8,4.49926892917124,71,5da18f6900d759f5c199b2e736e20f56,1.0
,,xcodeeval_code_translation,3.8,0.0,6,0,7,2.692471129659267,46,5f56bb5231636fd0f33aad30632dbe43,1.0
0.0002950062955041,7.178250312805176,xcodeeval_code_translation,26.8,10.31995179504156,29,1,27,2.0900046873694755,328,5d3d28d4fac76977607045763f95ae58,0.0
0.0820980323478579,6.540894508361816,xcodeeval_code_translation,3.8,0.0,6,1,5,5.129431285405306,61,5f6ea8d8314842ce9a14c17973dbf82b,1.0
0.4615966713574028,1.2323289439082146,xcodeeval_code_translation,30.4,20.22673844297727,31,4,23,1.9343192786878705,278,5ead719633d5c24a1dec169cb4b8a760,1.0
,,xcodeeval_code_translation,14.599999999999998,0.0,14,0,12,2.1921583003841545,166,a5bbb353b7a953b89ca57d8ca4f5aa51,0.0
,,xcodeeval_code_translation,13.4,0.0,20,0,16,2.7934601292082037,105,b05f669b3301b62f96638c7011e055fd,0.0
,,xcodeeval_code_translation,68.39999999999999,0.0,72,0,36,1.7744361854435808,620,af05cd1432dd0d984bc69492a2cf3e82,0.0
,,xcodeeval_code_translation,2.6,0.0,3,0,4,3.8754956795038513,67,b5b5864c40839c90c9b766c1a80c69f0,1.0
0.4453236950794235,0.4334064126014709,xcodeeval_code_translation,23.8,7.255377005785704,34,2,23,2.1623398072110347,212,c5f35180ef15a02ed6e393bfaf68100c,0.0
,,xcodeeval_code_translation,15.8,0.0,27,0,21,3.186162278833357,172,e5ce00b1347e8b301630572b939d03b9,0.0
,,xcodeeval_code_translation,15.0,0.0,26,0,14,1.9275589499012555,193,f5c81f5ef83b0789f9308321f6d9e29b,1.0
0.2110449312559658,3.9790113866329193,xcodeeval_code_translation,15.4,17.362807005643845,20,2,14,1.653135613253983,242,f5c50c1c6c02d6dd29d047c94102d53b,1.0
0.1876972277832189,2.4953842163085938,xcodeeval_code_translation,16.6,2.878147691488266,19,1,14,2.0950695817713467,152,6b6e265d4e28ed3112c1d910a995a617,0.0
,,xcodeeval_code_translation,49.4,0.0,43,0,37,2.848164488735961,576,6b178acc5ad8ab38b57bb1a24a8083aa,0.0
,,xcodeeval_code_translation,13.4,0.0,12,0,12,3.121223441899557,61,6be160907ff766b9436587172b548403,0.0
,,xcodeeval_code_translation,12.4,0.0,12,0,10,2.1147612731290018,155,6c6a5973369f34ea8afa4a7913be1473,0.0
-0.0003772262347544,7.178250789642334,xcodeeval_code_translation,9.4,23.39458593726158,8,1,9,2.800284886456795,104,6b91f627402983ecbff1a2120d0c367a,1.0
,,xcodeeval_code_translation,22.4,0.0,27,0,18,2.0925385661684426,178,6c28f4fc10f978740c9494cc04272c5d,0.0
,,xcodeeval_code_translation,11.0,0.0,13,0,11,2.821394257006651,144,6df3a1fe0f6803e5500144308c6a5eb4,1.0
1.6603068533268843e-05,7.178250789642334,xcodeeval_code_translation,7.6,8.793745398521423,10,1,9,1.956374096194195,153,6d106b76c9f27c631594a7f62e253540,1.0
,,xcodeeval_code_translation,22.2,0.0,26,0,21,2.152974081925417,241,6e7ec7640d75b8d8b583c9cfe018455d,0.0
0.4125882970895302,1.7207018686458468,xcodeeval_code_translation,57.8,11.81234218033829,114,8,64,1.8462735033872413,987,6bfdc6e8dc389a3a5011fbe2f8a2fb29,0.0
0.1209022462977113,4.524749457836151,xcodeeval_code_translation,31.6,24.073588836938143,32,2,26,2.3477589729335118,257,bafa6ba6d5198c3b5bd3194ce4a67de5,0.0
0.5607336302260485,2.988159656524658,xcodeeval_code_translation,45.8,5.491985321044922,50,1,41,2.2252818406135093,488,be6aaad6e636015260df5b99c668d7e8,0.19999999999999996
,,xcodeeval_code_translation,6.799999999999999,0.0,8,0,7,2.499136974702002,67,c6d8dff26971cd0ad1209918fd5d0da5,1.0
0.0001692738384008,7.178250312805176,xcodeeval_code_translation,10.4,9.176656782627106,10,1,11,2.420179136982522,68,ce6d8ae32278e4014b09808dd347d47f,1.0
0.0002902354546157,7.178250789642334,xcodeeval_code_translation,7.4,4.588589489459992,10,1,8,2.39829811690982,102,d06fc679d034d41469d3513c5e041645,0.0
0.2148721289913081,2.6127188205718994,xcodeeval_code_translation,20.0,5.600011825561523,22,1,17,1.880845129196512,260,dae6d6e41bc2c3062a445566c056ffbf,1.0
,,xcodeeval_code_translation,32.0,0.0,84,0,27,1.3426090539597195,1135,debb6f667ff541e23882ae83905274c1,0.0
0.411231468102799,0.9198106341063976,xcodeeval_code_translation,53.8,6.852719427552074,74,9,45,2.320858897372184,525,ee6ea1fbc6bbb80269a7dee1b97d2100,0.0
,,xcodeeval_code_translation,10.6,0.0,9,0,10,3.4854891009460007,81,fb6cfef97fd4db13d14f8e18137490ac,1.0
,,xcodeeval_code_translation,20.4,0.0,21,0,17,1.8876312212828452,208,07e110f85017a020f3a4d8689f76e32e,0.0
,,xcodeeval_code_translation,20.4,0.0,39,0,18,1.461145528149684,320,7a126f31fe0dfecbc039ed1b05443872,1.0
,,xcodeeval_code_translation,13.4,0.0,13,0,13,1.947694184386533,147,7b10a5dd878a349f713d3acf2d892bde,1.0
,,xcodeeval_code_translation,14.6,0.0,26,0,18,2.456862015912094,145,7b9497ed93aac689da1b6d39f6d19147,0.0
0.0681604652904853,8.392915725708008,xcodeeval_code_translation,11.599999999999998,14.519023150205612,18,1,11,2.094737243696836,171,7a2b3e28eaede8997b0cb6e08de84131,0.0
,,xcodeeval_code_translation,21.8,0.0,23,0,17,2.2570834134973303,219,7d6dbb372fb5e992c7dc5f8a71465dce,0.0
0.1621969208832185,4.181670904159546,xcodeeval_code_translation,31.4,38.78917163237929,41,2,26,2.0652543147279605,349,7d8af95822a890f5bc9313fdab87e15c,0.0
0.8643219716369542,1.576940834522247,xcodeeval_code_translation,28.0,5.64261281862855,38,2,31,2.041539611435264,292,7d29401e09cf2118834a4410f6a567d0,0.8
,,xcodeeval_code_translation,24.2,0.0,25,0,22,2.4341927225004394,216,7e3725a193502c909974a34c02996c0f,0.0
,,xcodeeval_code_translation,7.8,0.0,12,0,10,3.957400935678484,79,7eeacaddf49d6ae90b48e4eec3fee229,1.0
,,xcodeeval_code_translation,3.8,0.0,5,0,6,5.295238152677544,44,7f3fd87901d9e4959b5e8eacf6442537,0.0
,,xcodeeval_code_translation,8.2,0.0,9,0,8,2.181006438076156,149,7e7f259ce25120a9829c6914a9bfa5ea,1.0
,,xcodeeval_code_translation,8.6,0.0,12,0,12,3.520938421178563,78,7e7ebedb71410b1430534c0e18226c28,1.0
,,xcodeeval_code_translation,6.4,0.0,8,0,8,4.487998026035008,52,7e6326bfd683720dbd93f66ddd21cbfc,0.0
,,xcodeeval_code_translation,11.0,0.0,9,0,10,2.792880271650142,79,7f8ae42ec964aa88dc6e9638e8501704,0.0
0.5892760981452849,1.2961499616503716,xcodeeval_code_translation,18.4,5.439418379217386,28,3,21,2.159447550323678,225,7ff963a86c2b48dc113ede2ccedfe549,0.0
,,xcodeeval_code_translation,15.2,0.0,16,0,17,3.6969870343028095,107,bf7c81dd212553d705a9715937dec451,1.0
,,xcodeeval_code_translation,4.2,0.0,5,0,5,2.534030557479612,48,c7a646a1b94b6b444a9f76ae62685cb1,0.0
,,xcodeeval_code_translation,28.0,0.0,25,0,22,2.473689752786922,249,c7a01006d255c2863a544f9789a87e51,0.3999999999999999
,,xcodeeval_code_translation,28.0,0.0,46,0,20,1.6714165291109144,341,d7ead9492a591eada955cfbb671415f7,1.0
,,xcodeeval_code_translation,7.4,0.0,8,0,9,2.5950094340478644,83,da7acf771c2a7475d536e7a53bc7d21c,0.0
0.0817675010777417,3.8433737456798553,xcodeeval_code_translation,22.6,5.148628428578377,27,2,22,1.8538475118003808,406,d7b5620c08a9a15c2ea79c6726c7a299,1.0
0.0043127475059945,8.5897216796875,xcodeeval_code_translation,27.0,59.230254791677,25,1,20,2.50230263214016,178,ddcdf7cb77ada3407a741569bd1f2fb6,1.0
0.5488436773769055,0.8770571351051331,xcodeeval_code_translation,76.8,24.30468094410996,69,3,59,2.329922690792625,620,daf7e11c03f026beb99d530d918aa947,0.0
,,xcodeeval_code_translation,0.1999999999999999,0.0,1,0,2,5.94520263327052,102,e7eabbaada1a719ab3747b0f81137b5c,0.0
,,xcodeeval_code_translation,3.8,0.0,4,0,5,4.820553339136318,74,eb7f0e838bbe13966de0166d7b3979bd,0.19999999999999996
,,xcodeeval_code_translation,9.8,0.0,11,0,10,1.5351120299080605,367,f7a483432ed1a322351a74139510608e,0.0
,,xcodeeval_code_translation,5.199999999999999,0.0,7,0,7,4.028844375834017,47,8c9c8726bab6a1aa6a72fee385579963,1.0
0.3807088191132208,2.4354281425476074,xcodeeval_code_translation,27.4,19.525672808289528,36,3,26,2.0826699290832056,336,8c71378df2d4f949f16b06a9f2677f92,0.0
,,xcodeeval_code_translation,18.2,0.0,22,0,19,1.9167688284152404,180,8dbadebfa50438e48f891b9b42d35c9a,1.0
,,xcodeeval_code_translation,0.1999999999999999,0.0,1,0,2,16.77317957706999,13,8f1eff4d0eafee828aca29685fc14984,0.0
-3.315675526093214e-05,7.178250312805176,xcodeeval_code_translation,16.2,9.641852885484695,22,1,17,2.0520911415806893,166,8e33e2c9018262b86425f46d9687887e,0.0
,,xcodeeval_code_translation,2.6,0.0,3,0,4,8.364936253773875,35,8e9fc8477e311e8ed6c23018f872d86d,0.0
0.896353341860231,0.2341435588896274,xcodeeval_code_translation,44.6,1.5970577001571655,42,2,38,1.9402163772251888,414,8d6a8b7223fd746746262f8637bad705,0.0
,,xcodeeval_code_translation,41.8,0.0,41,0,34,7.859089854084875,452,8f80de3f88ec804850b25ec4b104c1b5,1.0
8.890046935193437e-05,7.178250312805176,xcodeeval_code_translation,73.8,100.22465480305254,78,1,60,1.8737740666287237,606,8f87b7c9ea6cc2fc604332473d27783b,0.0
0.7820707590550534,0.3370689899999309,xcodeeval_code_translation,113.0,7.105714570814079,136,22,100,1.5368996342463583,1752,8c9b4e66c324e910ed41255c85bc2b36,0.0
,,xcodeeval_code_translation,27.8,0.0,29,0,20,2.342333619115405,190,b08e09bb9f11f03be5937f9e24e82d02,0.0
,,xcodeeval_code_translation,22.0,0.0,22,0,17,2.0738075350895646,205,b8e0bef1adb9f892f0375c0cccf2e56c,0.0
0.1151213895418616,7.004092693328857,xcodeeval_code_translation,17.599999999999998,28.018923588097092,19,1,16,2.0401981679613863,220,b8becf301ec0a94223050691d150e086,1.0
0.0003825893743769,7.178250312805176,xcodeeval_code_translation,18.8,63.27783061563969,27,1,18,1.9766988537084167,209,bc8b90acd75486e9e69b22c789639f0a,0.0
,,xcodeeval_code_translation,1.4,0.0,2,0,3,12.17096081778138,22,bfe8f222db882242a3934dc70833df6c,1.0
,,xcodeeval_code_translation,17.2,0.0,21,0,21,3.51487585042548,112,c8b5deb3507b48c6d321f7654686ca6b,1.0
0.0003549115984545,7.178250312805176,xcodeeval_code_translation,19.0,10.096718214452268,19,1,19,2.5665645963233312,206,da08d9857d1e588de0bb494a6829e60c,0.0
,,xcodeeval_code_translation,6.199999999999999,0.0,8,0,8,3.4072392892474928,92,f8bb16e4c5adf525c0f494afa4c3cea1,0.0
,,xcodeeval_code_translation,20.0,0.0,27,0,16,1.8894885803702952,244,09d65d01ae958f50af3de436a9fa8e72,0.3999999999999999
,,xcodeeval_code_translation,5.0,0.0,13,0,8,1.879998402620332,94,09db9e23b44680728ab604ac7c73f0d1,0.0
,,xcodeeval_code_translation,7.8,0.0,12,0,9,2.9559081653016395,133,9c7a1ba9578c7570ce601cb8a019cf7f,0.8
,,xcodeeval_code_translation,12.2,0.0,20,0,15,2.2718212851661908,141,9a61c079ea554026a7f0f5c44c32c73a,1.0
,,xcodeeval_code_translation,8.0,0.0,10,0,9,3.400715456572714,77,9d315453fee2a93b0d0c30394a17a75c,1.0
0.5040895922109485,2.756641626358032,xcodeeval_code_translation,13.4,16.153059512376785,28,1,20,3.6283874281895008,203,9d3a38743e4c1917377a1e0aa8cc8de4,0.0
,,xcodeeval_code_translation,26.0,0.0,31,0,27,1.881327127356992,187,9eb3de6324f9379d15525cc478b8a77a,1.0
0.6189184931835495,0.3164584627375006,xcodeeval_code_translation,22.4,5.831680153682828,45,5,24,1.5989466811399775,366,9d27d05aed02a71708871ee3cb83d9a9,0.0
-0.0002060123830477,7.178250312805176,xcodeeval_code_translation,57.8,25.692264270037413,77,1,49,2.092584134133924,613,9cb3b1d773068be92c7d0d7ee78afa79,1.0
,,xcodeeval_code_translation,11.0,0.0,22,0,9,1.6257918133686824,197,9fbed838f350b071412ff03a0b74d931,1.0
0.2319030624977409,1.0338711341222129,xcodeeval_code_translation,81.0,9.044913590264818,122,6,62,1.311433174253489,1330,9d64b97a89ed6975b24992c1002821c9,0.0
0.1872700243794777,0.6629727836698294,xcodeeval_code_translation,57.0,39.10056769789662,89,4,48,1.9143050576910243,688,ac9a9f866695531244c58df97a767f95,0.3999999999999999
,,xcodeeval_code_translation,26.6,0.0,21,0,22,2.908614438450191,163,b09c64c310d312d54ef0cfaf670239f0,0.0
,,xcodeeval_code_translation,17.0,0.0,16,0,14,2.249247109064745,155,b9adee697d1c5b42ab1bee93003405fa,1.0
0.4199906816031066,4.784296035766602,xcodeeval_code_translation,17.0,5.357317615300417,22,2,20,2.645983434423228,160,b9c7d557b23777e59c0fc3319b08e651,0.0
,,xcodeeval_code_translation,28.0,0.0,25,0,22,1.902662090222196,193,c9cf64c6757332cf84ef69feb12de758,1.0
,,xcodeeval_code_translation,26.0,0.0,29,0,25,2.307907032727505,248,cc9f8deeb5689a0f15bcb2811aa4d060,1.0
,,xcodeeval_code_translation,26.6,0.0,32,0,26,2.189637454249785,238,df9ed0d7f375e023859aca287e9f6fd8,1.0
,,xcodeeval_code_translation,5.4,0.0,6,0,6,2.26725847533368,62,e9f2197545ae1add43f8100c8c5c82fd,0.0
,,xcodeeval_code_translation,5.199999999999999,0.0,10,0,9,1.8815996942297883,137,10ed8dd9d0f8641a511517e204071e5e,1.0
0.0765032128001142,4.737214088439941,xcodeeval_code_translation,30.4,43.62604542076588,30,1,26,1.668026534403293,507,10eb0721fcd0ed627caafb702ab59c85,0.0
0.0004762267847782,7.178250312805176,xcodeeval_code_translation,39.39999999999999,22.071250706911087,31,1,29,2.188816162719685,282,11dfb2e54ab203f2c329291286db0dd7,0.0
0.0583340443186437,2.9602646827697754,xcodeeval_code_translation,19.4,23.30970531422645,35,1,21,1.7117512612573091,342,f11f9d0c18311e4b39bb7e211ed5802f,1.0
,,xcodeeval_code_translation,9.8,0.0,10,0,10,2.8654220170419817,170,13c859eb5fa8570b1301b3552d234351,0.0
0.0202571416962597,4.599472165107727,xcodeeval_code_translation,38.6,41.8998935893178,38,2,30,2.329407055036293,281,13f57271746a692ebd5a3519d337f122,1.0
,,xcodeeval_code_translation,5.8,0.0,9,0,7,2.1820755447199343,87,14f2fcbebe004325f3e048c145c5315a,0.0
0.6998153591556253,0.0699946815147996,xcodeeval_code_translation,13.2,3.279155977070332,23,4,12,2.058349355180672,188,14c6dab81019acb6aec269fcb0994ff9,1.0
,,xcodeeval_code_translation,28.4,0.0,28,0,25,2.626752148910756,313,14e3c253d5e54fca356b9cec3a893a22,1.0
,,xcodeeval_code_translation,14.4,0.0,22,0,17,2.079065950477735,185,15e72d20d3afefbaedf3df00c4b997ef,1.0
0.2543527475200288,1.2644538879394531,xcodeeval_code_translation,6.4,5.428017906844616,14,1,8,2.070258296255793,130,15df3e5c7ca521a7d453ad7897196a37,0.19999999999999996
,,xcodeeval_code_translation,6.4,0.0,7,0,7,2.883252605960347,87,16a476ead4cceae097133c0ce226b382,0.0
,,xcodeeval_code_translation,5.8,0.0,11,0,6,1.580088403779457,238,16d1aab93cef1d64a9089afe23ef8920,0.0
0.0975365340383498,3.277625560760498,xcodeeval_code_translation,23.0,6.878744523972273,26,1,23,2.2808981997542537,285,16e0d7faf0cd78474a1f5982cd62109c,0.0
,,xcodeeval_code_translation,15.0,0.0,14,0,14,5.576177401528644,113,017ce8d247bdc8775ae70083a8217857,1.0
,,xcodeeval_code_translation,2.6,0.0,5,0,6,3.650253647172094,29,17f1b5079e6e6f4e58ad7f60012fd143,0.0
,,xcodeeval_code_translation,13.0,0.0,14,0,15,2.7829356307890336,111,17c35792f345f5e73227cd0440406620,0.0
-0.0001736819200838,7.178250312805176,xcodeeval_code_translation,20.8,54.3994323015213,27,1,18,2.836690371914811,159,b18e3ddb186726cde734e3f6e6cc9108,1.0
1.3011713783345962,1.1384626085107976,xcodeeval_code_translation,21.0,3.865803614258766,23,11,23,3.2671677848738527,234,d18e949d83dbaf4c1660ee56d1d9fe08,0.0
,,xcodeeval_code_translation,13.6,0.0,29,0,28,2.8144085595861768,152,21c199e6a18a5869cfdf1c25de9f992f,0.0
,,xcodeeval_code_translation,14.4,0.0,22,0,18,2.676555290993066,106,21e856e1cf6b1d73d302c2c139e928de,1.0
,,xcodeeval_code_translation,13.4,0.0,14,0,13,2.783498428652332,114,aca21bb2e16f022541ebc396c6c9e617,1.0
0.00149034592323,7.178250312805176,xcodeeval_code_translation,13.4,2.9753918647766118,11,1,12,2.726256207218853,202,22def467f9d67cc03900bd12527b29b6,0.0
,,xcodeeval_code_translation,26.0,0.0,23,0,22,2.395102847380893,221,e23d4a7f7ed661165d7436474f7c7eeb,1.0
,,xcodeeval_code_translation,2.6,0.0,3,0,4,3.9837425464820937,48,24f2b5c3812e4c7df53dcaba825a988b,0.0
,,xcodeeval_code_translation,7.4,0.0,12,0,12,3.937013625661847,62,b24a89c98ef0a869a979bbe21c88a283,1.0
,,xcodeeval_code_translation,9.0,0.0,14,0,13,2.2236321509627954,91,25e15f0209d09a77ff1d228f164035ce,1.0
,,xcodeeval_code_translation,12.2,0.0,25,0,17,3.162229966960896,146,25aecf215d4b975a6149209398b44958,0.0
,,xcodeeval_code_translation,34.2,0.0,26,0,24,3.43769248991711,195,25d456bc0686dd9ed325152a5fe4b41a,0.6
-1.9091702051809988e-05,7.178250312805176,xcodeeval_code_translation,26.2,4.848886966705322,21,1,21,2.079185255696137,368,25f51c7117f1ca317213431b9e24ac58,1.0
,,xcodeeval_code_translation,12.0,0.0,14,0,12,2.994519646148111,162,ed25f620ddabe07d3592709cb379d54b,1.0
,,xcodeeval_code_translation,25.8,0.0,42,0,23,1.8073052375552456,421,26c6809c59601396f3aa49c23268240d,1.0
-0.0004133265813006,7.178250789642334,xcodeeval_code_translation,9.4,23.429532647132877,11,1,10,2.613305083310873,92,cc26a8f50c3655dde6009e86559dc2e1,0.0
0.0601749469205748,1.5656628012657166,xcodeeval_code_translation,49.6,22.74067210382782,52,2,45,1.958697913998794,685,27b679b65629585e93409b3811fb444a,0.0
,,xcodeeval_code_translation,11.8,0.0,13,0,11,4.607546350566523,115,b28fe6c6053fb7f2e23ddf8a065070d5,1.0
,,xcodeeval_code_translation,23.4,0.0,23,0,18,2.547524033437336,224,29a54530f175f60d48f86aa3857eea49,0.0
,,xcodeeval_code_translation,13.2,0.0,16,0,14,2.832582756869122,122,c29da10503c0a8e720f827d5a7f91f9d,1.0
,,xcodeeval_code_translation,17.2,0.0,15,0,16,3.086812270576016,139,c30d87f786ff5eb2f4f720f8c7e7f4ca,0.0
,,xcodeeval_code_translation,60.6,0.0,55,0,42,1.5442735117187512,1054,31a7ec35764fc8b84fbb8ec5e08a4a88,0.0
,,xcodeeval_code_translation,6.799999999999999,0.0,8,0,7,3.79790334972209,93,cdb31f94a3fc62b6fc60d366bba94736,0.0
,,xcodeeval_code_translation,7.6,0.0,14,0,8,1.6215241880132367,279,32af0bf8da4afa29c491f6a820eae8e8,1.0
,,xcodeeval_code_translation,11.6,0.0,15,0,16,2.4647831636600075,78,af32cdb0f6fe5d9018aaa8064a2a0d22,0.0
,,xcodeeval_code_translation,11.0,0.0,24,0,10,1.548319456507829,304,c33c58e558e0ec947637da237363959d,0.0
0.1878352240919367,6.085670471191406,xcodeeval_code_translation,25.2,46.37608379125595,19,1,19,2.558718798974553,248,ba34a59bbadba467f7b850bb8d6c656d,0.8
0.0284745401353774,4.3055806159973145,xcodeeval_code_translation,23.0,40.589683438651264,67,1,22,1.3128342695401412,818,35dd50b0c3b9fcfa7ffb7bcee7f864ad,1.0
,,xcodeeval_code_translation,11.0,0.0,11,0,11,2.527638173065933,80,fda35fa379a854d9fb285e08062e5d5b,1.0
,,xcodeeval_code_translation,12.599999999999998,0.0,25,0,17,3.0619096429422035,215,36cb9751a3bdba6cfb6f7369fb86b64b,0.0
,,xcodeeval_code_translation,11.0,0.0,13,0,12,1.9475168321990213,131,eec37cfbd27624915d8dae9125bdea33,1.0
0.0954676372150424,8.392915725708008,xcodeeval_code_translation,48.2,9.47154152393341,44,1,41,2.919461084303584,530,039ff364b553b483d33c0a09a2b7aa8b,0.0
,,xcodeeval_code_translation,2.6,0.0,3,0,4,7.23446908900625,55,39d0b6d1a19d825b9f0e883b2208a7f0,0.0
,,xcodeeval_code_translation,14.0,0.0,15,0,14,2.3138706564129743,144,40ac9de155e7ca16c845807aa73c20f8,0.3999999999999999
,,xcodeeval_code_translation,15.8,0.0,16,0,16,2.4294644248416133,117,40ce966f4165d852eb859e16812cf3e9,0.0
,,xcodeeval_code_translation,15.0,0.0,29,0,15,1.6857142718889235,247,41d53f8f4830f182da6aa21df5604e43,1.0
,,xcodeeval_code_translation,6.199999999999999,0.0,9,0,9,6.295434870336068,51,43cc2339b9e3e036f76b57ebf96ffbc1,0.0
,,xcodeeval_code_translation,45.6,0.0,48,0,34,2.3589757096964457,485,44de4f3ce181c952226ba6dc9b98b3ff,0.6
-0.0004801200702786,7.178250312805176,xcodeeval_code_translation,21.6,6.773549363017082,22,1,18,2.5586658831599767,175,b44f33d8273f9a0eb0be9a708427bbfd,0.0
,,xcodeeval_code_translation,12.599999999999998,0.0,14,0,13,2.408839558660792,140,45a221122aee8b2a83303e1420e0ca2d,1.0
0.2172067115962919,4.455581665039063,xcodeeval_code_translation,25.0,22.95502109825611,36,1,21,1.431713526454773,440,45e616896983753fce494c3763f78a63,1.0
0.0002212016984368,7.178250312805176,xcodeeval_code_translation,70.0,33.39988413453102,59,1,51,2.4443820264579585,506,47c36fca2488b065bd77f206a1dfd378,0.0
0.0,7.178250312805176,xcodeeval_code_translation,12.2,5.739895522594452,13,1,12,2.229046368991207,270,47f66158ffdd8b80414ba68d6c9f76ad,0.0
,,xcodeeval_code_translation,3.8,0.0,5,0,5,2.656782254392985,53,48e9b5b56d4e8cae9592594c1b76fcc4,0.0
0.2071779543810607,2.0519986152648926,xcodeeval_code_translation,15.8,0.5001455545425415,23,1,16,2.029240953512308,184,48b29323ddf4843e84e234b2b684aa2f,0.0
0.1786012607752471,4.135591506958008,xcodeeval_code_translation,12.2,9.23920601606369,15,1,13,2.5592686413258905,92,edce48f5d648613b6a0267444ae36cf3,0.0
,,xcodeeval_code_translation,1.4,0.0,2,0,3,8.88038732601143,20,49d362b4da6bf5886ee526358dfaabfd,1.0
0.6332593560999704,1.0656838555421149,xcodeeval_code_translation,95.0,13.442531679570674,157,7,91,1.831697072355008,1173,52f8a5b3d9855149cdaad20eb09b3bfd,0.0
,,xcodeeval_code_translation,11.0,0.0,21,0,11,1.9057366967412188,153,c52b7d4f1b6326e17a5839c5770372e4,1.0
,,xcodeeval_code_translation,12.599999999999998,0.0,11,0,12,2.8439906975411398,88,53c3c95b75c6dfb226c53bdae646bb89,0.0
,,xcodeeval_code_translation,5.4,0.0,6,0,6,2.4894228217086485,63,debcd53e835817602ed39b0aefd63546,0.0
,,xcodeeval_code_translation,32.8,0.0,30,0,26,2.088216255250052,234,dc54c78363075fad4e2cf9cd1a46f2e8,1.0
,,xcodeeval_code_translation,18.6,0.0,25,0,21,2.868481375104371,224,55fd8965ec94c681ba409a4b32c9998f,0.8
0.0,7.178250312805176,xcodeeval_code_translation,20.0,44.13520358875394,22,1,17,2.6853196952151324,253,b55dc5b34d55f7d7ca7226f31d700712,0.0
0.0168508187054727,2.988159656524658,xcodeeval_code_translation,53.99999999999999,121.08826453983784,52,1,32,1.9598231418266616,321,d55b00fff9e7ec22f5b7f7357032d8f4,1.0
0.2357446690546707,5.992632389068604,xcodeeval_code_translation,9.2,5.586147263646126,13,1,9,2.2109352646979787,129,056bee65b63b1877e81533b108e9e16e,1.0
,,xcodeeval_code_translation,21.8,0.0,20,0,16,2.0311719645391064,164,56c6751974f82a6fee1a0feda9d9d845,1.0
,,xcodeeval_code_translation,7.8,0.0,12,0,11,2.8661595143553398,95,56f393116458e49588a208941dff7e70,1.0
,,xcodeeval_code_translation,2.6,0.0,3,0,4,3.742696674234952,50,bf56cc8a6c59942c6a2aab11fdadc901,1.0
0.0002001635629035,7.178250312805176,xcodeeval_code_translation,27.6,4.969663619995117,29,1,25,2.2017418835191664,282,d56b8666e143e1c29d006069f64334ad,0.3999999999999999
,,xcodeeval_code_translation,21.8,0.0,27,0,23,3.9116939898688505,178,58b920eb30a830837436161f16bc95e6,1.0
0.1209474345378112,1.1615769863128662,xcodeeval_code_translation,31.8,54.42881108447909,40,1,23,1.8408840143269527,378,58ecb08bc4752f0c939380d770a533ae,0.0
0.1491781127624983,3.4418514569600425,xcodeeval_code_translation,69.8,28.14462036391099,71,3,58,2.19863364321451,634,58fd968dfe312006bd2119075d913dd6,0.0
,,xcodeeval_code_translation,7.399999999999999,0.0,7,0,7,2.5281529721139404,54,59af7be5db1ade486f7261b58bec4f1f,0.0
,,xcodeeval_code_translation,18.2,0.0,20,0,20,2.100677197413931,193,60b53794abb605950e5cfe692b8416f5,1.0
,,xcodeeval_code_translation,11.4,0.0,15,0,11,1.909020559115438,164,fcae61f21d6ba30fdf3c6acbd4665a44,1.0
0.416116640545967,0.1840225607156753,xcodeeval_code_translation,50.0,0.4429941177368164,61,1,41,2.583774700914521,851,dc62d529680f4fa1f071c9efbbd597d4,0.8
,,xcodeeval_code_translation,9.4,0.0,13,0,9,2.298512913453317,116,64a91ca0b590f19b3efba056b5fc9dad,1.0
,,xcodeeval_code_translation,23.4,0.0,26,0,22,2.7702938258964207,157,65ac588db85e1536c70b803cd4496ebf,1.0
,,xcodeeval_code_translation,2.6,0.0,7,0,6,3.443979039696882,43,65a33960503f20e0a308d6f21575de21,0.0
,,xcodeeval_code_translation,10.8,0.0,11,0,10,2.160251586349417,108,65aa9706259ab63927310f8a841807d9,0.19999999999999996
-0.0002808154946783,7.178250312805176,xcodeeval_code_translation,41.0,6.197744831442833,49,1,42,2.055381689689268,367,65dfca28344f0447b39c3dc04b7b60d4,0.0
,,xcodeeval_code_translation,13.4,0.0,14,0,12,2.0575444089131856,120,f65beb218a3ef9548bdd70dfef0d620a,1.0
,,xcodeeval_code_translation,14.8,0.0,12,0,13,2.5416719504956737,90,66fb3dc782c07dbc3cb71f6106e1e96a,0.19999999999999996
,,xcodeeval_code_translation,7.8,0.0,8,0,8,3.1428737809078204,80,69cb4e6d85e45cca1422506143321279,0.0
,,xcodeeval_code_translation,18.0,0.0,16,0,14,4.117092242975281,126,69c11f9b8516140dc52eb025ff9948e8,0.3999999999999999
0.0,7.178250312805176,xcodeeval_code_translation,57.0,217.98839325550944,127,1,44,1.81089396227949,1123,ae70f9154a77bcb542aa8112543ad3a2,0.0
,,xcodeeval_code_translation,30.2,0.0,77,0,28,1.5447783468300498,897,71c4e5ee34f9d2fe4641e6f37385b5ea,1.0
0.184274365264308,5.262100100517273,xcodeeval_code_translation,29.0,19.83038781583309,30,2,23,2.121416282232969,242,c71d7447a0747a1ceb29819809adff91,0.0
,,xcodeeval_code_translation,12.0,0.0,10,0,11,3.635677693711571,104,a72def48f67b3ac383077d2e1a900fe7,0.0
,,xcodeeval_code_translation,11.4,0.0,13,0,11,3.187869464932425,95,b072dc9e37263b339fdf61bfaddd23a7,1.0
,,xcodeeval_code_translation,49.8,0.0,47,0,33,1.475842946045815,600,c72c86724ab0f647cde1723ce1f08fe2,0.6
0.0229395233793184,6.570759296417236,xcodeeval_code_translation,34.4,16.99676823616028,40,1,31,2.022287879938444,404,e72e306d5707b9b0ce41a97578f39797,0.3999999999999999
0.2009724755205113,2.9885990619659424,xcodeeval_code_translation,12.2,4.982533663511276,16,1,13,2.615637530075827,106,74f1b16ccb7893a1d7b3ef1d1fec996e,1.0
0.0,7.178250312805176,xcodeeval_code_translation,19.4,15.013737112283708,17,1,17,3.6096266742191294,177,74e61c3fe018f9db2c0869a4e929bbad,0.0
0.2426674032015439,0.8732722463707129,xcodeeval_code_translation,56.99999999999999,66.67602021619678,61,3,37,2.0220678161800354,558,d76e5c9415856d6f71ebcca6c3181cb8,1.0
,,xcodeeval_code_translation,9.4,0.0,11,0,11,2.3012158025435925,97,77a3fb0e20d021bfe60f8af1db95841f,1.0
,,xcodeeval_code_translation,4.2,0.0,5,0,5,3.2408090302490997,27,78b4306bc97fa1f37c26b8d3d122c19d,1.0
2.939561759499279e-05,7.178250312805176,xcodeeval_code_translation,7.4,0.0,15,1,8,1.693129796902583,166,79c10451cc1f940978434ce488cbb5f6,1.0
,,xcodeeval_code_translation,18.4,0.0,16,0,15,3.175642708863207,160,79c3baa6826c255c7741fbcee5d263cf,0.0
,,xcodeeval_code_translation,4.2,0.0,6,0,6,2.574982256970808,57,79fa3876256ee7d2716563b188ca7c1b,1.0
0.4801282871368469,1.2164483070373535,xcodeeval_code_translation,30.6,30.63401085883379,34,1,28,2.877033751179626,262,79df8ec8e253920c8fbeb9535b0d9d1e,0.0
0.3732633024743148,2.3876885771751404,xcodeeval_code_translation,20.6,9.914225781336429,22,2,19,2.581656408954336,168,080efbd06f550ca322feaf2a53bf2d69,0.0
0.2533590310405747,5.087866306304932,xcodeeval_code_translation,33.2,62.59069377928972,33,1,26,2.3281018228426147,335,eb80b09d9d445d4a33618f63c27671ee,1.0
0.0,7.178250312805176,xcodeeval_code_translation,15.8,51.87805565819144,22,1,14,1.970295148656068,181,81c071d31188e01a4ff829cf7c79e382,0.3999999999999999
,,xcodeeval_code_translation,5.199999999999999,0.0,6,0,6,3.451788693905028,53,b81f7cb17f6026db6c6e274c80665a91,1.0
,,xcodeeval_code_translation,13.4,0.0,25,0,15,2.187034531776828,227,82f92457bd36ff4a0164bd66505d3f9d,0.0
,,xcodeeval_code_translation,15.4,0.0,16,0,15,2.270646252205088,151,83f3ef4575863aba2b09b270268e9fec,0.0
0.6130119790815605,0.6445741355419159,xcodeeval_code_translation,23.0,5.614113673567772,29,2,25,2.1719877949978508,349,83ef0f689d559c6114688cedb1bb0355,0.0
0.1768439222066531,1.1648468772570293,xcodeeval_code_translation,45.8,11.862413849681616,68,3,38,1.803104467254547,679,83cecd52af6809cfa8a63d92620fb9b5,0.0
,,xcodeeval_code_translation,26.2,0.0,44,0,31,2.1770141335927944,352,e83c2dcbaa985ee6cff609f55c62f2bd,0.0
,,xcodeeval_code_translation,2.6,0.0,3,0,4,3.4105109408256307,42,b84dd26488e5345e428efc0c01d5a49b,1.0
,,xcodeeval_code_translation,8.0,0.0,9,0,8,2.5489756697837,75,b84a37a5f75221aa3687ca590cd3287d,1.0
,,xcodeeval_code_translation,55.4,0.0,68,0,52,1.9406772510508945,676,86f0a2cac55531aebf7fa88e6fc326c5,0.0
0.0226314305579659,2.2142598628997803,xcodeeval_code_translation,54.2,158.28498277813196,39,1,35,2.339840259116273,368,86f52409c8c82ad993afe8da78e4d681,0.0
,,xcodeeval_code_translation,27.6,0.0,25,0,22,2.263728577367558,183,be86ffa4081fe10556146eaeaa8ccc6c,1.0
,,xcodeeval_code_translation,3.8,0.0,4,0,5,13.947003741432484,53,87a3813c3c88c538e3b800679b05444e,0.0
,,xcodeeval_code_translation,5.0,0.0,6,0,6,8.203886325604467,62,87eee3d43476efd908f2eb0bd64934e9,0.0
,,xcodeeval_code_translation,19.4,0.0,18,0,18,3.289174727236273,191,87fbf961822e0514b4df71a0fc82797b,0.0
,,xcodeeval_code_translation,5.0,0.0,5,0,6,3.387987881578835,48,d87fe3fc1f1f72ab9bba7a4c8cbc9cb0,1.0
,,xcodeeval_code_translation,10.2,0.0,17,0,9,2.2627506243691133,126,e87d5dda1727b2bf5f0cdfc5042c02ab,1.0
,,xcodeeval_code_translation,10.8,0.0,17,0,11,1.820166478160828,133,f91d9ae0920fe7715b0ddd669b156e98,1.0
,,xcodeeval_code_translation,10.2,0.0,10,0,10,4.41043524565767,89,94e0c39ff2bf65bee371457a233d0446,0.0
,,xcodeeval_code_translation,31.4,0.0,60,0,29,1.9247214135278248,432,95f4934849f70c34caa633cc091f899d,1.0
,,xcodeeval_code_translation,15.6,0.0,14,0,14,2.987229905762501,126,bbbccf95c157aa571f144ec94604611a,0.0
,,xcodeeval_code_translation,6.4,0.0,10,0,7,2.1775906025012204,69,96dad55feabed35207f3d3c3e093f16d,0.0
,,xcodeeval_code_translation,11.0,0.0,12,0,13,3.080079913118413,69,97d573dc547796cb03c250a5cb2c4110,1.0
,,xcodeeval_code_translation,20.2,0.0,19,0,15,2.1910272652627696,165,97a8d33b665c071da477ef3824bda21e,0.0
,,xcodeeval_code_translation,27.4,0.0,35,0,27,1.8345448720680528,326,98c256693bb8a0a7cf5ebfbe16b732f8,0.0
2.1160642967284238,1.1582165211439133,xcodeeval_code_translation,18.2,2.8302889118591943,23,3,17,2.7176816252234017,149,99c9d473cc583582cbe2a6bf3c0ed9f8,0.0
,,xcodeeval_code_translation,8.6,0.0,8,0,9,5.37907784453869,66,b99c89a4e62f684f82dbabe9ffd3bf90,0.0
,,xcodeeval_code_translation,29.8,0.0,37,0,27,1.7495629729613895,268,f106deef1b83721c53763480e59bfddf,0.0
,,xcodeeval_code_translation,5.4,0.0,7,0,7,4.615635033514026,76,118c6d750ae46bba0579775a93087f1c,0.0
,,xcodeeval_code_translation,7.4,0.0,7,0,8,4.318263399866312,83,b135a9c29bf44124df17fc95faeca6ae,1.0
,,xcodeeval_code_translation,15.4,0.0,15,0,15,2.1623797562005374,130,180abf06c48b6a48f5fa6258f957614d,0.0
,,xcodeeval_code_translation,11.0,0.0,22,0,13,1.5390127488263696,340,a186db501ba5f6460a451106c2f1729f,1.0
,,xcodeeval_code_translation,1.4,0.0,2,0,3,7.209174653336059,24,0187b4dc713c672de35ad6e0ec6f1800,1.0
,,xcodeeval_code_translation,12.2,0.0,11,0,11,2.4269040576199283,89,211b92d22a43fe2581851823dc83e224,1.0
-4.204074364332926e-05,7.178250312805176,xcodeeval_code_translation,3.8,4.50164794921875,4,1,5,4.212956102427678,69,be285fd00697a5daa227c40fbfd8bb00,0.0
0.0,7.178250312805176,xcodeeval_code_translation,75.8,426.5614603292197,84,1,42,1.709796128918545,737,287dea8398d5e1a97f03fc5914ca8133,0.0
,,xcodeeval_code_translation,8.6,0.0,8,0,8,4.565492805012172,62,0295a1be9f2362a0836cef7cffce0e75,0.0
0.0,7.178250312805176,xcodeeval_code_translation,12.8,17.697907865047455,19,1,14,1.945421965920066,191,296d30555934bd8078d947911b5cba69,0.0
1.902567579386717,0.1553697567433118,xcodeeval_code_translation,26.4,1.9359555542469025,50,4,24,1.7189112806837088,354,c299aa7fbade61d11d076e1b9e48d0c9,1.0
,,xcodeeval_code_translation,18.4,0.0,15,0,16,3.1619216366863383,151,bce323c750f3e2a41cbd561b2ed418cb,0.0
,,xcodeeval_code_translation,16.8,0.0,30,0,18,2.0226595377516814,198,ee340b58ba96d27fb5decc528ecc77d9,1.0
0.2852777053072867,1.7949289133151372,xcodeeval_code_translation,44.8,20.88196220031629,62,3,42,2.735646632148883,396,d341aff596a8c42e9eabc8c51b598d9d,0.0
0.227602231947362,5.257999897003174,xcodeeval_code_translation,29.599999999999994,76.01151565648615,25,1,20,2.5756853000401456,358,353f10554b4be814f1a215802ec5a016,1.0
,,xcodeeval_code_translation,36.4,0.0,51,0,29,1.3147701981749234,739,370d5138743f6a78a651d39ecf06850f,1.0
,,xcodeeval_code_translation,7.8,0.0,7,0,8,3.1593092859774297,80,372b7f96a1ab19d657999893eba5d65f,1.0
,,xcodeeval_code_translation,9.8,0.0,9,0,9,3.171009725764157,93,384ebf9eb85f60cd2366bc696700e055,1.0
,,xcodeeval_code_translation,1.4,0.0,2,0,3,3.556483504708069,45,406ec3e8be826b9e5d85041b5cc1829b,1.0
0.1299634973916796,0.1863154619932174,xcodeeval_code_translation,27.0,85.17047547921538,27,1,22,2.374238746199423,253,0410d92602dba1106c848f2859f6324b,1.0
0.3387482034912947,3.751515984535217,xcodeeval_code_translation,24.8,17.12033147737384,29,3,22,2.277167445299698,187,456aa2113a4810074ee8e12eac4f42f5,0.0
0.0423596008394964,1.6872612237930298,xcodeeval_code_translation,24.8,52.16786425560713,28,1,21,2.165078745521296,245,a461eb35db17ce7b8c0ff0c13b9dc38d,0.0
,,xcodeeval_code_translation,47.2,0.0,59,0,37,1.6513688818284715,438,0469a415b73c86652f520eaf69bd7311,0.3999999999999999
-0.0003205116613414,7.178250312805176,xcodeeval_code_translation,10.2,5.456882476806641,16,1,11,1.6182870315508615,223,475e2bf52726552fb0996be5a3f83cd8,0.0
,,xcodeeval_code_translation,3.8,0.0,4,0,5,16.08686497607118,26,476a4f1bdb7c82ee5f3dd5a04ab1144a,0.3999999999999999
0.4563346006632653,2.706721544265747,xcodeeval_code_translation,7.4,2.713106334209442,8,1,8,3.690569516355663,159,e485dbbb517759e916deb7f3bb4d748a,0.0
,,xcodeeval_code_translation,6.199999999999999,0.0,9,0,10,2.844660948290075,60,f493fdd318cd0626cb3e8aeedb2cb692,1.0
,,xcodeeval_code_translation,14.8,0.0,14,0,13,1.9563049179372145,314,496f3a1c26a26a84cdcee922a2e41ba7,1.0
-5.354108169483833e-05,7.178250312805176,xcodeeval_code_translation,29.6,84.10220335423946,33,1,25,2.033165285611569,285,f523fa88725a35feb9b07051c9e654aa,0.0
,,xcodeeval_code_translation,9.0,0.0,13,0,10,1.847595590360083,116,524b08bf5bee939b96bb80c67b225aca,1.0
,,xcodeeval_code_translation,9.4,0.0,16,0,9,2.3269558945392506,144,542a9f2db1aa74ac9dfede338b04b3ea,0.19999999999999996
,,xcodeeval_code_translation,5.4,0.0,8,0,6,3.3580604116478643,60,00552bcd8b44d1a45d505805b0fd578a,0.0
0.0807733906283262,2.1069464832544327,xcodeeval_code_translation,42.39999999999999,17.69157899916172,41,2,35,3.175160711532117,418,576eda555f961a7498f42f10b898ae36,0.0
,,xcodeeval_code_translation,6.199999999999999,0.0,8,0,8,3.033874415253503,54,594f1b782fbb920eed3f4b3ae40b33d3,1.0
,,xcodeeval_code_translation,37.2,0.0,63,0,34,1.5280874836917446,619,a603fc57a2124840942c65af485c8fd6,1.0
0.2860794350770967,4.833578109741211,xcodeeval_code_translation,24.8,7.89815354347229,22,1,19,2.9345676164765475,157,e652dd00a35c8dc5fc32cf0733b64622,1.0
,,xcodeeval_code_translation,11.0,0.0,10,0,11,2.4710679953761283,93,657a9cf0df546e5124a1b8370f6ca2db,1.0
,,xcodeeval_code_translation,9.4,0.0,9,0,9,2.9006384502621567,84,f666aa51937879517471ed8bccc769c6,0.0
,,xcodeeval_code_translation,21.0,0.0,34,0,21,1.5864180282225182,399,671f5a72439f2394077820ec3bd64b2d,0.0
,,xcodeeval_code_translation,22.0,0.0,23,0,17,2.081890382786807,196,a682dc2f576fcf7c5e1ff861157b5073,0.0
,,xcodeeval_code_translation,13.8,0.0,13,0,13,2.912627609939812,106,694d4a0652888d4431560b574af6a363,0.0
,,xcodeeval_code_translation,18.6,0.0,37,0,24,3.297765499903305,139,0709e40ee49b6439d328de121380ddcb,0.0
,,xcodeeval_code_translation,12.4,0.0,18,0,17,2.41774352290581,144,d0724f5afad3c1b0622fd8672eaae4f8,1.0
0.2802371586322737,4.454244375228882,xcodeeval_code_translation,20.8,19.29583328589797,22,2,17,2.0479353746401694,146,ec725fb028ea9e93358b2bbd5cfdaf50,0.0
9.307651854460202e-05,7.178250312805176,xcodeeval_code_translation,25.6,4.812150001525879,27,1,26,3.963070365100784,186,d756f2edb3c650c72a518c6b6929c62f,0.0
0.1755233357194811,3.313667058944702,xcodeeval_code_translation,20.6,6.2126681208610535,26,1,22,3.1202585840936536,197,0804f806a9590ab9cbc36094ab9f5e17,0.0
,,xcodeeval_code_translation,4.2,0.0,6,0,5,3.5798815562570643,74,804eedc4a141bb4f62cd8dbbcc130bb4,0.8
0.0,7.178250312805176,xcodeeval_code_translation,57.8,92.74752471316606,83,1,50,2.012629742521989,664,af805ff642c1a193293b9f8d8fa57b15,0.0
,,xcodeeval_code_translation,27.0,0.0,24,0,23,3.3001536872220854,155,0806a212721c65d84d26466a3dfa5799,0.0
,,xcodeeval_code_translation,19.4,0.0,21,0,18,1.8222581035716543,220,fd820cb8af82c0fbb09b29db46a57e42,0.0
,,xcodeeval_code_translation,29.2,0.0,27,0,21,1.8447606814906148,293,830d2f4becd229d383fe2698a6e96ffa,0.3999999999999999
0.0,7.178250789642334,xcodeeval_code_translation,14.6,8.462810844182968,13,1,14,2.8946330443136934,97,843d2f42f3dea3c7df5939ba06854bbb,0.0
,,xcodeeval_code_translation,53.0,0.0,57,0,47,2.452413428610168,424,862b78ca11b8aafca1c4668ba0ea8b15,1.0
,,xcodeeval_code_translation,22.4,0.0,19,0,19,2.65336379710684,260,866b31e3bde35afaa78d839452fa2c51,0.0
,,xcodeeval_code_translation,14.4,0.0,31,0,32,3.186838394708443,172,f892d01f59dd1de30e9252936ba2824c,0.0
0.0,7.178250312805176,xcodeeval_code_translation,14.599999999999998,112.98689981549978,22,1,11,2.1302237849666925,188,da907f50aa62717837063c35cb5b18e6,1.0
,,xcodeeval_code_translation,25.8,0.0,40,0,23,1.7727771496246714,301,b943d2460fc22a71a2c9afde4079f863,1.0
0.6569655768530266,2.21033633640036,xcodeeval_code_translation,27.6,7.150253138504922,36,4,23,1.582332668022867,452,960b1d8d81e310c1ac7c84ad8da3835c,0.6
,,xcodeeval_code_translation,5.0,0.0,7,0,8,2.480586830643804,78,e995bf7732a2c5da187261deaa3d36cd,1.0
,,xcodeeval_code_translation,17.4,0.0,18,0,18,2.4848951379432003,158,1149f2e35cbaa6ac6ab43cb75ad48b67,0.8
,,xcodeeval_code_translation,14.6,0.0,16,0,16,3.53111320221237,143,1383c2a71c01dd86f2785ecfc6b3d65b,0.0
,,xcodeeval_code_translation,6.6,0.0,11,0,9,2.466344375315621,65,1472d5f79906c025fc62bcbf12599073,1.0
,,xcodeeval_code_translation,18.2,0.0,20,0,19,2.678498167189945,155,f1503ec92de8ceb9745350693f282cb5,0.0
,,xcodeeval_code_translation,13.2,0.0,14,0,12,1.9290844867189163,178,1625d09f2634ea51f42b20ea15c636b0,0.0
0.2409013797275298,1.873764932155609,xcodeeval_code_translation,25.4,13.603102095425127,32,2,23,1.9804300003722903,195,b1804fab5fca213fef024760ab105e1b,0.0
0.1229483236524613,2.311979293823242,xcodeeval_code_translation,15.4,16.503905035555363,19,1,15,2.030320313012392,220,e1844c704811d4602f613567f22e2a89,1.0
,,xcodeeval_code_translation,1.4,0.0,2,0,3,1.5028113540754866,339,d2282e072300044aacb9d4f8c664305e,1.0
0.5536074907324587,0.8836527913808823,xcodeeval_code_translation,19.6,23.60318213701248,22,2,18,2.095383109860105,414,c2399d1f0ab3033d9ab608c13f8786e4,1.0
,,xcodeeval_code_translation,19.2,0.0,25,0,20,1.954104816906364,203,ba2506d0eee6d0558a2e55d42a0298b7,0.0
0.191057441074884,2.297951400279999,xcodeeval_code_translation,21.4,7.183598935604096,29,2,21,2.212187775253833,218,02664a6a5941f0476f17bc9062c5e766,0.0
0.279407173123092,0.0514951314156254,xcodeeval_code_translation,45.4,3.7919536493718624,65,3,48,2.1794257819668004,586,e2767a066dc65f63df60fa7ecb4baf60,0.8
,,xcodeeval_code_translation,9.4,0.0,10,0,9,2.403715859095257,76,02903a68fbebdd117f779ac36a3f3c3b,1.0
0.3867096428253322,0.7072309115435929,xcodeeval_code_translation,68.0,10.083396176248788,96,5,54,1.9637724726457757,650,e3245c29bc0d78356b770f14911a65a5,1.0
,,xcodeeval_code_translation,36.8,0.0,41,0,31,1.5142446797423657,584,3431a34341f3e3a7b24ad7cebf99a9c7,0.0
,,xcodeeval_code_translation,20.8,0.0,17,0,15,2.6622285036858653,120,cebd3437e28d42516718358d25a2576c,0.0
,,xcodeeval_code_translation,5.0,0.0,5,0,6,4.804554234351483,56,3739ff920cd62a462ba90789b50453ff,1.0
0.0,7.178250789642334,xcodeeval_code_translation,10.6,32.26810324192047,15,1,11,1.9651136426777325,117,dd3766ac6147e55ca517fba622aba361,0.0
0.3835544185984939,1.2408865094184875,xcodeeval_code_translation,36.2,14.846309691853822,42,5,36,2.053261992320475,475,4109f2b958132d632c3062cbdaf4de4f,1.0
0.2621434165634677,1.850133299827576,xcodeeval_code_translation,38.2,16.404935028403997,43,3,31,2.3012326679840847,319,d4650e0a640a1a8d8f8c54567b11ef8b,0.6
,,xcodeeval_code_translation,14.599999999999998,0.0,18,0,13,1.8306794327642788,167,a4665e9d10b3055eda90d4057883c127,1.0
,,xcodeeval_code_translation,6.799999999999999,0.0,9,0,9,2.720085317849664,86,4713b444e12661e23d68e9de7dfc9f06,1.0
0.6932030382073452,1.0456536759932835,xcodeeval_code_translation,16.4,20.338824975614745,24,3,14,1.7043772467483476,340,4731eb4df4bf98f0d46638ba253718c8,0.0
,,xcodeeval_code_translation,7.8,0.0,7,0,8,2.936242794801523,55,4737ecb3e13f71ecce2eade6f86c4167,0.0
0.0656242840811737,6.24578332901001,xcodeeval_code_translation,21.8,17.481924563646317,23,1,23,3.2693758499420538,172,e4963bcdd8ee4250457549bcc6654b9c,0.0
,,xcodeeval_code_translation,17.0,0.0,29,0,19,1.8348622939952897,208,f5129b689ceb1e48f2f66e68838ec6a9,0.0
0.0562906236091841,7.134758949279785,xcodeeval_code_translation,26.6,36.83150924742222,30,1,20,1.777253497223546,293,5167e57729cd9da0c07de532c4c2d9eb,0.0
,,xcodeeval_code_translation,32.6,0.0,58,0,29,1.4645539697291172,768,5194bdba514c1e040cc6134264004982,0.0
,,xcodeeval_code_translation,2.6,0.0,3,0,4,2.9772590638656333,55,a5245d44518c09c79fd745204b5605b1,0.0
0.0374913441885489,1.3879960775375366,xcodeeval_code_translation,17.799999999999997,13.865929171442986,24,1,16,2.8940405426915565,181,5372a1018e63bb4b3676f4999fb49cf0,1.0
,,xcodeeval_code_translation,10.2,0.0,13,0,13,2.214504823973193,131,cedc06029dd6b81ad05fe4df3e8007f7,1.0
,,xcodeeval_code_translation,18.6,0.0,17,0,17,2.9059058607128345,159,6078f4eee45066f993b9b89473efa371,0.0
,,xcodeeval_code_translation,11.8,0.0,22,0,14,3.0833324166762583,153,6725ff8a048b6cf041ad691bea220b2a,0.0
,,xcodeeval_code_translation,19.4,0.0,23,0,20,2.34542240820154,222,6759bfa67ce802d84848db188c827432,0.0
,,xcodeeval_code_translation,3.8,0.0,5,0,5,4.187036754158548,81,6852f035c129228f14581a7d946dc66f,0.19999999999999996
0.1510012690767215,0.9500311613082886,xcodeeval_code_translation,11.4,2.355937165208161,22,1,16,2.5621556109698784,166,bc6964eaf5b35db30175aad42382eeb5,0.0
,,xcodeeval_code_translation,21.6,0.0,17,0,16,3.0331547853320613,149,aa7045bfd1bcc038516c12641bac9029,0.0
,,xcodeeval_code_translation,13.4,0.0,14,0,13,2.705495228595104,119,ddf7238bb15ce3de36899766b3bb2b43,1.0
,,xcodeeval_code_translation,1.4,0.0,2,0,3,8.38840205857206,22,7985cd111a09c43263d1b9bb01ef889f,1.0
,,xcodeeval_code_translation,37.2,0.0,40,0,30,1.909831866383274,319,8105c3dfd8ed8ec6c97ab023cb9ada88,1.0
0.6482184574436417,0.0400027376599609,xcodeeval_code_translation,21.0,7.896053088828921,29,4,17,1.9980348417008813,201,8176b716a1ee227c4541ed9ebfeba1a2,0.0
,,xcodeeval_code_translation,6.199999999999999,0.0,9,0,7,1.9145314430586569,119,8317afee580017416322bceb8521c599,1.0
0.4563390501531433,0.1960061807185411,xcodeeval_code_translation,17.799999999999997,8.518994258716702,30,4,16,2.184801626877205,210,8675b3d2759e443bcabdfece0b4bfe38,0.8
,,xcodeeval_code_translation,6.6,0.0,10,0,8,3.558254474672732,61,8800e5d4950213f69c83efa45ec08763,0.0
,,xcodeeval_code_translation,3.8,0.0,5,0,5,5.453368823944822,27,8923aadc04eae99fd17c77525e21a8f5,0.0
0.0,7.178250312805176,xcodeeval_code_translation,3.8,0.0,8,1,5,3.213801197170608,60,a8948af3c3c7de013b8967401d375eb2,0.0
,,xcodeeval_code_translation,2.8,0.0,5,0,4,2.360186734122515,35,9628e646abca87fd8adab181ed93f9f4,1.0
0.2580197096284446,3.620182514190674,xcodeeval_code_translation,14.0,81.1456010453403,13,1,12,2.0381008438923818,135,9656f64464844ce39a26eee81633c2d8,1.0
0.1136352156241436,5.779350817203522,xcodeeval_code_translation,22.2,13.80128237232566,23,2,19,2.4490782231397064,201,9724fa72676d570aa4dfe5d950843349,1.0
,,xcodeeval_code_translation,6.199999999999999,0.0,6,0,7,3.484324058707036,42,9755f849269ff5bb60d9d901fc8e89fd,1.0
0.0777859827071505,1.911601424217224,xcodeeval_code_translation,26.0,58.5594369340688,31,1,20,2.228540737095529,244,d9964e2f080448fea5e63b137474ffa1,0.0
,,xcodeeval_code_translation,12.0,0.0,13,0,11,2.1529948279585307,127,cfddd11442e72bb128aca516191e12be,0.0
0.2082420660621047,1.3197232484817505,xcodeeval_code_translation,17.2,27.93135643005371,21,1,16,2.141517031915526,183,012903f9ec9fff34f1b6836f440556a7,0.0
,,xcodeeval_code_translation,3.8,0.0,4,0,5,4.40366142687672,85,d13597de962f57e4aa28ef1b0eaafd64,0.0
,,xcodeeval_code_translation,28.6,0.0,33,0,23,2.2727526743407074,224,a16212a8ee7ecf65b5955c0a7f0b2455,0.0
0.0120274098099842,0.454715371131897,xcodeeval_code_translation,114.79999999999998,507.4041813701624,69,1,56,2.233921718836536,944,24064b012331e7ff157177a4e7127d72,0.0
,,xcodeeval_code_translation,21.2,0.0,24,0,16,2.069818329316161,183,24257f0e1b18a29352d81b1dec9c7551,1.0
,,xcodeeval_code_translation,18.2,0.0,17,0,16,3.2377705641352,107,fe26456ae3105f8652e100359ffabc37,1.0
0.0,7.178250789642334,xcodeeval_code_translation,16.2,25.223182059824467,19,1,15,1.9923587174386763,133,34016aabb28a8d2ed8ec0c27a939464c,0.0
,,xcodeeval_code_translation,13.4,0.0,42,0,13,1.4285561986325868,425,a35808de45cc5f8bc02c3c843f0cdfd5,0.0
,,xcodeeval_code_translation,3.8,0.0,5,0,6,3.8137922500053536,69,c38899e593c8c630929a64286fb37eef,1.0
,,xcodeeval_code_translation,16.6,0.0,17,0,15,2.199737869583259,123,d39540c42d75b8e44f02e04c65414ae4,1.0
0.0004550784601476,7.178250789642334,xcodeeval_code_translation,18.0,21.86525097489357,21,1,20,2.7014893177473804,157,40326a1fa3bd7da93c39814a2334cc6a,0.0
,,xcodeeval_code_translation,9.0,0.0,7,0,8,2.8401957388135344,63,45310f5bdb2baa1db9a8880b32196f7f,1.0
,,xcodeeval_code_translation,2.6,0.0,8,0,9,6.14228013938928,44,45780acd745424decbb3bacdc7723407,1.0
,,xcodeeval_code_translation,13.4,0.0,15,0,12,2.187228816540954,131,f50525c28ad278cd13f07534e74b3452,0.0
0.0630630857656657,1.2745014429092407,xcodeeval_code_translation,46.6,46.44358207285404,55,1,43,2.377050754726367,413,ecf52408ae8f238e9d6ce096ed0f2ca0,0.0
0.0594641717043934,4.019364893436432,xcodeeval_code_translation,18.6,16.421152107417583,20,2,17,2.225185559550813,175,53480d2ceba43d3c89f4d087097b89e1,0.0
0.218517977135655,1.2956230640411377,xcodeeval_code_translation,17.0,3.6974949073046446,23,2,18,3.0206777854280933,162,dda54627a3af5b7d9e4da9aa0ffaa8df,1.0
0.0001026266217592,7.178250312805176,xcodeeval_code_translation,19.6,32.879992350935936,18,1,16,2.149797994276048,207,58914aad81a3e497b69c35c3965a833e,1.0
,,xcodeeval_code_translation,5.6,0.0,8,0,8,3.122856181665406,46,64380ab276623090b770a26f9351a336,0.3999999999999999
,,xcodeeval_code_translation,9.0,0.0,17,0,14,2.890881932711845,110,71037e030523be978284a76cf8faf135,1.0
0.1300757940421776,5.141970694065094,xcodeeval_code_translation,36.8,49.165256581269205,41,2,28,1.7080111017115462,578,cd74629ef48d2bdd2c7656dade9448d4,0.0
,,xcodeeval_code_translation,6.199999999999999,0.0,6,0,7,3.72385766662204,105,80059a83872f472643620dde67a6567b,0.0
2.2467782581886486,0.5742470373709997,xcodeeval_code_translation,49.400000000000006,3.0602632761001587,72,3,45,1.6719497821400449,682,81635c25f233d31258b831312c4d2c50,0.0
,,xcodeeval_code_translation,6.6,0.0,8,0,8,2.2671382718611266,92,82396fe414f2eb1ab06908f9d82640c2,1.0
,,xcodeeval_code_translation,12.2,0.0,12,0,12,2.558637802807985,256,84861d5e06e3a989356756414e0a1315,0.0
0.0,7.178250789642334,xcodeeval_code_translation,13.4,52.76700031757355,13,1,11,2.5132449824943475,119,085863d5f4bc6028b98959b57d3b12ee,1.0
,,xcodeeval_code_translation,21.8,0.0,20,0,20,2.944185832407253,188,ef90748cb8f7890749f4532e24fd2a02,0.0
0.0593285849069202,4.162618637084961,xcodeeval_code_translation,29.0,39.90282353386283,26,2,25,2.289123096224063,256,97233a90cfb4c4959eecbe5f2c8d6778,0.0
,,xcodeeval_code_translation,7.8,0.0,11,0,11,2.4828646038054365,82,99218d9d2de1f2b818c717731b9c9657,0.0
,,xcodeeval_code_translation,30.0,0.0,31,0,22,2.0547302034315056,185,118281fe35616e4fa6dca2b6f76ee6e6,1.0
,,xcodeeval_code_translation,22.4,0.0,19,0,17,2.6010374381729178,187,137849bddc4b7f276a15214fb19541b7,1.0
,,xcodeeval_code_translation,6.799999999999999,0.0,7,0,7,3.7535005648817874,46,193759ed065ac5ad263fe5acf2fc8fee,1.0
,,xcodeeval_code_translation,9.0,0.0,8,0,9,3.130093420197516,73,deb197856baeea47d90d7c3c1cf054b6,0.0
,,xcodeeval_code_translation,13.0,0.0,17,0,16,3.2531799922650144,113,217529ddc9dd38961a8588febf151793,1.0
,,xcodeeval_code_translation,19.2,0.0,19,0,16,2.985398739994237,193,267078b17a8b82f2c60f86cd246fb705,1.0
0.0,7.178250312805176,xcodeeval_code_translation,16.0,46.21834568306804,22,1,14,1.851038790206688,188,284841d6397e5efbea887bd07521e0fe,0.0
,,xcodeeval_code_translation,10.6,0.0,13,0,10,1.7650842925373351,106,322079e1665bb026d21553c5a0e4027c,0.0
0.2182908129230465,3.6013402938842773,xcodeeval_code_translation,17.599999999999998,47.09571865200997,19,1,14,2.776812260750003,119,fa382824a94cd104da08dd8872361aea,1.0
,,xcodeeval_code_translation,19.4,0.0,23,0,16,2.1044110912909524,173,488819d35b104a525d421ce5067a1dc9,0.19999999999999996
-0.0001474415552557,7.178250312805176,xcodeeval_code_translation,45.0,5.898540407419205,72,1,45,1.7628390182287368,602,bc512265f43eabb27a9ae654f6859509,0.6
,,xcodeeval_code_translation,17.0,0.0,21,0,15,2.0642044732726905,144,a714756fcc305bf5f48f90b08867040c,0.0
,,xcodeeval_code_translation,3.8,0.0,6,0,7,7.331729853813768,42,720629dd119c54ce49be68217d4b455f,1.0
,,xcodeeval_code_translation,12.4,0.0,11,0,12,3.108520641826582,75,be811690fc5ff754d448eee177d541b2,0.0
,,xcodeeval_code_translation,10.4,0.0,15,0,10,2.475637543730401,127,822882d52976b970750cca1390e7f4df,1.0
,,xcodeeval_code_translation,3.8,0.0,5,0,6,5.978293146363592,40,f859632d746d41ffe19623b6a4013c40,1.0
,,xcodeeval_code_translation,9.0,0.0,10,0,8,2.6349940289852896,103,880733a7f0091e70458c8874ce8349da,0.19999999999999996
0.4535931112863858,0.0551549814020594,xcodeeval_code_translation,24.0,8.182728270534426,38,3,20,1.616251446182328,476,931646a505cb1b192a15fef50104b519,0.0
,,xcodeeval_code_translation,6.799999999999999,0.0,11,0,7,2.061998810521319,85,4674735dc3a6e2b3ee04716a42159aae,0.0
,,xcodeeval_code_translation,9.0,0.0,7,0,8,2.279147420199987,60,cb4820305a7ab90d89817aca757201ad,1.0
0.0002780382124268,7.178250789642334,xcodeeval_code_translation,16.2,11.401890262961388,14,1,15,2.350704685869533,141,5775791c3436aa1ea2ea8fbb631f4f7f,1.0
,,xcodeeval_code_translation,83.19999999999999,0.0,73,0,60,1.837945633704578,1094,acb5791990a5f5a7d80d8c56d19e3ab1,0.0
0.1357146215030805,1.2272878885269165,xcodeeval_code_translation,19.8,18.968193985521797,22,1,17,1.9537956091431172,215,6988541b76b7480bb5454a4a99a8eb7c,0.8
,,xcodeeval_code_translation,8.0,0.0,7,0,8,2.812806215956153,64,c7266053f2cde2a21f9fccacbbe7c3e9,1.0
,,xcodeeval_code_translation,4.0,0.0,6,0,5,3.621366533229288,56,e7473071ceb253f02961d10696eeefe5,1.0
0.1292370936087492,2.031526803970337,xcodeeval_code_translation,23.8,51.41520016267896,33,1,23,2.0605893035100378,221,d8891450cf0387e2263ebc1da9eda2c1,0.0
0.3148486726837528,2.578890919685364,xcodeeval_code_translation,43.0,15.149369668215511,55,4,37,2.841060091387872,350,9148062c140a4c435153fd751aa205f4,0.0
0.4899393683299422,5.031442403793335,xcodeeval_code_translation,29.6,10.395543057471514,39,2,32,3.0019456460168508,257,9533811eed05a6177d907b216fec3f8b,0.0
,,xcodeeval_code_translation,19.6,0.0,22,0,16,2.1683016800573487,182,9558081b1bbf5832e8c3ee4040435aa1,1.0
,,xcodeeval_code_translation,1.4,0.0,2,0,3,8.614789226461141,22,e26542487de9a5d01d2729ace9cfd3d0,0.0
,,xcodeeval_code_translation,2.6,0.0,3,0,4,6.927526199837817,79,d48956348fa677078f8d555e47b644d6,0.0
,,xcodeeval_code_translation,17.4,0.0,18,0,15,2.295270133119388,155,f56703740c056b211d6138baa0f20970,0.0
0.2959310492254136,4.314445018768311,xcodeeval_code_translation,25.8,7.8562577068805695,31,2,26,2.424124858656964,289,67064532a306a1ba0bdb00a1b9a8a1a8,0.0
,,xcodeeval_code_translation,7.6,0.0,11,0,8,2.2379037820366605,160,68049747e245520f31423f52da446679,1.0
,,xcodeeval_code_translation,16.799999999999997,0.0,21,0,21,2.659551274010829,120,77593031c1f5e3857ffc101a58a71f64,1.0
,,xcodeeval_code_translation,15.8,0.0,19,0,19,3.922847821596407,135,baa99773321c750da3054ed6469efb4a,0.0
0.0001736447485464,7.178250312805176,xcodeeval_code_translation,24.4,12.303170695900915,25,1,18,1.7602299172229314,182,c191982331fbbea8cff2cc4b44f08e82,0.0
,,xcodeeval_code_translation,6.6,0.0,7,0,7,4.602088229028174,74,b465475661f662bdff55453b223014d8,1.0
,,xcodeeval_code_translation,25.6,0.0,21,0,21,1.8199818577541065,309,a495965089dd4fb774b422da5460af12,1.0
,,xcodeeval_code_translation,0.1999999999999999,0.0,1,0,2,5.033696845759248,27,ac526440778d15610c2ec12d8598de00,0.0
0.1533166704368532,1.9356244802474976,xcodeeval_code_translation,11.8,7.504314124584198,21,1,12,2.269849388071861,201,680230096a69db1935fcd882454c8017,0.8
0.0239051154040841,6.541269779205322,xcodeeval_code_translation,13.4,17.307126842439175,17,1,11,2.553618723088387,111,f823797306bf57ad7a6030434fb52e6c,1.0
,,xcodeeval_code_translation,45.2,0.0,44,0,37,2.176819269909078,335,b852220675f83267bfbcbcb6c3ce921f,0.0
,,xcodeeval_code_translation,9.2,0.0,8,0,8,2.122148733253932,160,ba4310479132c4edb730f5581ca6ef32,1.0
,,xcodeeval_code_translation,2.6,0.0,3,0,4,12.903515846023854,33,da9127508071bd48646ab63da9797905,1.0
,,xcodeeval_code_translation,5.199999999999999,0.0,9,0,9,2.708451330706768,58,15717973364af78cc5fde6c17e2e646d,1.0
0.1069492748196739,2.7791202068328857,xcodeeval_code_translation,21.8,19.820270121097565,30,1,21,2.5481195970231165,193,7016013332450cb9183c2c2c0c443929,1.0
,,xcodeeval_code_translation,21.8,0.0,27,0,22,2.525032622530365,291,c6568677905818662f509756d674ebc5,0.6
