avg_first_token_surprisal,avg_lmcc_density,avg_surprisal_gap,dataset,macro_lmcc,num_functions,ppl,total_tokens,uid
2.4326694309711456,5.77270292211324,0.5579374288402961,apr,86.68563433177769,4,2.1108574416182986,824,0147973776fcfedad00743eae08fcef9
,154.8533834759146,-1.1570371231171867e-05,apr,159.01130615361035,0,1.8705439589524055,900,01777b686fb5dc304de894718cc7228d
0.5024594677208066,6.533381873101462,0.4435146559950705,apr,191.53831262723543,24,1.6746884508266129,2123,02cbfd35328b260c8996cec42b25e1d6
3.4965767562389374,49.85361695289612,0.14949385037759708,apr,222.06340104714036,4,2.173125908501273,545,0310c466d84df55e3d344715b6edee1b
0.0012245738645560778,0.049383361218436526,0.42008388489896187,apr,26.68027618625183,5,1.3642676719302715,763,0379c7af26d34bdce00ba8678435dafa
,0.0,,apr,159.81914726644754,0,1.8284944996093024,509,04722af43024fceb9223708fb1a58218
1.5216334263483684,37.140074745441474,0.28686678074703953,apr,135.57082997448742,3,2.354472245421635,801,05c4264379484a1178d718ca95edf791
0.2520775980118535,11.546664750005043,0.5844950271407982,apr,517.7223757950251,57,1.5527057611551989,5934,08945c615abd9ac761e9c317a2b6389e
1.8134986758232117,7.292793812230229,0.4672477677089276,apr,50.597483050078154,2,1.8080382315648225,460,0896ae2a0f8e23ff8fd7e98a48a88478
0.7205651849508286,4.09156896546483,0.2513221064957825,apr,74.58913068845868,2,2.2899289951484216,530,08ed82de1b7607b793f2d4dc16f2ebf0
,0.0,,apr,35.95993905514479,0,2.5756238559475566,352,08fd0bac40d7c8c92af6dc49c1bd42fe
,0.0,,apr,15.723918033763766,0,1.36517830213139,864,0a259a386930adfffdd7990a4b7e2450
2.78824782371521,17.36560527794063,0.17997413958794514,apr,46.267244059592485,1,2.3518709918681346,249,0a4af5403bfb848d37aff50dbeefd085
,0.0,,apr,15.135022472590208,0,2.3027258299007363,327,0a847d657fa59c50893184da6b9e02d2
,0.0,,apr,57.10607790760696,0,2.432577408559249,301,0a9a248623cccedd9e3532b2f1abf9f9
,0.0,,apr,51.99150540679693,0,1.6432427757862837,345,0ab1e2ed5574bd0349b31b93bccf983c
0.6708958745002747,46.589019633829594,0.35026764300910146,apr,90.09422159567475,1,2.162080789814237,370,0c2a4ce963877f827ffec3ac13c850df
,0.0,,apr,72.30335124582052,0,2.0223317875388123,325,0c4e8ea1b73ad99ef27d3b3af7409b15
,0.0,,apr,40.35519109480083,0,1.2904117345774377,967,0cb83a2555716028834a6f3f2c4939fd
0.8429418514454786,5.408524858386954,0.3700450260375962,apr,85.9905745681026,9,1.2779489784014344,977,0cc18af88d3b9ee747c5c33380c88a1a
0.28768778853970745,1.8076844133203849,0.28395393659066837,apr,53.541592313791625,7,1.7088752373330784,1075,0f2e072d7046b8ca609211c9046f550d
0.5297479215078056,4.637293008466561,0.5068282601119549,apr,80.38802296388894,10,2.397621588028589,1541,0f71c4368a228f47e3b753015a08f619
,0.0,,apr,56.8505152836442,0,2.293114849191187,453,1032e7360b2262cb76e00a2c9e0a922e
0.13575047100300708,7.952022230937343,0.4017316497937566,apr,85.14391970182442,10,1.3642481641414537,971,1121e9fee053852bc3e62a5ba5baf808
0.8098248243331909,12.315335894624392,0.26583610285983184,apr,67.5380104444921,3,2.1434865930088427,520,11af814f5b8622f61c00969d6c397c5e
,0.0,,apr,36.58491024747491,0,1.8024537764805126,401,139f3a2c1741037468140b8fc4c9a606
0.7510580021099975,7.906265551948713,0.9758315489327081,apr,97.93495795223862,13,1.976417660765328,463,1446b5b520e817f147196be9a4968053
5.483376979827881,43.94856125861406,0.20953272826392838,apr,67.58824482560158,1,2.937261058426069,321,177b440ef2d6a394c5161ba7dee700f7
1.0308834165334702,11.120299271928767,0.20355222398130637,apr,193.54740782640874,5,1.8336536977825038,1061,17f0b3b085d51cdd07f9a9b985e4e63f
,0.0,,apr,81.07665564119816,0,1.9290555014670079,285,189f169db892f6f1a031eeee843d2145
3.7312049865722656,133.17358288355172,0.022719485217940743,apr,140.0756176430732,1,1.857968891524152,409,18bc1102ecab03ef5fa7fbe057d3f745
,0.0,,apr,9.67371229082346,0,2.4440226408566152,503,19ea8f94c1bfd4263a9d0b5901c14afa
2.0446778908371925,5.247932901605964,0.46491332836160143,apr,24.65906535089016,4,1.909865079182394,497,1a0dace4675eb7d5f4a21814c0c6c1df
1.0064519892136257,49.153696244815364,0.3033167599429199,apr,196.61478497926146,3,1.442597821605053,558,1a527ed46ec62cfe9f1920fbe7c55dca
,151.98327916115522,0.0,apr,151.98327916115522,0,1.5764715492835646,796,1be7c4d0f37ca584f9115b749b15a16f
0.7949062585830688,52.58995508030057,0.27981630093292276,apr,77.58756610006094,1,2.045457001352423,558,1c8ad28d9cf0492cc51ab32821f5eb78
1.2485930522282918,7.78060919418931,0.7368707987394721,apr,33.100758604705334,6,1.9633618201510583,451,1e3221574a20015050613f558d86432e
0.38748707679203814,7.429854986511848,0.5060483888051461,apr,91.77579209394753,18,2.0651170051727683,1252,1e5dbacad5f2fd4f783ccbb15f23b6ae
1.411428374227818,14.846578529626475,0.3241871317853517,apr,200.48711838862073,13,1.6196199616712974,1706,1f94fcba72e7fb12eea1147cd97ae811
,0.0,,apr,41.47960687801242,0,1.7713393701801596,292,1faea68112aa60cf1c1479588dbb37c0
6.732306480407715,83.50733693037182,0.18034548820671922,apr,167.01467386074364,1,2.3265885112336147,358,20b75365468f914cf8b249d26ee51113
,0.0,,apr,166.93157751858234,0,1.8521191700417792,401,2117fbe005bec948baefc58383f2b162
,0.0,,apr,82.81188207119703,0,1.853833095624029,782,22f1cf57323c43c404bfc65204c8efd2
,0.0,,apr,58.11115295626223,0,1.6007846503497294,483,234b967d933b3f9b697da9238b9c01b9
,0.0,,apr,67.04395045340061,0,2.4682353615867645,281,23bb56e411ef969a14f32bb681b4bf0d
4.066893100738525,40.60792870260775,0.11463379873786597,apr,102.23898952640593,1,1.95981050556123,476,23ed15fe1123b92ab148d441727eb10f
0.9529920617739359,10.0348582615455,0.30006855705904034,apr,132.43967274203897,3,3.890228378199875,545,24a74727b973aa1b2b9e2038dfadb3aa
0.8381806015968323,27.252040681662038,0.12881218876650782,apr,32.52416140330024,1,1.4064673470146491,575,24a7474e77a45f93e0b9c765983383da
0.5645377251324205,4.23396359047749,0.5695154835598223,apr,79.30555631383322,13,1.9564742544435785,2443,259af1aa915366a5331b47a44a7c8325
,0.0,,apr,86.4316511824727,0,2.288679636183525,408,277d693cebd4ea5be8e06dab41c7220f
0.5071816704770423,8.17545191869067,0.3590345345934173,apr,107.21951924505993,11,1.4879792732563009,986,278bfbdac1b6beb0db8767b4f65cf7e4
2.187062531709671,8.977602561935782,0.37972849755332483,apr,67.15679062670097,2,2.7370368800839993,504,27bb872e5d601c70a48313e6b336259c
,0.0,,apr,29.78515661880374,0,1.2694317745994186,295,27d4087baa6c2223e1dec48fec80617e
1.8946706908089774,6.316949767371018,0.2993696280165704,apr,81.65454417467117,7,2.5702264560562105,476,2853a7d1fd4eb9d4a1932302026e8b90
0.25046949796378615,6.185962912999093,0.4971964887871078,apr,108.87953768484294,10,1.9776072723272027,836,2b8a1baf96a4d99d6f67599cef777139
0.7321777705154335,2.6976931812707337,0.504810238159203,apr,78.48979114822578,13,1.6123491610821954,1115,2c9d9cfa45878b5292a3266125e1a7cc
6.948034286499023,2.9447484612464905,0.14135481724170623,apr,17.24944773968309,1,1.5667823256572386,370,2ed50efd2368ef0b23398120c0581772
,0.0,,apr,61.704454712569714,0,2.0671723808022437,316,2f40947c7d85105c15f76185179c0d4d
,0.0,,apr,15.802999449893832,0,1.7399069956787683,380,32aca3cfc4f70642de04320e1ed639d6
0.8452829718589783,24.947418939322233,0.14159480056119828,apr,111.15235706418753,1,2.7095607122899596,420,3379e2d3c12c390c557ffb18fdfd19d6
0.24372922340028128,3.686382059656483,0.45885124000530386,apr,33.330006566713564,9,1.2891134046215666,772,33943bdb03a4c1e11d01e43c75a45a07
2.8003010749816895,331.3907681033015,0.002768947531532233,apr,334.79245860874653,1,1.7199011068600631,1291,34201c4b3f2948fba8ad2cc2c7f23c2b
1.0266865851978462,33.436163718734555,0.22738026743953985,apr,213.92637464543805,6,2.2949572794742608,629,345abc187effe006c08531f1c216c2f0
1.4625752825877498,5.475192048800333,0.339509562993889,apr,58.51784934790339,8,1.3607037424389188,759,3496aa9ddd504949ee317757b0d41b28
,0.0,,apr,84.13202398270369,0,1.779959840895193,1071,35ecaadb5627c0de42ecfb98df6c6847
0.3433804745818634,14.690185808902607,0.29978668680374215,apr,118.00609272578731,8,1.5799700127334135,1069,3612891f5f829897ce42fb1be61ccc3a
0.13351330161094666,37.68970436928794,0.14763859414757408,apr,161.3377504600212,2,1.6702580702105487,895,3767c338ddf1520462d7c603b61a9c9c
,220.6705096801743,1.8645707385468424e-06,apr,220.6705096801743,0,1.778642927204567,1057,383d610c3301f84eb5b6455282b05865
,0.0,,apr,62.94552274141461,0,1.6333100125834077,527,39230d34c3e78b307b5b3653585ca63b
0.5393303833281441,1.0308186081481836,0.52025383190763,apr,98.71935710555954,11,1.4597209363362997,1246,3b5c205e1bba9f1efa57101bdf7bee17
,0.0,,apr,59.16119470074773,0,2.218234294424713,415,3bbb9d4a866e7502b6f77c0a77560a23
1.7890114784240723,5.4693474769592285,0.587307554531435,apr,293.11909004620975,1,1.633672584661,1426,3cbf5d1d37a9faa75a12c55847ae115b
0.1740061640739441,59.81920179942002,0.262276000851429,apr,179.45760539826006,2,2.1409069323807577,523,3d5e411ca4e69197adb1d22530c299e9
0.4136049747467041,14.64316874742508,1.099844994978048,apr,88.59099903330207,1,2.3299106361927446,379,3f386ae38bf31cbf63779ad2cd748fe5
0.7967869401909411,2.579403485570635,1.6241038445066351,apr,73.90375188877806,8,2.799154722443256,481,40708eb7d0403161ed599061c6b16267
1.667751431465149,18.567484255880117,0.11985870648673477,apr,49.974599935114384,2,2.2680004774012397,592,420482792a94aecf98126700f79013b4
4.083427429199219,27.326122261583805,0.5319705344683052,apr,70.8255465477705,2,2.370660264363906,295,4343686f06548766f56bdb66a3e03499
0.4602364446421104,12.053626885074967,0.2334277174356266,apr,122.62383174186107,7,1.782025841852405,997,46e0483a5f522265a3385fad58058efd
,7.030154347419739,0.0005299602383495988,apr,34.46734153851867,0,1.760642195476147,528,48436a7f733f0c7f2640c93234130df2
0.11780782788991928,5.13075453042984,0.10080854827158517,apr,11.626695662736893,1,3.1196424355803343,460,48b77e3c49a0819fd1bb159415e5c92e
3.454908072948456,11.014590488746762,0.4014204272964192,apr,99.23222614452243,2,2.1505180616597874,369,4b2c5878c3c228ed67cc0e4c4b804eac
0.4307548820972443,7.843539786732031,0.2545352110662725,apr,127.47384376265109,10,1.947788959255761,817,4be6f07595f29a3a119b84d877518f0f
,84.40715381037444,-1.1776591119810175e-05,apr,107.93166790436953,0,1.9345213495270965,523,4dfbdce093c5b431e0b8e1c8bcfcc3c1
0.8489901344839703,4.469243315979838,0.4623518800441126,apr,142.5380752729252,17,2.433626441349035,1611,4fc0fcdef3f6c3e4f9b573dfcec0bbac
1.0608981251716614,11.600602149342498,0.28930807292780425,apr,84.5252796728164,3,1.6854161820714837,662,505f02d1d9192fea9cd936dc618c9b9f
,0.0,,apr,144.4285426773131,0,1.5945249182258003,982,509d59a56f6a6a9e67f5a55441fde43f
,0.0,,apr,83.13698799908161,0,1.8070487382013054,242,51c40b142e5fd45ba62b6ddeb5c7e20a
0.02264104051781552,11.155472516268492,0.47881270812528237,apr,100.44873922690749,7,1.6123045230280546,803,539c6b44fb15b4b829df54abc62b3fa2
1.6250759959220886,103.68379600718617,0.11709752823590507,apr,221.4193090070039,2,2.0877895611756934,413,53ce28a9aab1f9c8012536a49368320e
,0.0,,apr,58.39016266912222,0,1.7411332202731076,643,53dbf5b6d93b1642e82c5577803579e7
7.359307289123535,10.629180341959,0.3952635616312634,apr,28.348326466977596,1,3.748087048487571,296,5508381044feb13e44de88c526faa461
1.8984132607777913,41.99283359696468,0.14891072093565863,apr,125.97850079089403,3,2.041520320160811,712,552492a4bbeaa3b3109ada314f6b4399
,35.110488690435886,-0.000235008058093843,apr,152.20077647268772,0,2.6248607722625774,682,575924d1f165ce6183cc6bc5a176a527
1.37447474244982,16.37242763383048,0.2274772697998358,apr,121.50902819633484,7,1.7614693541844169,804,58da40a588e738aa166a3a1bb7e70528
5.155073165893555,63.32484920695424,0.05510759771186274,apr,80.40572739765048,1,1.9151980260129826,308,5a2ca94f1bc555cca8abd7a3c57e718b
0.1830087589720885,35.58973506589731,0.36785186587240465,apr,112.72395621240139,3,2.0070661694649163,290,5ae5052c84f25982eae7833b4272eac8
,0.0,,apr,78.91016833484173,0,2.2350711401374372,289,5d0cbf0f6d4bc37001f0e333dd97d80d
0.8793530464172363,35.563211530447006,0.19483665886778348,apr,59.461321242153645,1,1.3162750477043013,865,5e2bd11e0039393ff31adee0fc43597b
1.9753458201885223,38.38938136274616,0.15533840050891884,apr,115.16814408823848,2,1.9823930960773248,405,5e8729ee5f3adf6329c30626bbd23797
1.4310551964677871,10.866864210367202,0.4030336739951801,apr,68.75287289917469,5,2.5990093389658764,468,5e9c7fb6230a67a0d18a18fed4bad539
0.4119145183440054,1.1629716033154789,0.5383399595668784,apr,41.08512499072822,12,1.3574370555126105,871,5eaae85001c311d8a5777b85cd772b91
0.36465950926140067,15.649346811277791,0.24565590493780246,apr,122.74121932848357,8,1.7422813956604692,1281,5ec03f9fa4d2ff08e70b7eec415dd92d
,0.0,,apr,11.651829274371266,0,1.4181121073715541,446,60c466895e32e72c6653069d82781ee0
0.8036699272146911,6.833953035306574,0.36383905818380485,apr,94.54314362962032,9,1.304391061856173,989,61623f21aebc6e298f8c6bff0cb523f6
1.6268692290668696,7.789810913352994,0.2788999407327314,apr,64.25838456308702,8,1.3541121444901354,958,61ae92d35659b2991d575ae82cc9b8d0
0.45280542969703674,8.96400901209563,0.5020236281524616,apr,91.87346233427525,2,2.007192202556193,467,61ffd14188437ee70c6e5a41e404a6af
0.7124904050097729,18.807009455561637,0.314178406808538,apr,227.35690237302333,13,2.0337627829224783,1323,62964ce1c48adc8128af1998d5046a75
0.9797019399387724,11.3049785422512,0.42386442208194697,apr,282.5471822447289,26,1.847444399151151,2504,6480d32924f1eb0a1f7ce684dabaf220
1.006953464820981,35.48263758017371,0.09507174855897749,apr,106.44791274052113,2,1.4744080308490124,1007,64ad7db08d34ba6a08a8e34829c14025
3.5060964822769165,21.027549838647246,0.15024235164359692,apr,42.05509967729449,2,1.9708733895048132,631,652d5e6ceafdb2d97232f47f94756231
0.335902013150709,15.331337466969021,0.25498800465511046,apr,151.98020874592476,7,1.8814341546315514,1319,67aabc9d9b37adb2ceb79419a88b6b6c
0.6752868443727493,36.41974860988557,0.2658405917251782,apr,72.83949721977115,2,2.320517595454606,294,6b3b8565b17969a34304bc09d0bc9f25
2.9714382886886597,5.210449997335672,0.22460319532717096,apr,16.871317513287067,2,2.144332649779307,246,6b7e960192d33cd0ef5ba4262a528628
1.2099804550409317,10.316831000894307,0.4379401805506892,apr,164.7782503645867,10,2.5846229060976547,646,6c3b149ab78bea6b5f2db1b7b639cbaa
0.30087628878641226,8.758376959748178,0.37709261402318456,apr,251.41337799988105,20,1.5993916053512744,1878,6c9e4c09de11e26baeccd29c11cc0e90
,0.0,,apr,114.02698207646608,0,1.9302807835697058,283,6d4eb9e26a39eb62a137b8fa5e9a5c56
0.5174015244612327,11.79855636972934,0.22169228436701305,apr,174.18504592962563,13,1.7884544145734789,1054,6e483c2213298e68f16826d05b83d3f0
,5.37648868560791,-7.334353127093478e-06,apr,228.81844391301274,0,1.503322640711592,446,6e80276c451b80aef12a9bd40bd8fad5
0.38696877770125865,9.310761975031346,0.3747023418658579,apr,227.42368798307143,20,1.9751967497565408,1731,6f811590428294dadfc0fa95af0da101
2.6021605372428893,36.820655507221815,0.4079159086642118,apr,232.51847049035132,5,1.8394647462286073,1921,7074c54af519d74f7e19d174ad8dcee1
0.7162553103407845,4.708899486868177,0.41506432745906013,apr,71.17568117706105,8,2.2044725623336983,406,71ca3182f5418b3677845cb4ead2550f
0.7934290617704391,9.514992283657193,0.21504340764470495,apr,25.812519572675228,2,2.058121887752885,438,72819f5eac03756ff7053f151ca970aa
,2.8748247623443604,0.000223152859689435,apr,37.09482640028,0,2.2712045908310206,365,7287bdfc34d5a4dc87b080f65f724369
1.8092496395111084,44.98271080199629,0.2726200741137617,apr,69.47511576395482,2,1.972448312754938,390,72ac09502a33a60a332a4efff60870b7
,0.0,,apr,81.00763746351004,0,2.5421642371439126,279,74163044ccb5c3f201dd83282c9f7560
0.6981069805721442,66.09197025559843,0.2721297164838273,apr,132.18394051119685,3,2.025150497137831,547,7577b290ca5a6349ddb31b22b56b4933
0.6827785670757294,34.495686846319586,0.12388619983363167,apr,147.99357443396002,2,2.0044995341287626,464,75af54307e1fe0433eb887e3b3a418a2
1.2525099023332587,7.531111074104307,0.256550478827471,apr,65.8190423680353,9,1.359244098442867,1036,760040564369a03a9bc8a78dbca24921
1.6799532224734623,7.2987503996895,0.36618659638915907,apr,70.9729661368765,6,1.7551464043423823,435,76877da388bb362a2ef76e6236a73e59
0.6608040153980255,17.849594093652236,0.46213335610387923,apr,164.73953076265752,10,1.6672128257541043,877,771cd1f2ef663e43d6779ada83e55d8f
,0.0,,apr,44.571551997214556,0,1.6772182691302937,308,78e05e9a4e08ca3f4b02b6792b00c79a
0.4363505682463938,10.467718553698433,0.46981540305499986,apr,492.90716378884827,50,1.4926537612910151,5372,78f799f7b1d9c5748df38ff437963c80
0.24997696729951713,8.244416981498944,0.3117577824596698,apr,54.19079359259922,6,1.4389348252235694,822,793bfc8a6b300f1c186c19f088e329cb
1.7801567316055298,14.45748670399189,0.24347887069297333,apr,55.57591636478901,1,1.8364405990002015,1918,7a08142525d086deabf7b4f878a9bab0
1.3074706296126049,40.09012080077082,0.5675508346927983,apr,142.86335266940296,3,2.059585751420068,578,7a695f4d491f7f9c0f7537a78dcde45e
1.0863527953624725,1.9060156345367432,0.48856013880660093,apr,64.98106364160776,2,1.8958724944099905,317,7b890d26150ea2a07d9143a191b29f43
,0.0,,apr,63.403005205094814,0,1.5443014511736313,350,7c12ebfedb57c19c0dc26dd8f84ca23b
0.6553159378882911,7.986601768152064,0.4671788060939591,apr,90.73378030851018,9,1.9976975810602196,354,7c4ae8e5241f26a450e536540622744e
1.9547152519226074,43.86040563881397,0.10785852468374336,apr,88.06897252053022,1,2.7441820020579315,311,7d452b875f24fbcb7b84aac31e4eafe9
0.18693908490240574,4.480368700460531,0.4060654248120798,apr,24.613612378481776,4,1.7387101624638195,486,7d8c237809774b9cddab5fdcbe2828f1
0.6452946066856384,11.999445833265781,0.8403995606493758,apr,68.62911394238472,4,2.3647213619013803,421,7d9791c45a5f8a6e4cc5e65e176f4786
2.1814303596814475,10.35433777111272,0.38724647082880964,apr,40.70820437185466,3,1.9305895649950082,440,7e912126276d85dabf5351a78ea50597
,0.0,,apr,124.50094890221953,0,2.0432282703740654,513,7f5b4ee9f3c6f5861fa59c892bbd57d3
,0.0,,apr,87.82599421963096,0,1.677621917991476,522,82a7fe09a7f4034354b090c185e9b71e
0.7747168779373169,5.4468915313482285,0.5066338110663903,apr,218.76278668781742,5,1.7968528540716067,1161,85372f00ccb7f11007f714d9f94d2aec
,0.0,,apr,122.91037854924798,0,1.8988265506650974,617,85b273dc341511dc0e2621a30a2ed680
,0.0,,apr,98.11182272806764,0,2.131580878504834,432,86ecfa4de6fe1fa1f1a66d99607f880d
3.1600035031636557,25.85518380801659,0.25879453897950766,apr,132.7434072883334,3,2.3692387692785033,578,8802713b64df24461c8143495c4b405b
0.3007744057429748,8.006771553379123,0.5331553128849432,apr,337.6483307698509,39,1.6311578496921266,2943,89addcdf4f25591a002254c1eaf15137
1.695753812789917,67.34163233125582,0.12539946922529802,apr,148.10462837386876,2,2.4687638105833365,628,89cc8a702bc127a19bd5dcb22028e9b7
1.469126183539629,1.456797202428182,1.298673409039111,apr,252.7709943605587,3,2.0327862752674624,840,8a07f30ccaf81023fce598691a7de17a
0.3282405349115531,9.640891265928406,0.2701142661960671,apr,190.33452390693128,12,1.993385125882366,867,8c6a924f4c707fc096e56274fdc902e6
2.1215586606413126,22.393342496827245,0.8253279651949594,apr,127.0942701920867,4,3.5267026084896913,413,8c8e0abab26344779e4982fc138b3b2d
,37.53613145882264,0.00031648927833884957,apr,47.46970962593332,0,2.304068778820853,260,8ca3dcb083fbd8da9934523e28edf339
,0.0,,apr,50.79005252197385,0,1.5906296896307937,378,8cf8cccd5062af16ed0e5a8f0fbc95d7
,0.0,,apr,156.47916797176003,0,1.9980966467478756,401,8f0942a2e6d2ff2e0629d5fbe88fb9f4
4.216284275054932,8.58887474425137,0.8741178439339883,apr,93.49682433716953,1,2.0910200666380687,462,8f2815bc7db9d00bb260d427edde2c0b
,0.0,,apr,174.67489775456488,0,1.8677039595392342,1041,92f498db3e82e53bd111a2d52dc589ee
6.948034286499023,66.47369504184462,0.00864451718636832,apr,74.00558634684421,1,1.2981969326176117,1139,935cff1eac1c15f51ed1bb68655d1cab
0.667542103677988,2.7366074919700623,2.054768322306833,apr,71.73008562531322,3,1.7260502098934873,626,93f39bb270dd9dcd4c19d09094c62603
0.05277456935989448,0.17865071990915263,0.41959637777838565,apr,8.655120493436698,5,1.1646967697254942,638,94df2866a8198f91d37ecec44b0ed969
0.0022552004761564604,0.11846661410527304,0.4192071791007171,apr,65.61476818373194,5,1.4884717536352667,843,9519362299942a1f12d5f7ecf10d30a0
4.162206649780273,46.47555033490062,0.21995466592167665,apr,116.11215413734317,1,2.626993554378806,373,956f08440deb9c315a57520532700747
2.5925849278767905,9.907916103800138,0.09354075234761748,apr,36.6257830709219,3,1.8182927895853815,668,974628d203147b735470453995aa1285
,0.0,,apr,22.399935944005847,0,1.7135875256880229,364,97619024febb1ad3377a5567a72980fc
3.158205270767212,12.523268351952234,0.24089415078551482,apr,44.47183981537819,4,2.233997960438987,405,97db59d2975c38aca53ff068049ed9b8
2.7123451232910156,14.08951510861516,0.2461771385515695,apr,100.82064301520586,1,2.0362550391670475,338,9940e80eca40c4c98798415194319f3f
,0.0,,apr,56.07864324003458,0,1.5211873430878657,688,99dd150b0c283fc3347aafac29cf2798
0.4506887978315353,5.418186318459145,0.42115418455149944,apr,195.01401983108371,25,1.882327571980454,2216,9ae00e2aa29b7f8c226bf6e5da311964
0.9576276668480465,13.379866232474646,0.4507920744052982,apr,80.27919739484787,7,1.9247714449547557,424,9c53e3b83ca39b0799420b580da3d144
2.2040548622608185,24.76845279801637,0.3832506539008526,apr,108.89463490620255,4,2.1598957242816876,313,9cc62098072ee7ee6a1ad8c681c70984
2.9169933795928955,136.99734476953745,0.036269314900297396,apr,136.99734476953745,1,1.8984468445702871,506,9ed5fd39588ba4c0538789c081eba6e7
0.9851257453362147,27.071074448137853,0.232343452765548,apr,81.21322334441356,3,2.4375742871866706,909,9fda7f3dab2ded9b89f21d19d154cdfb
1.7244362864229414,20.257264874503015,0.39662364673040135,apr,118.18735457770526,9,2.804974144289442,927,a12ca9bacbbdf3ccdf6aa8319219a867
2.519500732421875,236.70010562986135,0.007204317460847887,apr,251.35598512738943,1,2.4763734807895013,538,a21eb67bc9523774629550cc96c54883
,0.0,,apr,69.81388765573502,0,1.987112950641588,297,a2874d37a226d075e69a8dc3ec2e6d6d
1.3184774089604616,2.9555588432898126,0.7863655634773826,apr,43.50221983715892,8,3.2576914938321107,423,a348277a84315febe2270aaac7f1754c
0.5468947887420654,10.473168279975653,0.07416196575191678,apr,47.911280907690525,1,2.266498744245563,261,a3ea2651ad122b6e1c2b1078ac425a2a
,0.0,,apr,5.191636525094509,0,2.579859719179804,448,a6d672ff263a48e676f3e86a5cbd8c68
,0.0,,apr,100.64718615356833,0,1.4704715410115439,707,a7620b0d90cdf49fb01683962a1581fa
,0.0,,apr,176.16558449342847,0,1.8952269486384858,568,a88b8e3de7e102d4c16b557fe050a0e0
2.491446018218994,0.9437218904495239,0.3872502069161446,apr,43.335643492639065,1,1.9898679795161656,351,a8b7994d627ca39641c3ea25ad1d1d08
,0.0,,apr,56.63066990673542,0,1.9988523041099342,283,aadfd4a381651013a12982168fa5fb89
,0.0,,apr,71.83552508056164,0,2.033375758574571,420,aaf2fba1a77f6f9c7742f86a206003a9
1.7759681642055511,34.500980264972895,0.4188337144924886,apr,153.5369789917022,4,2.001855292129057,475,abf81eda3f5cd03d20d6b5f92e28d8b8
0.38879470868717664,4.1148035455807985,0.297220372220757,apr,34.12414101672766,6,1.4228735585117815,822,acf84ff515d82a76b5d8f6119b13a138
0.20574680119752883,19.53919519390911,0.19703036495514198,apr,83.62928729876876,5,1.8831746325627083,808,ad87baab899ba039e8294973cbc4523d
3.6166616082191467,26.318128968278568,0.2751315393458749,apr,102.65455133467913,2,2.0081488561312018,342,ad9747c6ab9852cbbf0a3acb3d8c8e1e
1.4752847477793694,14.827649212442338,0.28073941941498687,apr,92.02076068893075,4,2.409372423761514,637,adc5641a4f7117e9e44e9714557ed852
2.703436568379402,25.825132398400456,0.20799820544332187,apr,106.73835735954344,4,1.8939979863507561,637,ae318fa9ed75fe4d8111b446821ce642
1.9594345688819885,5.328966526004176,0.61012551726985,apr,42.889816449955106,7,2.2615682020477847,257,ae6ab21997b17c1f3bccf77ae8a05d8d
,0.0,,apr,213.82059982325882,0,1.7037771110182893,1047,af1f0d31a17baec242ce9718628ae948
,0.0,,apr,75.29124584235251,0,1.9921336189501497,610,af26b8653bf004c2482d9b849c26f7b4
,0.0,,apr,46.59073265641928,0,1.7562460620130795,322,afb3d6257bfe97d9995b2031696b4274
1.057568364909717,13.508688332140446,0.5632533928938309,apr,170.56968348100781,7,1.9469403976117257,1059,b2bf3f1b0eaefeddafad22029237a6f0
2.9589914083480835,49.25127113237977,0.14481101536709934,apr,98.50254226475954,2,2.319084260529199,661,b334651cd3d5771f6ffe03b2ef3b25ce
2.1686943992972374,35.88629939942621,0.27501741597565393,apr,183.04531191568822,4,2.480779455007858,743,b55a521e32699cea4aefbfe6de9d4641
3.123067617416382,5.229310512542725,0.24513218544746693,apr,38.49702699109912,1,2.42035821972415,446,b5ea850ffc5fca39d01d6d4f871c4c24
1.6767727136611938,34.84845797779659,0.1280418756204051,apr,126.87728020735085,3,1.8249998727756356,824,b6bc550da779a70fcabdc7fd57c7db63
0.21645620465278625,57.37203813623637,0.2086229310536747,apr,182.58297816105187,2,2.0769912271454998,495,b7a77da71b8a358788ff83f3bd2493d2
1.2273818348263257,8.742782621411607,0.45190237972256164,apr,222.44083620863967,23,1.9265704055703032,1980,b8e59010541e7ca6007c3d10db63c99e
1.3138790130615234,12.546931833028793,0.8025682519116715,apr,63.71873996220529,1,2.0589343697079707,400,b992c4d860fd528121410bdb484d9f22
0.8274639248847961,29.044689712425072,0.2873040661574144,apr,90.57687420397997,2,2.072090874298144,429,b9cb2fa7ae11d8d5d94f7dd1282cf99a
,0.0,,apr,99.23340757424012,0,1.6380867194064943,939,b9cef60e442f8aa9bfe6a91597b487cd
2.220902442932129,11.966972284018993,0.03461677747596379,apr,81.36720592156053,1,2.0542535420232553,340,bb3e8ab15053e7c6e29f4fb6a5c0315f
0.6899415994412266,19.958232602803037,0.29798895876123116,apr,162.9542557131499,8,2.0540661600943344,852,bcae166f10457d58259a618890163845
0.7126312231105801,8.74071231021491,0.4415501442470892,apr,227.7609888636507,19,2.593103693380571,2045,bd3e33525a75c2256e4b8db404b4d818
1.1482983432290763,15.450139972924566,0.2590100987518086,apr,142.66769890254363,7,1.6197590179042658,959,be9d3ae8bb18671f4c1adf929f96a320
4.340731620788574,98.04304561391473,0.03957399149025747,apr,98.04304561391473,1,1.9715265642839412,501,bf49ecac7b1191ef86baee2fd171cb8c
1.2728356719017029,31.628848800435662,0.24993714471677209,apr,63.257697600871325,2,2.379030433771833,335,c261699b5a2d15aeb5297b4baef38d3c
2.4889254570007324,2.7351373434066772,0.6335695317659104,apr,75.16893855109811,2,2.125383862159803,580,c3718098d46bf67850bc97f33942cfa6
,0.0,,apr,25.814270704984665,0,2.333798449189063,243,c3b6bb4616bed8f2f2ed851ba16f77c9
0.9512723684310913,83.68463024497032,0.3678530530764874,apr,159.136297211051,1,2.2605546594719916,359,c3f8174f6b7700c82b604afbfe414c82
,0.0,,apr,37.835579823702574,0,1.76101981173784,430,c7c224d908d220b5e797f2cc6365b677
0.6205549053400039,12.570513749029487,0.8060214370797923,apr,344.4468506174162,26,2.6912242896430865,1495,c7cb2decc9277325426e89c84b5338d6
3.199458877245585,45.2627025625358,0.21321122483840818,apr,153.39616097323596,3,1.8570420948896158,466,c7f471bc01ac59d96c1c72bda1aafc7b
0.8588063269853592,41.797862448729575,0.3498062328988281,apr,179.7884096801281,4,2.0637487855695036,415,c7f9272f108b3c75e01bdd2289887786
5.7476935386657715,16.541416622698307,0.2568687448513346,apr,62.01748502254486,1,2.5127842069292456,343,c83171a525be8a43b6f852de621b5e71
4.3739423751831055,13.439700111746788,0.35259308802737843,apr,64.63544103503227,1,2.2171840539678644,309,caf2bceb41cba04631b90034f11dfcf3
0.8834135929743449,14.393963585918149,0.25849326165944225,apr,43.83972823806107,3,2.749298850072951,486,cb37d2718d1ec19c389a8ee712990435
,0.0,,apr,23.80135170556605,0,2.5252689797455385,287,cc44585450d530e82d43b5471d998a2f
,0.0,,apr,30.70443769544363,0,1.6636489848257667,430,cc5af6190dc013b8ec6c4d9493d93dc1
1.360687106847763,4.768664311617613,0.2570162218903365,apr,67.12153404206038,2,2.159587203184815,361,cd01a2751776ec24575ec3f9167a5e29
0.00283316383138299,86.6952482201159,0.06875596821811966,apr,113.02873368375003,1,1.7144578870799996,375,ce5de6a9ce9ca6b6e2067b292a4e2a27
1.204191379249096,1.5033618211746216,1.078891897178255,apr,77.22594313742593,6,2.7812893694341434,539,ceb699d3bf7e1af97d6e43ec5f0d3891
4.826754689216614,53.74342054501176,0.08606220500631735,apr,118.90445675700903,2,1.9774249013707759,387,cf41ec74b91f9151840ddee8d5a8bf2c
0.9616084098815918,10.934008470969275,0.20974456819340784,apr,12.638745776610449,1,2.8734611359701767,447,d0881adf4b3f205e96971e16042559e0
0.9174008071422577,31.42537110298872,0.3256853170950466,apr,136.43033152073622,4,2.271970056843843,727,d08c0a69f626700f30c71c25ebfa4000
,0.0,,apr,78.72985871136189,0,1.9138160298907527,389,d1578c96ad04b3f94fa9a67476bd3eb8
,0.0,,apr,25.06817042082548,0,2.086121334729465,274,d2762683b7b033ae25e01bf09fde3aee
1.5728150606155396,36.68961059115827,0.19501162415457804,apr,83.01047029718757,1,2.1607417498491466,280,d27bb43d78958db0b12fa86e51619f28
4.191805362701416,5.068131446838379,0.2509905939022164,apr,15.89037435076898,1,1.065997980138048,2926,d2fb78be092c18bda86a19d018485248
0.5910538202151656,26.178088725428097,0.13640889168314482,apr,216.05564476456493,8,1.611651212598778,1586,d31d8a992a9b0c6180db36bbbf20cece
0.05711435042391915,1.799898221240645,0.414147193195057,apr,176.47796922095586,9,1.4618525146315222,1124,d43243e027ea408da56e0e96c712d637
1.2156627178192139,9.660478504995504,0.2646577038703167,apr,81.87826594151556,3,3.5477068987619695,434,d4b28538ec7c2abb43542521f6a528c1
,180.72802557609975,0.0,apr,183.03548230044544,0,1.9507012522463154,599,d4e8227384b77cede13cd76b75d1e499
3.5306278467178345,45.605059592053294,0.15356476706877548,apr,190.5686134826392,2,1.8154295505983853,1252,d84a554abbf4c7048ac55d535f3c768a
3.389893054962158,31.245256905443966,0.14900586129011617,apr,119.6245910320431,2,1.818269304202098,1197,d8fa83ab4bfe2d9dd2476702e0bbb6a4
,0.0,,apr,25.30129305832088,0,1.498155436664,416,d96192b5f0318162b0eaba3d13bb2829
2.170864763855934,35.483019962596394,0.22589072655500786,apr,230.1801927741617,10,2.509528604246401,1302,db0918c4d0194e87b438e5a895ddf7ab
6.826569080352783,38.09271940588951,0.6049737275830069,apr,223.75375302229077,1,2.8696661277507465,838,dd6d9005f2f1070a64443153fad62e6f
,0.0,,apr,87.19863964244723,0,2.2702535223303015,373,e12ebf4376c0db01c8797780e4851b6a
1.7101017634073894,57.01306084450334,0.22013152029130498,apr,122.23910035006702,3,1.874705654156915,624,e1ddbb7cff37072df2770baa68fde0bf
1.8836294412612915,119.09238416515291,0.028374695783964187,apr,130.54638225398958,1,2.1846071906755937,306,e2776114d36b1bc1a60f09285ccf7a36
,0.0,,apr,40.03586073871702,0,1.9641436230673353,417,e5e40485a3967a6a8710c1ec1d02e88f
,0.0,,apr,74.95175725966692,0,2.2744595750325933,323,e776f48b614daa7a85f5d9bd48f08278
,0.0,,apr,86.68630639463663,0,2.2454586684534554,348,e78848ddcb130862a7b62d6e7216f210
1.095340609550476,5.137811973690987,0.7850427445452872,apr,34.00211821869016,1,1.8030980993829013,514,e8897feace492d487838cc5ef1c18b5c
2.7888757487138114,17.770963326096535,0.60904773677346,apr,129.6951969563961,6,2.280754619188791,349,eafd18db2a9e7c8a1a59b3f4b310df1d
,23.61251477152109,9.382880983009403e-05,apr,39.6296262294054,0,2.094852771545506,229,eb3614e47317955b8fbd84a3d09898e8
,0.0,,apr,113.7237399443984,0,1.8305254693347601,375,ec7f93bef76bde4921c6b544a7eeafef
,9.999177806079388,1.4761790887198664e-05,apr,56.33741475082934,0,2.397053168668462,356,ed642ee9236ac9879543f604fa2e3e69
3.9790053963661194,72.96162376226857,0.17224937271819965,apr,156.27823595050722,2,2.013724897773638,496,f07aeead401c530534d0eb40a99f09f5
1.512305611371994,8.258173388930468,0.6117019889384633,apr,137.07644974300638,15,3.170622452720627,886,f2214853a2e5bf90eaec98a49bb2ac92
2.7039239406585693,62.759458255022764,0.04973733325667646,apr,81.74930120632052,1,1.8364654726817813,426,f26e4964c6743b90e2189ddfc91717b0
0.8644806862595829,3.5569962366218015,0.6266302210609606,apr,93.11283691367134,16,1.6454860153219653,1152,f335efafb7ff0c573792a20ef2614799
2.614929676055908,76.64097997359931,0.06458362580322703,apr,80.29414270631969,1,1.783455218504723,597,f383b9b8b56a4ecc3afd643772bdf6aa
0.8269718527793884,7.977391830086708,0.4311230327374967,apr,65.11161202192307,5,1.6175456677080235,800,f3f22dc4ffd493236c3f94c9b219022f
1.3094190855820973,5.437918524878721,0.6014942451146132,apr,43.60494296811521,6,1.6064180842462004,590,f4433701d734d739e8163f52ffd9b0b5
7.066871643066406,39.57569370418787,0.1285904101801641,apr,41.11968184262514,1,2.0774642509020604,238,f5c0bd0fcc8a29014c284059d3ed26e1
,0.0,,apr,72.98423557542264,0,1.869037477702471,473,f5e6604f3e1e34c9eb3366f1fd41479c
,0.0,,apr,187.5441650506109,0,1.8488567403357494,1073,f7287fce191127406467cf67d27f6129
0.33433378680342685,5.07105922534538,0.2845042794361068,apr,75.64574921590975,6,1.5559172709479694,1162,f7b61130c5657a152329987c837cc95c
0.8920301198959351,3.721106469631195,1.2093253197267388,apr,31.476489389315248,2,2.5124712780989666,415,f8e8a7ffcead933c0e4b1fbaf30401b8
1.3296726793050766,15.394160822033882,0.18365411996221642,apr,84.13562073931098,4,2.179611230163782,461,f9318a0cf62a5ddf7e3fae4e1bcf103d
0.9383151595081601,4.099171241479261,0.935571935586617,apr,126.7181155004073,7,2.266734855239877,660,f974ef0d5cd4b19c44d38d6a3264f004
3.0972314178943634,21.57256753463298,0.17473794563008513,apr,48.48873140849173,2,1.8974510458766973,430,fa76a297955318641e881991bef953f6
0.9637313680872727,1.3194341763155535,0.4755013873359597,apr,26.6378563788021,7,1.3449740553226264,670,fb4041fb49101401f22c4c0a80da4a3f
1.625986821949482,8.60432340875268,0.37912601598575246,apr,52.84242172911763,8,2.6105214722366084,686,fbc987ae303104ef45291e4e2f637541
0.22495339711240375,2.803650037581974,0.504560019997789,apr,30.251435259677237,10,1.7185489384182682,1035,fc2d3f812b4cb6c6ea3b66109f7e240a
1.904029369354248,79.5530313923955,0.017037283557465966,apr,106.91126213455573,1,2.1436398504784324,395,fc98b0e4447eaebcecd11d9edbe22792
,0.0,,code_translation,5.254067033529282,0,3.4552500946051383,59,00552bcd8b44d1a45d505805b0fd578a
2.465585708618164,29.40927581489086,0.15330419176306812,code_translation,32.54639882594347,1,2.162304496193594,182,012903f9ec9fff34f1b6836f440556a7
,0.0,,code_translation,6.238535165786743,0,5.366759856835809,112,017ce8d247bdc8775ae70083a8217857
,0.0,,code_translation,0.0,0,8.631629584835368,23,0187b4dc713c672de35ad6e0ec6f1800
2.3305191099643707,7.263496845960617,0.18222714544455976,code_translation,9.735282242298126,2,2.168230245898311,217,02664a6a5941f0476f17bc9062c5e766
,0.0,,code_translation,8.385137498378754,0,2.502516182859137,75,02903a68fbebdd117f779ac36a3f3c3b
,0.0,,code_translation,2.3848486617207527,0,4.023674583694022,61,0295a1be9f2362a0836cef7cffce0e75
,0.0,,code_translation,15.532996065914631,0,2.9912702662750985,39,02b065e71ea9750d9b0572e74a7dbf9f
4.899125099182129,9.061557233333588,0.1736989721009094,code_translation,160.06994542479515,1,2.4923886229765078,328,02d409b028d49b8cddd78ad304f1d53d
6.824904918670654,9.370979845523834,0.21614479132800957,code_translation,38.8308078199625,1,2.8849457154010816,529,039ff364b553b483d33c0a09a2b7aa8b
,0.0,,code_translation,33.626674205064774,0,1.7099230154384022,260,03d91f9bb004837a16fe2f4020dc7907
0.19472016394138336,82.83171859756112,0.11341486873491456,code_translation,82.83171859756112,1,2.3000965601881873,252,0410d92602dba1106c848f2859f6324b
,0.0,,code_translation,106.46771178767085,0,1.6602677084288933,437,0469a415b73c86652f520eaf69bd7311
,0.0,,code_translation,21.233943985775113,0,2.1548104024915324,272,04b4e54084b93151383897a73537c412
6.842526912689209,5.879790913313627,0.27819384444774187,code_translation,5.879790913313627,1,2.265661235114102,128,056bee65b63b1877e81533b108e9e16e
,0.0,,code_translation,28.78468880802393,0,3.1659333848921007,138,0709e40ee49b6439d328de121380ddcb
,0.0,,code_translation,29.002077788114548,0,1.857669959130814,207,07e110f85017a020f3a4d8689f76e32e
5.482977390289307,6.653192073106766,0.22055926305265763,code_translation,24.565846495330334,1,3.1156986400450735,196,0804f806a9590ab9cbc36094ab9f5e17
,0.0,,code_translation,60.710143245756626,0,3.2897400570280273,154,0806a212721c65d84d26466a3dfa5799
2.25147020816803,9.402870139107108,0.3367907239451444,code_translation,31.703676622360945,2,2.5829077828868163,167,080efbd06f550ca322feaf2a53bf2d69
,55.12463869899511,0.0,code_translation,55.12463869899511,0,2.378646508924424,118,085863d5f4bc6028b98959b57d3b12ee
,0.0,,code_translation,33.91219201683998,0,1.9055908937723538,243,09d65d01ae958f50af3de436a9fa8e72
,0.0,,code_translation,4.887223452329636,0,1.8929687039105993,93,09db9e23b44680728ab604ac7c73f0d1
0.3834393620491028,11.745150789618492,0.3930522098794013,code_translation,69.40233887918293,1,1.34690564053357,802,0ac60ed75da30c0bc6d4c23185bd19ec
,0.0,,code_translation,15.11152807623148,0,3.6753612746786235,102,0ae7bb23101b85871d39420b4b8f1025
5.869287490844727,36.06118081510067,0.6608476212508428,code_translation,135.80270114168525,1,3.208058331301708,577,0b89808a1534e5dd349fcd06e195071f
1.3631409406661987,7.794146526604891,0.3437407854325479,code_translation,15.588293053209782,2,2.0388048182774963,216,0c251095942230be0e2cb0df61659829
2.7039239406585693,25.68575206398964,0.22847751460682889,code_translation,54.91821700334549,1,2.136972873308564,159,0c99e00c440eb84e6aef6d18e977b6ce
0.41030968725681305,19.316684973891824,0.5653715513174878,code_translation,87.96340853534639,4,2.5005681236913864,385,0cbc297c8715b2efbcc2c7bd1e98ac2a
3.959048271179199,12.800839949399233,0.12383130044413224,code_translation,12.800839949399233,1,2.4105851532058997,193,0dcc4dcdd5a6ea97cc5bd203fa8617bc
,0.0,,code_translation,27.281808577477932,0,2.524721149164616,129,0de5afa1aac9fa3ee7daae04ef25e11b
,0.0,,code_translation,0.0,0,8.066112655819504,34,0df7f7625d37884463f6ecec4d35e323
,0.0,,code_translation,7.571680568158627,0,2.1392665262185795,80,0efc6376ee6f1b20adfdaf1e661db9b7
5.110186576843262,43.99618788808584,0.08265411596508,code_translation,49.0977922603488,1,1.6491490135278264,506,10eb0721fcd0ed627caafb702ab59c85
,0.0,,code_translation,4.065165877342224,0,1.8563189442879364,136,10ed8dd9d0f8641a511517e204071e5e
,0.0,,code_translation,19.294484555721283,0,2.4987966270514215,157,1149f2e35cbaa6ac6ab43cb75ad48b67
,0.0,,code_translation,17.092051155865192,0,2.0773195921709684,184,118281fe35616e4fa6dca2b6f76ee6e6
,0.0,,code_translation,4.99716429412365,0,4.3357625458197715,75,118c6d750ae46bba0579775a93087f1c
,27.300759375095367,-0.00022166377487431826,code_translation,146.01626086235046,0,2.180991225125432,281,11dfb2e54ab203f2c329291286db0dd7
,0.0,,code_translation,58.57420685142279,0,2.6520967622482763,186,137849bddc4b7f276a15214fb19541b7
,0.0,,code_translation,5.814875852316618,0,3.6060522103007133,142,1383c2a71c01dd86f2785ecfc6b3d65b
,0.0,,code_translation,2.8963992595672607,0,2.8236180110063676,169,13c859eb5fa8570b1301b3552d234351
4.694993495941162,42.0653780400753,0.061032990787484157,code_translation,90.25854215025902,2,2.325253910743227,280,13f57271746a692ebd5a3519d337f122
,0.0,,code_translation,3.956907607614994,0,2.6364366111644486,64,1472d5f79906c025fc62bcbf12599073
0.5470714783295989,3.2374300472438335,0.6317263694671316,code_translation,9.815062895417213,4,2.101986810958527,187,14c6dab81019acb6aec269fcb0994ff9
,0.0,,code_translation,13.936393544077873,0,2.5453358837763016,312,14e3c253d5e54fca356b9cec3a893a22
,0.0,,code_translation,15.064719192683697,0,2.1599456110377675,86,14f2fcbebe004325f3e048c145c5315a
,0.0,,code_translation,14.92683644592762,0,2.6069791188634235,57,15717973364af78cc5fde6c17e2e646d
1.7603099346160889,5.876461535692215,0.18498588347839276,code_translation,5.876461535692215,1,2.017268578890006,129,15df3e5c7ca521a7d453ad7897196a37
,0.0,,code_translation,13.053101018071175,0,1.9853186461205936,184,15e72d20d3afefbaedf3df00c4b997ef
,0.0,,code_translation,17.030666952952743,0,1.927418199044467,177,1625d09f2634ea51f42b20ea15c636b0
,0.0,,code_translation,5.7441607266664505,0,2.9723349297914328,86,16a476ead4cceae097133c0ce226b382
,0.0,,code_translation,4.439517162740231,0,1.5157180273308093,237,16d1aab93cef1d64a9089afe23ef8920
2.481485366821289,6.806002365425229,0.1096409125597153,code_translation,18.114061133936048,1,2.3226922339455944,284,16e0d7faf0cd78474a1f5982cd62109c
,0.0,,code_translation,21.919358856976032,0,2.796582578764896,110,17c35792f345f5e73227cd0440406620
,0.0,,code_translation,0.0,0,3.8519196830341436,28,17f1b5079e6e6f4e58ad7f60012fd143
,0.0,,code_translation,26.557697631418705,0,2.016312395574859,129,180abf06c48b6a48f5fa6258f957614d
,0.0,,code_translation,4.030231177806854,0,3.7271479005987245,45,193759ed065ac5ad263fe5acf2fc8fee
,0.0,,code_translation,44.84072520583868,0,2.1613819395750435,269,1a61131da6ffdeb0c6dfbbd97d999461
,0.0,,code_translation,17.269564047455788,0,1.909330375001579,207,1b829e55eb24979c1210a2765f38db13
1.3299015760421753,17.439828380942345,0.17520583266702267,code_translation,52.319485142827034,3,2.8306709168149813,371,1cbe48cdca5ba76721d4ddeed42e8a9b
,0.0,,code_translation,10.333706349134445,0,2.9023882545189763,118,1d9481fd01acbae7c8fd3d21a1daca5c
,0.0,,code_translation,12.010369680821896,0,2.1705537200155307,212,1e41831839960ab90b13e2a5b45fe063
,0.0,,code_translation,59.92252892162651,0,1.6151294417973003,632,1ffd32a907dd7cfa3cd6c04642a7850b
,0.0,,code_translation,33.545928083360195,0,1.9172102676525329,141,1ffd6dc415dbce46637c4ab1cece2230
,0.0,,code_translation,4.8742827624082565,0,2.486675583358737,88,211b92d22a43fe2581851823dc83e224
,0.0,,code_translation,8.230423331260681,0,3.3327271680045243,112,217529ddc9dd38961a8588febf151793
,0.0,,code_translation,13.012610543519258,0,2.762828366343524,151,21c199e6a18a5869cfdf1c25de9f992f
,0.0,,code_translation,27.546093001961708,0,2.6307301697511765,105,21e856e1cf6b1d73d302c2c139e928de
,4.292361259460449,-0.0005751720872586188,code_translation,21.970978423953056,0,2.7012362826373395,201,22def467f9d67cc03900bd12527b29b6
0.6491017937660217,505.1241023731418,0.027456385388001332,code_translation,505.1241023731418,1,2.162700081525942,943,24064b012331e7ff157177a4e7127d72
,0.0,,code_translation,50.92599569261074,0,2.08580613326537,182,24257f0e1b18a29352d81b1dec9c7551
,0.0,,code_translation,0.0,0,3.790251889321773,47,24f2b5c3812e4c7df53dcaba825a988b
,0.0,,code_translation,11.100587204098701,0,3.223903244941583,145,25aecf215d4b975a6149209398b44958
,0.0,,code_translation,55.95861116051674,0,3.4840591294539194,194,25d456bc0686dd9ed325152a5fe4b41a
,0.0,,code_translation,15.37725318223238,0,2.161023739098216,90,25e15f0209d09a77ff1d228f164035ce
,4.864558219909668,-1.613764511860626e-05,code_translation,21.967992685735226,0,2.1216380147626,367,25f51c7117f1ca317213431b9e24ac58
,0.0,,code_translation,28.84286317229271,0,2.954080839412394,192,267078b17a8b82f2c60f86cd246fb705
,0.0,,code_translation,8.642177980393171,0,1.792077359971552,420,26c6809c59601396f3aa49c23268240d
1.5340798497200012,23.488970739999786,0.0526680826189994,code_translation,61.77501292200759,2,1.954465455022607,684,27b679b65629585e93409b3811fb444a
,49.61957251653075,0.0,code_translation,49.61957251653075,0,1.85681347026961,187,284841d6397e5efbea887bd07521e0fe
,411.1974562322721,0.0,code_translation,416.5078252321109,0,1.7091431358399078,736,287dea8398d5e1a97f03fc5914ca8133
,19.901416525244713,0.0,code_translation,22.37081679701805,0,1.9745012333693495,190,296d30555934bd8078d947911b5cba69
,0.0,,code_translation,51.90796699374914,0,2.4951718650456467,223,29a54530f175f60d48f86aa3857eea49
,0.0,,code_translation,31.606970481574535,0,2.0739821593483914,297,2a3b799affce260fd92223fc6b490040
,0.0,,code_translation,4.848233669996262,0,2.2326836520699738,75,2ad6bed1841a5708f37a1443a124b903
2.9168503284454346,32.2092469856143,0.05122473719743414,code_translation,42.76245955377817,1,2.0540769892475925,129,2b4d89d5ec323a8b3448b28a3d18bf29
,0.0,,code_translation,41.9613701403141,0,3.324390679438306,135,2b63465d16c05e5d176c56add334780f
,0.0,,code_translation,8.426597818732262,0,1.853061871078735,87,2bec2326ca5bfba429dba84c103ad4ff
1.0276961143439014,8.100789178295859,0.4166647119233432,code_translation,143.083606694825,15,2.4042071926089235,1700,2c786b87aed9e19fe1fa8c7e5c8ae65d
,0.0,,code_translation,4.540862001478672,0,1.3816017813754147,343,2d7d70f5fbc1ccf198a499e8a9ff6263
5.268246650695801,14.635106392204762,0.23727588832231336,code_translation,14.635106392204762,1,2.7858777400587638,104,2db5d5733e875eed176ed5122f648dc1
2.2448644638061523,51.022722620517015,0.08052611152463003,code_translation,102.04544524103403,1,2.7824060558280603,753,2dd963f592f95d7eedd74446e9652f5e
,0.0,,code_translation,5.997073799371719,0,2.278512773099618,299,2df089654c873bc54b798666c4676daf
0.7096988558769226,16.935879591852427,0.1069434689955221,code_translation,32.80574760213494,1,2.552216378091717,154,2e6cc01ae9440d51c687c8a4208beafb
,0.0,,code_translation,9.378888368606567,0,2.1431193128171118,114,2ed7b5e1528e987cb519019cf00f5f6c
,0.0,,code_translation,0.0,0,6.820965748765876,22,2f163e86450b7083819e8bbf64e5c168
,0.0,,code_translation,381.71477977000177,0,1.5392574183133294,1053,31a7ec35764fc8b84fbb8ec5e08a4a88
,0.0,,code_translation,15.698904693126678,0,1.7789957279951667,105,322079e1665bb026d21553c5a0e4027c
,0.0,,code_translation,5.063157372176647,0,1.624829696791512,278,32af0bf8da4afa29c491f6a820eae8e8
,26.661440894007683,0.0,code_translation,26.661440894007683,0,2.002980975680728,132,34016aabb28a8d2ed8ec0c27a939464c
,0.0,,code_translation,126.64308215491474,0,1.5218559501961442,583,3431a34341f3e3a7b24ad7cebf99a9c7
5.152218341827393,78.73845445271581,0.26343870668985886,code_translation,91.91870648320764,1,2.571979707661077,357,353f10554b4be814f1a215802ec5a016
4.837502479553223,40.11732632596977,0.037151856766673624,code_translation,65.64476759289391,1,1.294136354250224,817,35dd50b0c3b9fcfa7ffb7bcee7f864ad
,0.0,,code_translation,10.27443990111351,0,2.7174300254213715,214,36cb9751a3bdba6cfb6f7369fb86b64b
,0.0,,code_translation,49.27957923896611,0,1.3039058787169329,738,370d5138743f6a78a651d39ecf06850f
,0.0,,code_translation,13.792571097612381,0,3.134474222707876,79,372b7f96a1ab19d657999893eba5d65f
,0.0,,code_translation,0.0,0,4.327363426679096,55,3739ff920cd62a462ba90789b50453ff
,0.0,,code_translation,2.817406788468361,0,3.129444211512933,92,384ebf9eb85f60cd2366bc696700e055
,0.0,,code_translation,0.0,0,6.970108843371517,54,39d0b6d1a19d825b9f0e883b2208a7f0
,0.0,,code_translation,13.463929668068886,0,2.4493422934049995,119,3b399bc13f31d7ac665a906c006042f4
,0.0,,code_translation,30.365965835750103,0,1.8547230235253938,240,3bc0934e1734bf115f59171f6e7ad02d
,11.605227461084723,0.0,code_translation,11.605227461084723,0,3.648231098910276,99,3bd87de4075648236097ef39f9aedbda
,0.0,,code_translation,58.45953294634819,0,3.0689580904767673,185,3d172c3789f5cf9bebda0efab4dbcc6e
0.8648342788219452,20.609828145553667,0.16654203515119465,code_translation,61.829484436661005,2,1.9090585482865197,247,3d4ab78f15cb725f09601b7bef5d2274
,0.0,,code_translation,4.873117730021477,0,2.861547272627423,159,3d778319fa000d948eb0c9f93b96a699
2.576607584953308,22.686161316931248,0.3643450471560535,code_translation,41.14388757199049,3,2.554306409973646,207,3da7c97257365b92f2e3c1681932df61
,0.0,,code_translation,145.24402309581637,0,2.416617285293227,308,3e29ff4d7ad3511103148f5580ce26af
,0.0,,code_translation,30.126268081367016,0,2.2769284379340564,136,3e2bc178f89a166ea0f3e8292198aca4
,0.0,,code_translation,2.446796864271164,0,3.029381676113769,58,3e5c35298c1fbd2cb68ac0823a7abaae
,0.0,,code_translation,5.552035182714462,0,2.39570904425549,96,3e605aaccb3aa27f1dca25ac42496736
,0.0,,code_translation,4.0668037831783295,0,3.2255405766424734,94,3e99780ed87b76ac6d8e7253acf72309
,0.0,,code_translation,23.98528992384672,0,2.8284990070760117,174,3ea4ebe483f09849972e54f07158f8d3
,0.0,,code_translation,81.86520575731993,0,2.47849289457927,139,3f49896aa5427d9c37310cdf2e2d98db
,0.0,,code_translation,22.315685980021954,0,3.187110766882453,74,3fca6aaff2bb9708b0ff5d61951485d1
,26.746027290821075,-0.00035705577925239737,code_translation,35.40710774064064,0,2.698578308789757,156,40326a1fa3bd7da93c39814a2334cc6a
,0.0,,code_translation,0.0,0,3.412257737362101,44,406ec3e8be826b9e5d85041b5cc1829b
,0.0,,code_translation,37.16586711257696,0,2.3518850316772193,143,40ac9de155e7ca16c845807aa73c20f8
,0.0,,code_translation,23.32335702702403,0,2.39540283420598,116,40ce966f4165d852eb859e16812cf3e9
1.3795291781425476,14.69039081092924,0.3830717464795437,code_translation,73.4519540546462,5,2.0406232505255955,474,4109f2b958132d632c3062cbdaf4de4f
,0.0,,code_translation,33.72690253332257,0,1.6893292021791326,246,41d53f8f4830f182da6aa21df5604e43
,0.0,,code_translation,0.0,0,7.246564295810248,50,43cc2339b9e3e036f76b57ebf96ffbc1
,0.0,,code_translation,71.23711552470922,0,2.4092127873385345,484,44de4f3ce181c952226ba6dc9b98b3ff
,0.0,,code_translation,21.022983491420746,0,2.8590961166357216,62,45310f5bdb2baa1db9a8880b32196f7f
1.7901243567466736,18.839018307626247,0.33975881454131074,code_translation,37.678036615252495,2,2.2801355485982753,186,456aa2113a4810074ee8e12eac4f42f5
,0.0,,code_translation,0.0,0,5.901778645562094,43,45780acd745424decbb3bacdc7723407
,0.0,,code_translation,7.930613920092583,0,2.391407523706627,139,45a221122aee8b2a83303e1420e0ca2d
4.083346366882324,23.650881320238113,0.3123896896246482,code_translation,47.81277408450842,1,1.4093783504575426,439,45e616896983753fce494c3763f78a63
,0.0,,code_translation,13.306578561663628,0,2.0115882958739397,84,4674735dc3a6e2b3ee04716a42159aae
,0.0,,code_translation,15.520945027470589,0,2.690521401507762,85,4713b444e12661e23d68e9de7dfc9f06
1.4879457671195269,19.210708404580753,0.6602889811386188,code_translation,57.632125213742256,3,1.6352115177565916,339,4731eb4df4bf98f0d46638ba253718c8
,0.0,,code_translation,4.871090069413185,0,2.900195142447216,54,4737ecb3e13f71ecce2eade6f86c4167
,6.122203350067139,-0.0004378827829246542,code_translation,9.533590219914913,0,1.5903115739695173,222,475e2bf52726552fb0996be5a3f83cd8
,0.0,,code_translation,6.902416229248047,0,14.357187988180065,25,476a4f1bdb7c82ee5f3dd5a04ab1144a
,36.25387245416641,-0.00022567881387658417,code_translation,161.5574046447873,0,2.4266943510981385,505,47c36fca2488b065bd77f206a1dfd378
,5.58379977196455,0.0,code_translation,5.58379977196455,0,2.2524010189608177,269,47f66158ffdd8b80414ba68d6c9f76ad
,0.0,,code_translation,20.984379559755325,0,2.132844616002769,172,488819d35b104a525d421ce5067a1dc9
2.4425368309020996,0.46374279260635376,0.2286576476100082,code_translation,18.51845004223287,1,1.9998595788816866,183,48b29323ddf4843e84e234b2b684aa2f
,0.0,,code_translation,1.458652600646019,0,2.523884806304806,52,48e9b5b56d4e8cae9592594c1b76fcc4
,0.0,,code_translation,19.209177223965526,0,1.9458683255036613,313,496f3a1c26a26a84cdcee922a2e41ba7
,0.0,,code_translation,0.0,0,6.611215856195794,19,49d362b4da6bf5886ee526358dfaabfd
,10.159196764230728,-9.11908333792406e-05,code_translation,43.43627950549126,0,2.2176134606925264,148,4a0d9fdb2f8cce93a73f95e60e8d1a4f
7.581033706665039,13.986881617456675,0.11857007284518606,code_translation,16.881489615887403,1,2.498070357034034,309,4a5950e17333189c0b580ffe9e0cf1ca
,0.0,,code_translation,15.79497192054987,0,3.3089238136354115,130,4abcf3c53555a6513832e581d2daddc2
,0.0,,code_translation,29.323296889662743,0,2.6288413897563014,98,4b13ad0802a7d3c3cdea191cf2d18818
1.5868942737579346,88.93359337747097,0.16384123386960708,code_translation,95.97706337273121,1,3.3135555946775987,317,4b2e18a331e01e1ae120ac59b747c8ba
,0.0,,code_translation,86.70903879776597,0,1.9868343889023683,470,4d90d0cdef1a876dd8f755ae66a4afad
0.02496521733701229,32.330165510997176,0.2663624476011404,code_translation,81.47601834312081,2,1.902125027468113,335,4db21cf7bf6f209d3bf33810766a03f4
8.108811378479004,34.931998156011105,0.0823352543414909,code_translation,63.75629090517759,1,1.79097556568733,292,5167e57729cd9da0c07de532c4c2d9eb
,0.0,,code_translation,120.74219282157719,0,1.4562625833024476,767,5194bdba514c1e040cc6134264004982
,0.0,,code_translation,6.554100461304188,0,1.5976128962791971,115,524b08bf5bee939b96bb80c67b225aca
1.057568364909717,13.508688332140446,0.5632533928938309,code_translation,160.99161007627845,7,1.8334857326060243,1172,52f8a5b3d9855149cdaad20eb09b3bfd
1.2341309785842896,17.746258720755577,0.056811606164167944,code_translation,40.43302707374096,1,2.2489818630527756,174,53480d2ceba43d3c89f4d087097b89e1
1.2882167100906372,13.406267136335373,0.015895070587197004,code_translation,17.399567276239395,1,2.7060050718876,180,5372a1018e63bb4b3676f4999fb49cf0
,0.0,,code_translation,19.78843642026186,0,2.8033402965938974,87,53c3c95b75c6dfb226c53bdae646bb89
,0.0,,code_translation,13.543027713894844,0,2.167275670076135,143,542a9f2db1aa74ac9dfede338b04b3ea
,0.0,,code_translation,18.017690364271402,0,2.8767433358906356,223,55fd8965ec94c681ba409a4b32c9998f
,0.0,,code_translation,36.50701117143035,0,2.003589857853965,163,56c6751974f82a6fee1a0feda9d9d845
,0.0,,code_translation,7.543158829212189,0,2.720195336487788,94,56f393116458e49588a208941dff7e70
2.2357932925224304,17.89444477111101,0.09470907232982344,code_translation,56.677085250616074,2,3.192952966947149,417,576eda555f961a7498f42f10b898ae36
,11.996069610118866,-0.00018578405672712114,code_translation,16.453038223087788,0,2.3909068213689424,140,5775791c3436aa1ea2ea8fbb631f4f7f
,36.35412333905697,-0.00016413612707339703,code_translation,39.52753210812807,0,2.1865633529935486,206,58914aad81a3e497b69c35c3965a833e
,0.0,,code_translation,64.44114346802235,0,3.820128392602283,177,58b920eb30a830837436161f16bc95e6
1.0566213130950928,50.61198231764138,0.11082324093091764,code_translation,67.72041881270707,1,1.8294665024597827,377,58ecb08bc4752f0c939380d770a533ae
1.4882774353027344,29.285968751957018,0.131670756078425,code_translation,121.8843025714159,2,2.1963606017893533,633,58fd968dfe312006bd2119075d913dd6
,0.0,,code_translation,4.228116370737553,0,3.155441492062429,53,594f1b782fbb920eed3f4b3ae40b33d3
,0.0,,code_translation,4.943906240165234,0,2.5457900457082085,53,59af7be5db1ade486f7261b58bec4f1f
4.820947170257568,15.725945144891739,0.4784189080633223,code_translation,15.725945144891739,2,3.133956254115908,59,5a179de1b51bf493e0d75176c034ec73
,0.0,,code_translation,3.9412221908569336,0,2.1989506435852677,84,5afeb26d1c78585ec9e61a72be18e1f3
,0.0,,code_translation,20.35725697875023,0,5.666047225637148,62,5b7d6b7433137cf435546d083382f4f1
,0.0,,code_translation,22.05029734969139,0,2.046992200117541,146,5ba2789985ca77388eac0021778b0a43
,0.0,,code_translation,27.8936733789742,0,2.929187623463401,133,5c1b33e5ce776e4dd5eff74b0c97b3e5
,0.0,,code_translation,8.554161004722118,0,2.1452599947887547,104,5c5271b2dd83828c07e9c4c7820a72b4
,0.0,,code_translation,6.994209075346589,0,1.9556320066916772,275,5d2534cf865c2e35261f5d50a163ee60
,10.433951303362846,-0.0002409857069754875,code_translation,43.784995190799236,0,2.075086775476491,327,5d3d28d4fac76977607045763f95ae58
,0.0,,code_translation,12.993883140385151,0,3.0278097636453682,80,5d4a9af0828545fa8752861c502fdd89
,0.0,,code_translation,8.899401307106018,0,4.043750394187847,70,5da18f6900d759f5c199b2e736e20f56
1.1680038645863533,21.030493199825287,0.4251501915329203,code_translation,70.78831785917282,4,1.932030987034905,277,5ead719633d5c24a1dec169cb4b8a760
,0.0,,code_translation,0.0,0,2.925408779154856,45,5f56bb5231636fd0f33aad30632dbe43
6.948029518127441,0.0,0.222198405303061,code_translation,0.0,1,5.021601065183882,60,5f6ea8d8314842ce9a14c17973dbf82b
,0.0,,code_translation,27.983856979757547,0,2.8832035184892306,158,6078f4eee45066f993b9b89473efa371
,0.0,,code_translation,34.62115900963545,0,2.0851275507529237,192,60b53794abb605950e5cfe692b8416f5
,0.0,,code_translation,13.84742283821106,0,3.2559317650168973,45,64380ab276623090b770a26f9351a336
,0.0,,code_translation,22.842268645763397,0,2.2025591367528077,115,64a91ca0b590f19b3efba056b5fc9dad
,0.0,,code_translation,16.66735675930977,0,2.4762585708137475,92,657a9cf0df546e5124a1b8370f6ca2db
,0.0,,code_translation,2.0485782623291016,0,3.7599976318807125,42,65a33960503f20e0a308d6f21575de21
,0.0,,code_translation,11.877780497074127,0,2.220955492582372,107,65aa9706259ab63927310f8a841807d9
,0.0,,code_translation,48.04894728213549,0,2.8057237347404533,156,65ac588db85e1536c70b803cd4496ebf
,6.73696793615818,0.00015483080642297864,code_translation,40.05041100084782,0,2.0843814247153816,366,65dfca28344f0447b39c3dc04b7b60d4
,0.0,,code_translation,28.544014878571033,0,2.6570212144726257,89,66fb3dc782c07dbc3cb71f6106e1e96a
1.34019136428833,8.835099715739489,0.22576647008254164,code_translation,21.64558608829975,1,2.4400175593429054,288,67064532a306a1ba0bdb00a1b9a8a1a8
,0.0,,code_translation,66.17335046175867,0,1.5896949059051944,398,671f5a72439f2394077820ec3bd64b2d
,0.0,,code_translation,13.86342702805996,0,2.7771053351565973,152,6725ff8a048b6cf041ad691bea220b2a
,0.0,,code_translation,13.489091835916042,0,2.39366162865477,221,6759bfa67ce802d84848db188c827432
2.1257362365722656,7.560429394245148,0.2006427286059021,code_translation,7.560429394245148,1,2.2687872017317257,200,680230096a69db1935fcd882454c8017
,0.0,,code_translation,6.798424124717712,0,2.04781551117714,159,68049747e245520f31423f52da446679
,0.0,,code_translation,4.153357028961182,0,4.065569832939565,80,6852f035c129228f14581a7d946dc66f
,0.0,,code_translation,9.782431162893772,0,3.299636351691973,105,694d4a0652888d4431560b574af6a363
1.4743582010269165,19.041114687919617,0.11381810214679718,code_translation,41.21201252192259,1,1.9522424308222441,214,6988541b76b7480bb5454a4a99a8eb7c
,0.0,,code_translation,29.753460004925728,0,4.032545575822051,125,69c11f9b8516140dc52eb025ff9948e8
,0.0,,code_translation,9.27958431839943,0,3.119849574753221,79,69cb4e6d85e45cca1422506143321279
,0.0,,code_translation,8.426080670207739,0,2.895649321945569,575,6b178acc5ad8ab38b57bb1a24a8083aa
2.708400249481201,2.8675636053085327,0.19933563569793478,code_translation,25.38129010796547,1,2.0830951447179684,151,6b6e265d4e28ed3112c1d910a995a617
,28.824348270893097,2.7150323148816824e-05,code_translation,28.824348270893097,0,2.9886522703355416,103,6b91f627402983ecbff1a2120d0c367a
,0.0,,code_translation,3.9602124094963074,0,3.4586274347719907,60,6be160907ff766b9436587172b548403
1.6662966022267938,11.809836637428296,0.3879526364808199,code_translation,103.24607609724626,8,1.848654659695695,986,6bfdc6e8dc389a3a5011fbe2f8a2fb29
,0.0,,code_translation,35.26314191520214,0,2.0933090579219145,177,6c28f4fc10f978740c9494cc04272c5d
,0.0,,code_translation,12.530529335141182,0,2.079971562084524,154,6c6a5973369f34ea8afa4a7913be1473
,10.94405609369278,1.9161680125092206e-05,code_translation,10.94405609369278,0,1.9470260283153757,152,6d106b76c9f27c631594a7f62e253540
,0.0,,code_translation,6.138202205300331,0,2.689157419752376,143,6df3a1fe0f6803e5500144308c6a5eb4
,0.0,,code_translation,40.23034643381834,0,2.158299294974527,240,6e7ec7640d75b8d8b583c9cfe018455d
2.914593458175659,20.032163828611374,0.1302005166196198,code_translation,20.032163828611374,1,2.557804869454457,192,7016013332450cb9183c2c2c0c443929
,0.0,,code_translation,8.826385378837585,0,2.897551692290203,109,71037e030523be978284a76cf8faf135
,0.0,,code_translation,55.97224592557177,0,1.55000076430892,896,71c4e5ee34f9d2fe4641e6f37385b5ea
,0.0,,code_translation,0.0,0,7.3567747997876385,41,720629dd119c54ce49be68217d4b455f
,16.358672216534615,0.0,code_translation,16.358672216534615,0,3.6396365509398696,176,74e61c3fe018f9db2c0869a4e929bbad
2.9168503284454346,4.924228012561798,0.18761715257359254,code_translation,11.826262772083282,1,2.592577182786754,105,74f1b16ccb7893a1d7b3ef1d1fec996e
,0.0,,code_translation,25.103882137686014,0,2.6813818003234164,119,77593031c1f5e3857ffc101a58a71f64
,0.0,,code_translation,14.30151441693306,0,2.2467424389715287,96,77a3fb0e20d021bfe60f8af1db95841f
,0.0,,code_translation,3.591002017259598,0,3.442901693292171,26,78b4306bc97fa1f37c26b8d3d122c19d
,0.0,,code_translation,0.0,0,5.45843249946819,21,7985cd111a09c43263d1b9bb01ef889f
,0.0,-0.0001517519723864741,code_translation,1.9582001566886902,0,1.6774102620740103,165,79c10451cc1f940978434ce488cbb5f6
,0.0,,code_translation,32.486613892018795,0,2.9641784459530207,159,79c3baa6826c255c7741fbcee5d263cf
1.5100517272949219,31.352225214242935,0.44208509251475336,code_translation,66.59149983525276,1,2.8532010177618106,261,79df8ec8e253920c8fbeb9535b0d9d1e
,0.0,,code_translation,6.3977359384298325,0,2.422990022618797,56,79fa3876256ee7d2716563b188ca7c1b
,0.0,,code_translation,20.993514023721218,0,1.491432497185961,319,7a126f31fe0dfecbc039ed1b05443872
6.824904918670654,14.551924541592598,0.16878027356428543,code_translation,24.084984377026558,1,2.1248086505569197,170,7a2b3e28eaede8997b0cb6e08de84131
,0.0,,code_translation,11.906960606575012,0,1.9668918523408156,146,7b10a5dd878a349f713d3acf2d892bde
,0.0,,code_translation,17.990643844008446,0,2.391140233832711,144,7b9497ed93aac689da1b6d39f6d19147
1.5880985856056213,5.509827375411987,0.8263095000412506,code_translation,28.59740248322487,2,2.04352860591717,291,7d29401e09cf2118834a4410f6a567d0
,0.0,,code_translation,55.90632354468107,0,2.18722826356637,218,7d6dbb372fb5e992c7dc5f8a71465dce
1.6157649755477905,38.81412200629711,0.14507662190233225,code_translation,86.82057876884937,1,2.067482575924203,348,7d8af95822a890f5bc9313fdab87e15c
,0.0,,code_translation,29.783171638846397,0,2.3930793580424075,215,7e3725a193502c909974a34c02996c0f
,0.0,,code_translation,15.882650524377823,0,4.566612384584197,51,7e6326bfd683720dbd93f66ddd21cbfc
,0.0,,code_translation,8.094512596726418,0,3.1633558065538034,77,7e7ebedb71410b1430534c0e18226c28
,0.0,,code_translation,3.0808068364858627,0,2.1749390433299753,148,7e7f259ce25120a9829c6914a9bfa5ea
,0.0,,code_translation,9.545384049415588,0,3.2673771416713357,78,7eeacaddf49d6ae90b48e4eec3fee229
,0.0,,code_translation,0.0,0,5.238651012196854,43,7f3fd87901d9e4959b5e8eacf6442537
,0.0,,code_translation,11.733635559678078,0,2.9013579097972917,78,7f8ae42ec964aa88dc6e9638e8501704
1.3176690159986417,5.447417560964823,0.5273178423813079,code_translation,42.38743955641985,3,2.2126831623472514,224,7ff963a86c2b48dc113ede2ccedfe549
,0.0,,code_translation,5.940644770860672,0,3.6847400988463415,104,80059a83872f472643620dde67a6567b
,0.0,,code_translation,4.928060829639435,0,3.8724101184291837,73,804eedc4a141bb4f62cd8dbbcc130bb4
,0.0,,code_translation,111.97192829102278,0,1.9278871753731637,318,8105c3dfd8ed8ec6c97ab023cb9ada88
0.667542103677988,2.7366074919700623,2.054768322306833,code_translation,81.31898316601291,3,1.6722142318074966,681,81635c25f233d31258b831312c4d2c50
0.04963930323719978,8.007636529393494,0.5640988184494016,code_translation,26.11445123143494,4,1.976190697430321,200,8176b716a1ee227c4541ed9ebfeba1a2
,53.82666191831231,0.0,code_translation,55.45721896365285,0,1.9503361544284636,180,81c071d31188e01a4ff829cf7c79e382
,0.0,,code_translation,12.55231885612011,0,2.4441398872334754,126,822882d52976b970750cca1390e7f4df
,0.0,,code_translation,5.777726203203201,0,2.0284718592281314,91,82396fe414f2eb1ab06908f9d82640c2
,0.0,,code_translation,10.03819951415062,0,2.214194866261016,226,82f92457bd36ff4a0164bd66505d3f9d
,0.0,,code_translation,78.74631063267589,0,1.8151204848350133,292,830d2f4becd229d383fe2698a6e96ffa
,0.0,,code_translation,3.3507514223456383,0,1.8698434346266803,118,8317afee580017416322bceb8521c599
1.4483252167701721,12.073740486055613,0.1614345292752976,code_translation,48.380771052092314,3,1.8042085292788448,678,83cecd52af6809cfa8a63d92620fb9b5
0.8021650016307831,5.154989887960255,0.5896981424484693,code_translation,12.583282893523574,2,2.138162498934287,348,83ef0f689d559c6114688cedb1bb0355
,0.0,,code_translation,27.115417640656233,0,2.247626654039635,150,83f3ef4575863aba2b09b270268e9fec
,9.2521253824234,0.0,code_translation,9.2521253824234,0,3.0041456532977944,96,843d2f42f3dea3c7df5939ba06854bbb
,0.0,,code_translation,20.108085167594254,0,2.3279443001935,255,84861d5e06e3a989356756414e0a1315
,0.0,,code_translation,126.21767411381006,0,2.465701670752065,423,862b78ca11b8aafca1c4668ba0ea8b15
,0.0,,code_translation,26.517683036625385,0,2.603769811736096,259,866b31e3bde35afaa78d839452fa2c51
0.2917515281587839,8.815792967099696,0.3579863078460699,code_translation,49.12652191333473,4,2.1627747074334733,209,8675b3d2759e443bcabdfece0b4bfe38
,0.0,,code_translation,51.28370047919452,0,1.9153298530816754,675,86f0a2cac55531aebf7fa88e6fc326c5
1.9941917657852173,157.87733418121934,0.04091897905404279,code_translation,165.61784088984132,1,2.3280896002932447,367,86f52409c8c82ad993afe8da78e4d681
,0.0,,code_translation,0.0,0,13.96543466721677,52,87a3813c3c88c538e3b800679b05444e
,0.0,,code_translation,1.5675032138824463,0,8.859389285748332,61,87eee3d43476efd908f2eb0bd64934e9
,0.0,,code_translation,27.94863247871399,0,3.3441073041439573,190,87fbf961822e0514b4df71a0fc82797b
,0.0,,code_translation,4.335166685283184,0,3.515473171703102,60,8800e5d4950213f69c83efa45ec08763
,0.0,,code_translation,19.339858144521713,0,2.5530795622152125,102,880733a7f0091e70458c8874ce8349da
,0.0,,code_translation,0.0,0,6.589708332199873,26,8923aadc04eae99fd17c77525e21a8f5
1.9966036876042683,19.323728665088613,0.37398151626260107,code_translation,57.97118599526584,3,1.956272591072695,335,8c71378df2d4f949f16b06a9f2677f92
0.3187618381343782,7.016238994081505,0.6634313549981916,code_translation,137.86322828079574,22,1.533069056993351,1751,8c9b4e66c324e910ed41255c85bc2b36
,0.0,,code_translation,4.548118963837624,0,3.6967014749639775,46,8c9c8726bab6a1aa6a72fee385579963
0.40754234232008457,1.9009718298912048,0.724339029530529,code_translation,44.51649969816208,2,1.9537705256577318,413,8d6a8b7223fd746746262f8637bad705
,0.0,,code_translation,26.98381833732128,0,1.913383391001431,179,8dbadebfa50438e48f891b9b42d35c9a
,13.031714975833893,-0.0008869188788690065,code_translation,35.043746151030064,0,2.064901274160079,165,8e33e2c9018262b86425f46d9687887e
,0.0,,code_translation,0.0,0,7.693124938894103,34,8e9fc8477e311e8ed6c23018f872d86d
,0.0,,code_translation,0.0,0,10.474412315580718,12,8f1eff4d0eafee828aca29685fc14984
,0.0,,code_translation,50.97817759215832,0,7.830781246491204,451,8f80de3f88ec804850b25ec4b104c1b5
,100.10759497247636,-1.279927175047385e-05,code_translation,126.39262714795768,0,1.859648864584689,605,8f87b7c9ea6cc2fc604332473d27783b
1.0927346150080364,17.07864597439766,0.3288578729378759,code_translation,68.31458389759064,3,2.8162326195704295,349,9148062c140a4c435153fd751aa205f4
0.05011367673675219,8.459215448703617,0.43855410702797304,code_translation,16.918430897407234,3,1.5907338057967273,475,931646a505cb1b192a15fef50104b519
,0.0,,code_translation,13.076217412948608,0,4.305491985290351,88,94e0c39ff2bf65bee371457a233d0446
3.262571096420288,11.647217862308025,0.535873189944153,code_translation,51.86250798404217,1,2.9626612804367114,256,9533811eed05a6177d907b216fec3f8b
,0.0,,code_translation,43.07432487607002,0,2.1450405548907034,181,9558081b1bbf5832e8c3ee4040435aa1
,0.0,,code_translation,16.577269442379475,0,1.9200834349389964,431,95f4934849f70c34caa633cc091f899d
1.9665753280278295,7.581844800617546,0.6272194524251324,code_translation,81.85633590631187,4,1.568358564446562,451,960b1d8d81e310c1ac7c84ad8da3835c
,0.0,,code_translation,6.390135079622269,0,2.342002115111189,34,9628e646abca87fd8adab181ed93f9f4
3.949500322341919,84.28954320028424,0.22689516441544605,code_translation,84.28954320028424,1,1.899236479480507,134,9656f64464844ce39a26eee81633c2d8
,0.0,,code_translation,9.839794471859932,0,2.0448044231474136,68,96dad55feabed35207f3d3c3e093f16d
1.282751441001892,41.31159370392561,0.08139839502843951,code_translation,82.62318740785122,1,2.26659310853101,255,97233a90cfb4c4959eecbe5f2c8d6778
5.16409158706665,13.144383367151022,0.14349991616333507,code_translation,33.19080149382353,2,2.4019025060046157,200,9724fa72676d570aa4dfe5d950843349
,0.0,,code_translation,0.0,0,3.6577010119045266,41,9755f849269ff5bb60d9d901fc8e89fd
,0.0,,code_translation,67.66373750567436,0,2.3007175455380735,164,97a8d33b665c071da477ef3824bda21e
,0.0,,code_translation,16.753617525100708,0,3.017538243627808,68,97d573dc547796cb03c250a5cb2c4110
,0.0,,code_translation,46.77705346420407,0,1.8038887398513113,325,98c256693bb8a0a7cf5ebfbe16b732f8
,0.0,,code_translation,9.540883176028728,0,2.457483226357991,81,99218d9d2de1f2b818c717731b9c9657
1.0940275887648265,2.283187155922254,2.0254839060248853,code_translation,19.27010054141283,3,2.69820309144202,148,99c9d473cc583582cbe2a6bf3c0ed9f8
,0.0,,code_translation,20.908544950187206,0,2.257323107891424,140,9a61c079ea554026a7f0f5c44c32c73a
,0.0,,code_translation,13.7669657766819,0,3.031241062495452,132,9c7a1ba9578c7570ce601cb8a019cf7f
,26.352503046393394,-4.096381030136481e-05,code_translation,120.85798165947199,0,2.074176153160474,612,9cb3b1d773068be92c7d0d7ee78afa79
0.3219000599347055,5.851195889338851,0.5979406438958298,code_translation,43.23774176649749,5,1.6031000302353957,365,9d27d05aed02a71708871ee3cb83d9a9
,0.0,,code_translation,12.571433432400227,0,3.58233293688925,76,9d315453fee2a93b0d0c30394a17a75c
3.2647716999053955,15.678825482726097,0.5175989204150764,code_translation,17.4603069499135,1,3.588055589856134,202,9d3a38743e4c1917377a1e0aa8cc8de4
1.4525835576156776,8.756111530587077,0.23501151484467028,code_translation,68.3803107701242,6,1.2917167515855705,1329,9d64b97a89ed6975b24992c1002821c9
,0.0,,code_translation,67.34917059540749,0,1.8856457146169623,186,9eb3de6324f9379d15525cc478b8a77a
,0.0,,code_translation,41.045145981013775,0,1.6276406680735758,196,9fbed838f350b071412ff03a0b74d931
,0.0,,code_translation,53.670059975236654,0,2.232597695347199,223,a16212a8ee7ecf65b5955c0a7f0b2455
,0.0,,code_translation,12.107616066932678,0,1.4853924885702736,339,a186db501ba5f6460a451106c2f1729f
,0.0,,code_translation,48.898838840425014,0,2.185722819874085,287,a1a0dcc4f5205c620d2432150fc57019
,0.0,,code_translation,4.3056342005729675,0,2.1255470359517674,127,a2bb8bf277c9a7e38fd36b0ab3be74dc
,0.0,,code_translation,12.621203061193228,0,1.4225255897931357,424,a35808de45cc5f8bc02c3c843f0cdfd5
1.8836848735809326,51.757007762789726,0.061412766639010186,code_translation,63.144483014941216,1,2.1814741124438175,244,a461eb35db17ce7b8c0ff0c13b9dc38d
,0.0,,code_translation,33.67510429024696,0,1.872538159498807,166,a4665e9d10b3055eda90d4057883c127
,0.0,,code_translation,37.288511872291565,0,1.8157341253006156,308,a495965089dd4fb774b422da5460af12
0.741589083429426,24.605177995216632,0.26612273257777463,code_translation,410.3846120098606,15,2.441152024829592,1976,a4cb7276ee9d2d10d87c179a0d8518ac
5.728883743286133,11.38555796444416,0.10273639237991235,code_translation,22.829068586230278,1,2.5714767977555497,326,a4fcd739a95a0a2d75114fb23e437a07
,0.0,,code_translation,11.458229064941406,0,2.8008181119336424,54,a5245d44518c09c79fd745204b5605b1
,0.0,,code_translation,26.83173742890358,0,2.1856116161849184,165,a5bbb353b7a953b89ca57d8ca4f5aa51
,0.0,,code_translation,57.77932319045067,0,1.5341140852172561,618,a603fc57a2124840942c65af485c8fd6
,0.0,,code_translation,66.32253960892558,0,2.0971560817966153,195,a682dc2f576fcf7c5e1ff861157b5073
,0.0,,code_translation,76.48587538301945,0,2.1407097358374756,143,a714756fcc305bf5f48f90b08867040c
,0.0,,code_translation,16.326373256742954,0,3.4028983648225477,103,a72def48f67b3ac383077d2e1a900fe7
,0.0,0.0,code_translation,1.5810917541384697,0,3.220053285573371,59,a8948af3c3c7de013b8967401d375eb2
,0.0,,code_translation,16.440010502934456,0,2.9615447850956516,148,aa7045bfd1bcc038516c12641bac9029
,0.0,,code_translation,29.739183016121387,0,3.426460643182267,89,ac2f84308d46033d19414ee16873b462
,0.0,,code_translation,0.0,0,4.722097242293997,26,ac526440778d15610c2ec12d8598de00
0.6252887705340981,39.825007330509834,0.17928542472393563,code_translation,167.7437046910636,4,1.8847448054136449,687,ac9a9f866695531244c58df97a767f95
,0.0,,code_translation,16.888313360512257,0,2.8979874127757435,113,aca21bb2e16f022541ebc396c6c9e617
,0.0,,code_translation,187.52712832950056,0,1.8450531042641674,1093,acb5791990a5f5a7d80d8c56d19e3ab1
,224.48565624793991,0.0,code_translation,224.48565624793991,0,1.8091078640061475,1122,ae70f9154a77bcb542aa8112543ad3a2
,0.0,,code_translation,269.6809299848974,0,1.7692398198415649,619,af05cd1432dd0d984bc69492a2cf3e82
,0.0,,code_translation,24.427273273468018,0,2.5477791836158454,77,af32cdb0f6fe5d9018aaa8064a2a0d22
,95.25087750586681,0.0,code_translation,95.25087750586681,0,2.0218188149696292,663,af805ff642c1a193293b9f8d8fa57b15
,0.0,,code_translation,5.80727294832468,0,2.193716349868388,160,b004e39b937b9c1ad4b0251299f48968
,0.0,,code_translation,3.4834977835416794,0,2.7553469739532455,104,b05f669b3301b62f96638c7011e055fd
,0.0,,code_translation,3.1697581708431244,0,2.968295258696571,94,b072dc9e37263b339fdf61bfaddd23a7
,0.0,,code_translation,72.97846074402332,0,1.9994086821215793,189,b08e09bb9f11f03be5937f9e24e82d02
,0.0,,code_translation,20.305570743978024,0,2.825397379246765,162,b09c64c310d312d54ef0cfaf670239f0
,0.0,,code_translation,2.8414814099669456,0,4.253977467516806,82,b135a9c29bf44124df17fc95faeca6ae
1.7275500893592834,13.189790841192007,0.23550826204485598,code_translation,37.833727173507214,2,2.004036332498632,194,b1804fab5fca213fef024760ab105e1b
,53.49985311180353,5.371077768817669e-05,code_translation,53.49985311180353,0,2.84571437360386,158,b18e3ddb186726cde734e3f6e6cc9108
,0.0,,code_translation,21.72490918636322,0,3.444070955475515,72,b1c3b766f782f8dcdfe561631145db33
,0.0,,code_translation,0.0,0,4.41942256827401,61,b24a89c98ef0a869a979bbe21c88a283
,0.0,,code_translation,21.384428538382053,0,3.964718006747263,114,b28fe6c6053fb7f2e23ddf8a065070d5
,7.389465838670731,-3.374092069999227e-05,code_translation,31.221057429909706,0,2.577037091397518,174,b44f33d8273f9a0eb0be9a708427bbfd
,0.0,,code_translation,4.868092715740204,0,3.158821841699677,73,b465475661f662bdff55453b223014d8
,44.87310938164592,0.0,code_translation,46.64007528498769,0,2.7449894732477524,252,b55dc5b34d55f7d7ca7226f31d700712
,0.0,,code_translation,0.0,0,3.8093993411298612,66,b5b5864c40839c90c9b766c1a80c69f0
,0.0,,code_translation,5.3836691826581955,0,3.6528814120210757,52,b81f7cb17f6026db6c6e274c80665a91
,0.0,,code_translation,5.591386497020721,0,2.671971843876376,74,b84a37a5f75221aa3687ca590cd3287d
,0.0,,code_translation,0.0,0,3.3674405508354623,41,b84dd26488e5345e428efc0c01d5a49b
,0.0,,code_translation,52.951867803931236,0,2.2033593235224127,334,b852220675f83267bfbcbcb6c3ce921f
6.601656913757324,30.912127021700144,0.15031607970195182,code_translation,38.2029628790915,1,1.946822920541874,219,b8becf301ec0a94223050691d150e086
,0.0,,code_translation,37.42888583987951,0,2.1053290266108915,204,b8e0bef1adb9f892f0375c0cccf2e56c
,0.0,,code_translation,80.4566174056381,0,1.7687808253362782,300,b943d2460fc22a71a2c9afde4079f863
,0.0,,code_translation,21.52816465497017,0,4.361459795975727,65,b99c89a4e62f684f82dbabe9ffd3bf90
,0.0,,code_translation,20.024935945868492,0,2.21708975106994,154,b9adee697d1c5b42ab1bee93003405fa
4.933218479156494,5.243839580565691,0.47103996317024194,code_translation,10.487679161131382,2,2.6090683913415504,159,b9c7d557b23777e59c0fc3319b08e651
,0.0,,code_translation,24.14174923300743,0,1.9562287804924918,202,ba2506d0eee6d0558a2e55d42a0298b7
6.4016265869140625,46.67233236134052,0.2168331143795945,code_translation,46.67233236134052,1,2.5801380904312348,247,ba34a59bbadba467f7b850bb8d6c656d
,0.0,,code_translation,34.18543862551451,0,2.0804063829197816,159,ba4310479132c4edb730f5581ca6ef32
,0.0,,code_translation,18.839644066989422,0,3.932136128056527,134,baa99773321c750da3054ed6469efb4a
1.4908827543258667,23.995341133326292,0.12335137640512003,code_translation,47.990682266652584,1,2.308241851620666,256,bafa6ba6d5198c3b5bd3194ce4a67de5
,0.0,,code_translation,20.485565185546875,0,2.777667320519869,125,bbbccf95c157aa571f144ec94604611a
,7.030154347419739,0.0005299602383495988,code_translation,36.18573085591197,0,1.7592937921087337,601,bc512265f43eabb27a9ae654f6859509
1.6643751859664917,3.211708325892687,0.16177379458497923,code_translation,6.019700665026903,1,2.4235364341818615,165,bc6964eaf5b35db30175aad42382eeb5
,66.13373855315149,-0.0003596421740809105,code_translation,69.47786723636091,0,2.007860428798704,208,bc8b90acd75486e9e69b22c789639f0a
,0.0,,code_translation,31.798506185412407,0,1.9236808856057186,143,bcd1ddb4c30653873f9f59e18c885c8e
,0.0,,code_translation,38.975778475403786,0,3.097987839605424,150,bce323c750f3e2a41cbd561b2ed418cb
1.3162840108076732,39.81579449865967,0.5601747053246464,code_translation,141.6552454251796,3,2.0423065696706924,577,bdb1df1f2e2a7a9e41c4a518b3ff5c5f
,0.0,,code_translation,13.280811503529549,0,5.113173984733919,51,be1db919446c5f1826acb35a3fb43933
,6.461496353149414,-9.428948254846945e-06,code_translation,6.461496353149414,0,4.201289452725577,68,be285fd00697a5daa227c40fbfd8bb00
,0.0,,code_translation,88.5312944278121,0,2.942127049463371,176,be2f0ed114ca53f4e4c532c680f05048
2.9168362617492676,4.707115173339844,0.5724291707156226,code_translation,82.12689166329801,1,2.2080585027201973,487,be6aaad6e636015260df5b99c668d7e8
,0.0,,code_translation,12.920127928256989,0,3.084951739180406,74,be811690fc5ff754d448eee177d541b2
,0.0,,code_translation,37.24452793598175,0,2.3010786176318034,182,be86ffa4081fe10556146eaeaa8ccc6c
,0.0,,code_translation,0.0,0,3.2101483122951344,49,bf56cc8a6c59942c6a2aab11fdadc901
,0.0,,code_translation,37.40624523162842,0,3.7439428085297726,106,bf7c81dd212553d705a9715937dec451
,0.0,,code_translation,0.0,0,11.851990046102886,21,bfe8f222db882242a3934dc70833df6c
,0.0,,code_translation,71.30643963441253,0,2.113981178059504,325,c03fca164508f64ee6c9d23b2034d16e
,0.0,,code_translation,13.416758224368095,0,3.0518241279476968,68,c04b84f7ce8ac87b89a7ae65fb9a8c4e
,0.0,,code_translation,75.0826073884964,0,2.279835583909528,320,c0dd0a79eb63974a05de422f1526913d
,0.0,,code_translation,36.80334644764662,0,2.8653231433456785,245,c0e9762c5bd5653e6bd42f69e41567aa
,24.548761293292046,-0.00026059785445571923,code_translation,95.980404548347,0,1.8504157223804483,181,c191982331fbbea8cff2cc4b44f08e82
0.806041806936264,24.55792234838009,0.550503981288656,code_translation,24.55792234838009,2,1.941082800176578,413,c2399d1f0ab3033d9ab608c13f8786e4
0.18954819720238447,2.2070837020874023,1.9464550775698048,code_translation,61.34768290631473,4,1.7366527313853022,353,c299aa7fbade61d11d076e1b9e48d0c9
,0.0,,code_translation,17.79724084585905,0,2.5799067155358797,121,c29da10503c0a8e720f827d5a7f91f9d
,0.0,,code_translation,14.75875124335289,0,1.7272320969024093,187,c2bea59ff04b0bd3b8c12d17030b80ef
,0.0,,code_translation,3.325228065252304,0,2.6834081168681174,87,c2ef9d39b36c9b81bafcc9a9cdb2a418
,0.0,,code_translation,27.6256622672081,0,3.0912513630500054,138,c30d87f786ff5eb2f4f720f8c7e7f4ca
,0.0,,code_translation,22.347428925335407,0,1.5530152471135588,303,c33c58e558e0ec947637da237363959d
,0.0,,code_translation,0.0,0,3.907531587844151,68,c38899e593c8c630929a64286fb37eef
,16.43367475643754,0.0003491368855244106,code_translation,23.256299953907728,0,2.5371815899400554,225,c3e8862d67c0290640698e99ef9c6aff
,0.0,,code_translation,3.1966834515333176,0,1.813748970200095,152,c52b7d4f1b6326e17a5839c5770372e4
0.46035055816173553,7.407057395204902,0.4992326142837045,code_translation,35.61637608334422,2,2.1588966880196785,211,c5f35180ef15a02ed6e393bfaf68100c
,0.0,,code_translation,49.07538278028369,0,2.5671275371741733,290,c6568677905818662f509756d674ebc5
,0.0,,code_translation,19.89691150933504,0,2.3335055384138754,66,c6d8dff26971cd0ad1209918fd5d0da5
3.8111684322357178,19.53007378615439,0.21539832481787016,code_translation,39.06014757230878,2,2.0780704262876095,241,c71d7447a0747a1ceb29819809adff91
,0.0,,code_translation,13.306993424892426,0,3.0194401776712763,63,c7266053f2cde2a21f9fccacbbe7c3e9
,0.0,,code_translation,66.75580698344857,0,1.4734318357733935,599,c72c86724ab0f647cde1723ce1f08fe2
,0.0,,code_translation,97.53735231608152,0,2.4685324229187295,248,c7a01006d255c2863a544f9789a87e51
,0.0,,code_translation,5.882954701781273,0,2.42206421502453,47,c7a646a1b94b6b444a9f76ae62685cb1
,0.0,,code_translation,36.89410778880119,0,3.6013385426780427,111,c8b5deb3507b48c6d321f7654686ca6b
,0.0,,code_translation,62.3446515891701,0,1.9911045191939305,192,c9cf64c6757332cf84ef69feb12de758
,0.0,,code_translation,0.0,0,9.332574824688756,45,ca1e13cb3a9d6f41b3c32fcdd58b33e1
,0.0,,code_translation,16.258809566497803,0,2.369219102675597,111,cb3d87cabc9addea838283045613979c
,0.0,,code_translation,22.812785521149635,0,2.1984175753114457,59,cb4820305a7ab90d89817aca757201ad
,23.87689706683159,-0.0002445801104785818,code_translation,29.227431043982506,0,2.594276347335407,91,cc26a8f50c3655dde6009e86559dc2e1
,0.0,,code_translation,49.96851996704936,0,2.23814654041575,247,cc9f8deeb5689a0f15bcb2811aa4d060
5.0023462772369385,49.084010381251574,0.13384610141050546,code_translation,108.12054922059178,2,1.6974402504522144,577,cd74629ef48d2bdd2c7656dade9448d4
,0.0,,code_translation,16.62738436460495,0,3.6815388364490493,92,cdb31f94a3fc62b6fc60d366bba94736
,10.193200409412384,0.00017393972629155868,code_translation,14.932561606168747,0,2.389155966831967,67,ce6d8ae32278e4014b09808dd347d47f
,0.0,,code_translation,38.293434873223305,0,2.7567558350436467,119,cebd3437e28d42516718358d25a2576c
,0.0,,code_translation,10.36256741732359,0,2.227102468083256,130,cedc06029dd6b81ad05fe4df3e8007f7
,0.0,,code_translation,15.012118250131607,0,2.1811552831751495,126,cfddd11442e72bb128aca516191e12be
,4.939588636159897,-0.00033639923289970113,code_translation,4.939588636159897,0,2.388041259187214,101,d06fc679d034d41469d3513c5e041645
,0.0,,code_translation,17.900552049279213,0,2.3556989663250913,143,d0724f5afad3c1b0622fd8672eaae4f8
,0.0,,code_translation,9.451180219650269,0,4.32155687606082,84,d13597de962f57e4aa28ef1b0eaafd64
0.6443786591291427,4.190811723470688,1.248761319216984,code_translation,43.9322749376297,10,3.308613083036004,233,d18e949d83dbaf4c1660ee56d1d9fe08
,0.0,,code_translation,0.0,0,5.8825841755039665,211,d1d31f94427e229a532276ad2474af03
,0.0,,code_translation,0.0,0,1.470733554073707,338,d2282e072300044aacb9d4f8c664305e
0.7404589056968689,17.077601745724678,0.18852365011709024,code_translation,34.155203491449356,1,2.5607105236828724,181,d2a21bc1482870decf9f7c6317b170e8
1.7546329994996388,20.82983775467922,0.2727332177274845,code_translation,87.40270792040974,3,2.70718978211875,395,d341aff596a8c42e9eabc8c51b598d9d
,0.0,,code_translation,22.58287078142166,0,2.20852140062416,122,d39540c42d75b8e44f02e04c65414ae4
,0.0,,code_translation,24.301655992865562,0,3.798970678903332,196,d3c687ff9f1e2d5778ef0513476bf1be
1.7164734204610188,16.50502197568615,0.23607545181981882,code_translation,56.41710068657994,3,2.283001752400748,318,d4650e0a640a1a8d8f8c54567b11ef8b
,0.0,,code_translation,0.0,0,6.2124698862875185,78,d48956348fa677078f8d555e47b644d6
2.9168362617492676,122.85291507840157,0.018037629169411956,code_translation,133.43678511679173,1,1.966696385519342,320,d55b00fff9e7ec22f5b7f7357032d8f4
,4.635471343994141,0.00031106172933835876,code_translation,77.79298475384712,0,2.2436731334201436,281,d56b8666e143e1c29d006069f64334ad
,4.318925082683563,0.00036467807067017404,code_translation,27.250431537628174,0,4.008110477191833,185,d756f2edb3c650c72a518c6b6929c62f
0.6981069805721442,66.12908338569105,0.2653385830737646,code_translation,132.2581667713821,3,2.030303271003595,557,d76e5c9415856d6f71ebcca6c3181cb8
0.3913019299507141,5.953761279582977,0.09232396006053831,code_translation,20.12396978586912,1,1.8356948466822047,405,d7b5620c08a9a15c2ea79c6726c7a299
,0.0,,code_translation,91.24120327085257,0,1.6702539568599661,340,d7ead9492a591eada955cfbb671415f7
,0.0,,code_translation,2.8380726724863052,0,3.241561940189785,47,d87fe3fc1f1f72ab9bba7a4c8cbc9cb0
2.0837254524230957,50.81588810309768,0.12212621430358427,code_translation,72.93265368230641,1,2.0338209108170044,220,d8891450cf0387e2263ebc1da9eda2c1
1.800449252128601,57.93412409722805,0.05541804122769906,code_translation,60.867021664977074,1,2.294284751266983,243,d9964e2f080448fea5e63b137474ffa1
,10.678219124674797,0.00024350720923393965,code_translation,15.438403390347958,0,2.602228241433164,205,da08d9857d1e588de0bb494a6829e60c
,0.0,,code_translation,29.24706518650055,0,2.812370673201924,56,da3abf19b7ef387466a9c7fd5850b9b0
,0.0,,code_translation,2.8726335242390633,0,2.626178600042209,82,da7acf771c2a7475d536e7a53bc7d21c
,124.78555195778608,0.0,code_translation,124.78555195778608,0,2.1195798175274407,187,da907f50aa62717837063c35cb5b18e6
,0.0,,code_translation,0.0,0,9.384689836435756,32,da9127508071bd48646ab63da9797905
2.8625173568725586,6.737180709838867,0.19437535936052072,code_translation,20.20163244754076,1,1.820802029369126,259,dae6d6e41bc2c3062a445566c056ffbf
1.0513987441857655,24.809194597726066,0.5105412288974196,code_translation,153.19590929709375,3,2.3358580182197017,619,daf7e11c03f026beb99d530d918aa947
,0.0,,code_translation,27.070708125829697,0,2.243653145905682,171,db4c686783828d5c8f44e6fd0512d7e6
,5.5612392872571945,0.0,code_translation,6.511745497584343,0,1.8631980865409776,93,dc1fd9c8636f5c8fdeeb0a2e1890485e
,0.0,,code_translation,53.162231750786304,0,2.1120136080565914,233,dc54c78363075fad4e2cf9cd1a46f2e8
0.24309509992599487,0.42260634899139404,0.4058192320397836,code_translation,91.43031609803438,1,2.5747558306394738,850,dc62d529680f4fa1f071c9efbbd597d4
,41.37821628153324,0.0,code_translation,41.37821628153324,0,2.0197863665897478,116,dd3766ac6147e55ca517fba622aba361
1.237693190574646,3.6342257410287857,0.29240871931302964,code_translation,9.162811748683453,2,3.064954451857113,161,dda54627a3af5b7d9e4da9aa0ffaa8df
6.645800590515137,60.00747365504503,0.018477678353733876,code_translation,66.90950841456652,1,2.45510429525095,177,ddcdf7cb77ada3407a741569bd1f2fb6
,0.0,,code_translation,22.792592842131853,0,2.8984105764639705,118,ddf7238bb15ce3de36899766b3bb2b43
,0.0,,code_translation,5.0073917508125305,0,3.2533250342603344,72,deb197856baeea47d90d7c3c1cf054b6
,0.0,,code_translation,88.34865008248016,0,1.3396852204040905,1134,debb6f667ff541e23882ae83905274c1
,0.0,,code_translation,6.215717986226082,0,2.488488446114233,62,debcd53e835817602ed39b0aefd63546
,0.0,,code_translation,7.114462494850159,0,2.2459792066274846,105,df0ab6cea4b32bd0ae17f902cbd1e606
,0.0,,code_translation,47.295934319496155,0,2.001025440427634,429,df2fe4eb4187b3bbd472b9ab1a676a70
,0.0,,code_translation,18.253722114488482,0,2.1658272226897255,237,df9ed0d7f375e023859aca287e9f6fd8
,0.0,,code_translation,0.0,0,5.679126959781517,21,dfba4d58de0e4ee02f95a789d5e6dba8
,0.0,,code_translation,78.44402980059385,0,2.9536247341826583,180,e0d3b5602a8120e061e3f0f32a21b8b2
,0.0,,code_translation,2.638674572110176,0,2.392342135974969,169,e0e937b1e9ae8eb5a903c055cd27530e
3.0018954277038574,17.05083006620407,0.09513653139280075,code_translation,17.05083006620407,1,2.052790861137717,219,e1844c704811d4602f613567f22e2a89
,0.0,,code_translation,9.525854080915451,0,1.9546445600802365,241,e1ccdedc4adcff3c7e092dd30bc7cf6c
,0.0,,code_translation,13.6602189168334,0,2.939493328111881,147,e1e00c39ad6eafc1dedc91bd76fa0e9e
,0.0,,code_translation,35.10305838659406,0,2.406056726997568,220,e23d4a7f7ed661165d7436474f7c7eeb
,0.0,,code_translation,0.0,0,7.018504553515778,21,e26542487de9a5d01d2729ace9cfd3d0
0.05093022373815378,3.737613239636024,0.26666703415002513,code_translation,41.64046681672335,3,2.142309044958168,585,e2767a066dc65f63df60fa7ecb4baf60
0.6539498138008639,10.091102227196098,0.3508845166957393,code_translation,76.89174228720367,5,1.973431655745666,649,e3245c29bc0d78356b770f14911a65a5
3.0906713008880615,3.0806629955768585,0.4166319597000912,code_translation,7.4105304181575775,1,3.7107694744724706,158,e485dbbb517759e916deb7f3bb4d748a
5.932284355163574,19.70945448987186,0.03507040936205562,code_translation,34.25514226965606,1,3.2806921766971127,171,e4963bcdd8ee4250457549bcc6654b9c
,0.0,,code_translation,19.242502126842737,0,1.6420735794765304,169,e4d7c1b12aca950f2bb52adf94d15eca
,0.0,,code_translation,0.0,0,4.8320957952374055,51,e4deed9eff4e19ba971d83a5f4c4f9e9
,0.0,,code_translation,16.267842136323452,0,3.2055588632262464,171,e5ce00b1347e8b301630572b939d03b9
5.502435207366943,7.714698255062103,0.5313091651769355,code_translation,54.42911683022976,1,2.9041762796877553,156,e652dd00a35c8dc5fc32cf0733b64622
7.07374906539917,19.230621486902237,0.06145377712187554,code_translation,30.176154293119907,1,2.0144996791421006,403,e72e306d5707b9b0ce41a97578f39797
,0.0,,code_translation,5.215996816754341,0,3.803023603239869,55,e7473071ceb253f02961d10696eeefe5
,0.0,,code_translation,8.714041233062744,0,6.047374002711157,101,e7eabbaada1a719ab3747b0f81137b5c
,0.0,,code_translation,51.39230106025934,0,2.11609045882679,351,e83c2dcbaa985ee6cff609f55c62f2bd
,0.0,,code_translation,25.49888886511326,0,2.0811946530681436,125,e87d5dda1727b2bf5f0cdfc5042c02ab
,0.0,,code_translation,6.902156829833984,0,2.4559435558868756,77,e995bf7732a2c5da187261deaa3d36cd
,0.0,,code_translation,4.922436490654945,0,1.9382001115545013,61,e9f2197545ae1add43f8100c8c5c82fd
,0.0,,code_translation,4.049096755683422,0,2.920986978941602,76,eb1ebcff08761d7266835de597275ee3
,0.0,,code_translation,0.0,0,4.721243790674656,73,eb7f0e838bbe13966de0166d7b3979bd
5.94325065612793,63.28563999757171,0.23700210018998608,code_translation,86.03954251483083,1,2.3056889280273096,334,eb80b09d9d445d4a33618f63c27671ee
1.348657488822937,22.24076822400093,0.2725254775021965,code_translation,44.48153644800186,1,2.0773936302118168,145,ec725fb028ea9e93358b2bbd5cfdaf50
1.2601351737976074,45.36381676606834,0.07296507068621766,code_translation,53.013091860339046,1,2.3030201384087086,412,ecf52408ae8f238e9d6ce096ed0f2ca0
,0.0,,code_translation,13.86458545923233,0,2.946720205996208,161,ed25f620ddabe07d3592709cb379d54b
5.268246650695801,10.83091253042221,0.20636629922470698,code_translation,16.84416815638542,1,2.6398554670116123,91,edce48f5d648613b6a0267444ae36cf3
,0.0,,code_translation,25.6109177172184,0,1.8799791041921803,138,ee1f53138f75011c00045a88dbd80062
,0.0,,code_translation,39.7338163331151,0,1.9035983545214434,197,ee340b58ba96d27fb5decc528ecc77d9
0.3000576077029109,7.066869331523776,0.36120082261242836,code_translation,84.03689767047763,8,2.314851440261476,524,ee6ea1fbc6bbb80269a7dee1b97d2100
,0.0,,code_translation,0.0,0,1.9562719121798526,130,eec37cfbd27624915d8dae9125bdea33
,0.0,,code_translation,17.071910217404366,0,2.9285298489351366,187,ef90748cb8f7890749f4532e24fd2a02
1.6642884016036987,3.143174409866333,1.2533052576831183,code_translation,22.754827115684748,1,2.8059687519814305,146,efd1d3c38fb117e711911e1c05668897
4.644961357116699,13.976547246798873,0.05913458640532162,code_translation,59.4281350877136,1,2.661310186010972,343,f0fcfe45ab60a87cc69c58238edf724a
,0.0,,code_translation,67.95292184501886,0,1.7475190097891178,267,f106deef1b83721c53763480e59bfddf
2.9838075637817383,21.702055574394763,0.045767465564372944,code_translation,21.702055574394763,1,1.7376062777571013,341,f11f9d0c18311e4b39bb7e211ed5802f
,0.0,,code_translation,22.883508384227753,0,2.669242935608811,154,f1503ec92de8ceb9745350693f282cb5
4.092283487319946,43.567584440112114,0.1493569846301527,code_translation,87.13516888022423,2,2.9944590302006504,369,f1c5f5d2610b54c0dcb2446b6cd08764
,0.0,,code_translation,0.0,0,7.453215123174556,17,f1e1270a9cfafcf34e36955009049c24
,0.0,,code_translation,11.458229064941406,0,2.742063800554521,59,f493fdd318cd0626cb3e8aeedb2cb692
,0.0,,code_translation,16.06538125872612,0,2.035889378431294,130,f50525c28ad278cd13f07534e74b3452
,0.0,,code_translation,17.74512656033039,0,1.7949906184820845,207,f5129b689ceb1e48f2f66e68838ec6a9
,86.98947524279356,-0.0001992999540627502,code_translation,101.16391237825155,0,2.0225222586245635,284,f523fa88725a35feb9b07051c9e654aa
,0.0,,code_translation,24.513511143624783,0,2.3333171792061806,154,f56703740c056b211d6138baa0f20970
0.4516579508781433,20.548540158197284,0.20376443601270286,code_translation,41.09708031639457,1,1.6678300836967404,241,f5c50c1c6c02d6dd29d047c94102d53b
,0.0,,code_translation,35.5249497666955,0,1.9757687168415925,192,f5c81f5ef83b0789f9308321f6d9e29b
,0.0,,code_translation,21.761979036033154,0,1.9786033657242086,119,f65beb218a3ef9548bdd70dfef0d620a
,0.0,,code_translation,10.42244890332222,0,2.451981245954063,83,f666aa51937879517471ed8bccc769c6
,0.0,,code_translation,3.7105478420853615,0,1.5645320279486266,366,f7a483432ed1a322351a74139510608e
6.948034286499023,19.969397135078907,0.0988906013775867,code_translation,19.969397135078907,1,2.6532723243371388,110,f823797306bf57ad7a6030434fb52e6c
,0.0,,code_translation,6.902156829833984,0,5.407079078145666,39,f859632d746d41ffe19623b6a4013c40
,0.0,,code_translation,10.244921788573265,0,3.3006038561202535,171,f892d01f59dd1de30e9252936ba2824c
,0.0,,code_translation,1.9236860871315002,0,3.6100151287331976,91,f8bb16e4c5adf525c0f494afa4c3cea1
,0.0,,code_translation,16.682569421827793,0,1.8824673987431242,132,f91d9ae0920fe7715b0ddd669b156e98
4.412839889526367,49.28162457048893,0.28287805425455137,code_translation,53.410485953092575,1,2.717379865966002,118,fa382824a94cd104da08dd8872361aea
,0.0,,code_translation,3.9813072681427,0,4.749656463136887,37,fa3bb339e049096f839cf4ba8abd08d9
,0.0,,code_translation,0.0,0,3.2283760223242566,61,faf1fb59e158215fdb6a02a21b6dd8f4
,0.0,,code_translation,11.361112235113978,0,2.0248418421232453,349,fb4c18db409acbed597f35900f2fd6cf
,0.0,,code_translation,19.81554190069437,0,2.8800862204526183,80,fb6cfef97fd4db13d14f8e18137490ac
,0.0,,code_translation,0.0,0,1.8410204448141503,468,fc2f723a58f8992f4db54a274d9a2f5e
,0.0,,code_translation,4.692970484495163,0,1.8026961102666315,163,fcae61f21d6ba30fdf3c6acbd4665a44
,0.0,,code_translation,3.4364902079105377,0,4.422770000946777,33,fcc3ce908cd130315b937ec46155af6a
,0.0,,code_translation,22.764039382338524,0,1.8719716007028597,219,fd820cb8af82c0fbb09b29db46a57e42
,0.0,,code_translation,17.005937576293945,0,2.6312907229958453,79,fda35fa379a854d9fb285e08062e5d5b
,0.0,,code_translation,26.99903929233551,0,1.876034672376737,226,fdfacab3a62630ec4fa28ca77a3dc5cd
,0.0,,code_translation,11.353249445557594,0,3.1646723374237453,106,fe26456ae3105f8652e100359ffabc37
,0.0,,code_translation,11.108989998698235,0,2.017833382003995,137,fea1c0a3bed5071cf86553c1e5fc7372
7.223777770996094,37.33667040616274,0.18749009344809323,humaneval,45.49857106432319,1,2.5221161085634822,85,HumanEval_0
1.4566103219985962,14.34615122154355,0.04624084029395211,humaneval,22.508051879704,1,1.7610204381585481,146,HumanEval_1
1.4566103219985962,12.47284822165966,0.07296033593719704,humaneval,20.63474887982011,1,2.5007461056905913,100,HumanEval_10
7.223794460296631,5.889856338500977,0.06780498307377386,humaneval,14.052232254296541,1,7.240051568600052,32,HumanEval_100
1.4566103219985962,36.113070979714394,0.05940801774146209,humaneval,44.27497163787484,1,2.4494435019383216,94,HumanEval_101
7.223794460296631,25.377374306321144,0.12407744787978353,humaneval,33.53975022211671,1,3.503414149717489,60,HumanEval_102
7.223794460296631,21.032551616430283,0.027551543981266708,humaneval,29.194927532225847,1,3.9972854521177714,71,HumanEval_103
1.4585310220718384,20.145199798047543,0.053383969712954504,humaneval,28.307575713843107,1,2.954961646643612,76,HumanEval_104
1.4566103219985962,19.347691226750612,0.027485283824919153,humaneval,27.50959188491106,1,1.9520199343569946,152,HumanEval_105
7.223777770996094,30.50414951890707,0.04587735388559675,humaneval,38.66605017706752,1,2.156373289842484,105,HumanEval_106
5.634788751602173,11.189807802438736,0.11969943647720636,humaneval,30.538524381816387,2,1.777140190517371,162,HumanEval_107
6.295860290527344,3.6873737424612045,0.11681492275872413,humaneval,15.536648143082857,2,2.981529969486161,115,HumanEval_108
7.223777770996094,32.160506688058376,0.037693007814520896,humaneval,40.322407346218824,1,2.8219070140155376,127,HumanEval_109
3.3503997921943665,10.72554113715887,0.27479921963997184,humaneval,29.61298293247819,2,2.021273116618697,83,HumanEval_11
1.4566103219985962,27.122062411159277,0.047400156755439855,humaneval,35.283963069319725,1,2.1434260358922526,97,HumanEval_110
1.4566103219985962,48.159182988107204,0.01858301664102688,humaneval,56.32108364626765,1,2.7216454998891932,119,HumanEval_111
7.223794460296631,1.1885693073272705,0.1565270790597424,humaneval,9.350945223122835,1,5.418663169568734,48,HumanEval_112
7.223777770996094,14.21914517879486,0.02737661524054905,humaneval,22.38104583695531,1,6.567649140824949,96,HumanEval_113
1.4566103219985962,19.876183845102787,0.04532681984106465,humaneval,28.038084503263235,1,2.669928827169346,114,HumanEval_114
0.9166291952133179,6.9458465576171875,0.35579590134097844,humaneval,19.75192068889737,1,6.901418950934179,40,HumanEval_115
1.4585310220718384,2.172952175140381,0.13648894774697481,humaneval,10.335328090935946,1,4.132926018293147,39,HumanEval_116
1.4566103219985962,28.318023098632693,0.034167313796379384,humaneval,36.47992375679314,1,2.0835938049606657,113,HumanEval_117
1.4566103219985962,41.04366896301508,0.02751649338777339,humaneval,49.20556962117553,1,1.945684864334773,146,HumanEval_118
2.6088271737098694,13.76020145881921,0.11839399591914934,humaneval,35.68230357579887,2,2.273496364990137,137,HumanEval_119
7.223794460296631,13.980203703045845,0.25933709528837956,humaneval,22.14257961884141,1,2.2551698246011647,68,HumanEval_12
1.4585310220718384,11.425048045814037,0.12267986253007418,humaneval,19.587423961609602,1,3.8895511829873715,44,HumanEval_120
1.4585310220718384,6.3974432945251465,0.13649675556613752,humaneval,14.559819210320711,1,3.5846888409607294,44,HumanEval_121
7.223794460296631,5.763251304626465,0.20775932607648429,humaneval,13.92562722042203,1,7.589140804117716,38,HumanEval_122
7.223777770996094,29.18340776860714,0.005915124062846741,humaneval,37.34530842676759,1,2.4307382381509997,123,HumanEval_123
1.4584678411483765,24.55169991031289,0.006613848165900607,humaneval,32.710608687251806,1,1.5822327239078247,194,HumanEval_124
1.4566103219985962,22.847754791378975,0.013771790506362864,humaneval,31.009655449539423,1,3.5165973990410873,81,HumanEval_125
1.4566103219985962,22.433436334133148,0.023255816794644658,humaneval,30.595336992293596,1,2.2689578387757363,115,HumanEval_126
2.8287070393562317,10.237916238605976,0.032479937434781024,humaneval,28.6377331353724,2,1.953299233200315,149,HumanEval_127
1.4585310220718384,11.127480931580067,0.08044503365571683,humaneval,19.28985684737563,1,3.886724421536507,73,HumanEval_128
1.4584678411483765,70.22582942899317,0.06135234433135452,humaneval,78.38473820593208,1,1.691471206721539,231,HumanEval_129
7.223794460296631,4.452996790409088,0.2398214458893889,humaneval,12.615372706204653,1,2.2020695691139966,45,HumanEval_13
7.223777770996094,23.293610502034426,0.07602906711653908,humaneval,31.455511160194874,1,2.283017908360406,125,HumanEval_130
1.4566103219985962,29.827354453504086,-0.025344548339489847,humaneval,37.989255111664534,1,2.3157824906075426,98,HumanEval_131
7.214925289154053,36.744542364031076,0.039717297750967134,humaneval,44.90345114096999,1,2.129023680803594,176,HumanEval_132
7.223794460296631,14.050180912017822,0.08209704154246855,humaneval,22.212556827813387,1,4.049415223944533,49,HumanEval_133
1.4585310220718384,3.7286500930786133,0.012016095679312472,humaneval,11.891026008874178,1,4.042222905785472,71,HumanEval_134
1.4585310220718384,13.568675506860018,0.10897748927778468,humaneval,21.731051422655582,1,2.7034620353934335,66,HumanEval_135
7.223794460296631,5.802261829376221,0.025356556002848914,humaneval,13.964637745171785,1,2.7047704718134806,76,HumanEval_136
7.223777770996094,22.295545998960733,0.02308619495526911,humaneval,30.45744665712118,1,2.3207463238518664,116,HumanEval_137
7.223794460296631,5.3658037185668945,0.1276823811662885,humaneval,13.52817963436246,1,10.042798478830193,32,HumanEval_138
7.223794460296631,4.599056228995323,0.05911268208486339,humaneval,12.761432144790888,1,2.69798003912159,66,HumanEval_139
1.4585310220718384,6.397356525063515,0.17475601827754872,humaneval,14.55973244085908,1,2.267503208848228,56,HumanEval_14
1.4584678411483765,41.027417151257396,0.0123805195762543,humaneval,49.18632592819631,1,1.7771776421906422,196,HumanEval_140
1.4566103219985962,24.93539210781455,0.0209368777119865,humaneval,33.097292765975,1,2.441424338641797,158,HumanEval_141
1.4566103219985962,37.25189170613885,0.032142130020074544,humaneval,45.4137923642993,1,1.968819653434843,108,HumanEval_142
7.223777770996094,60.22623889148235,0.011686676800189937,humaneval,68.3881395496428,1,2.3964939435684234,128,HumanEval_143
1.4566103219985962,12.68297615647316,0.032457619792516997,humaneval,20.844876814633608,1,2.9251818954968973,90,HumanEval_144
2.6194565892219543,2.893144358880818,0.13159657270383227,humaneval,13.948189375922084,2,2.855816589430011,104,HumanEval_145
7.223777770996094,30.505892753601074,0.05022810198170191,humaneval,38.66779341176152,1,2.8530352240240897,119,HumanEval_146
7.223777770996094,45.214608520269394,0.0802183508534323,humaneval,53.37650917842984,1,2.224326678985533,127,HumanEval_147
7.214925289154053,32.304948411881924,0.034086398535085514,humaneval,40.46385718882084,1,1.762197696275606,186,HumanEval_148
7.223794460296631,22.41347971558571,0.024367323923797812,humaneval,30.575855631381273,1,3.2915717566383496,70,HumanEval_149
1.4585310220718384,4.650428295135498,0.100891191649928,humaneval,12.812804210931063,1,3.6032875479517497,41,HumanEval_15
1.4585310220718384,35.43064083531499,0.0775336201613148,humaneval,43.593016751110554,1,2.706987924604609,68,HumanEval_150
1.4585310220718384,5.264737606048584,0.06920935263495065,humaneval,13.427113521844149,1,5.9463986101023165,53,HumanEval_151
7.223794460296631,7.213059902191162,0.09755523474325009,humaneval,15.375435817986727,1,5.695824542480627,35,HumanEval_152
7.214925289154053,19.59038007259369,0.011009893817198605,humaneval,27.749288849532604,1,2.460985896368581,170,HumanEval_153
1.4566103219985962,28.293951395899057,0.09636793141792778,humaneval,36.455852054059505,1,2.928421183797064,90,HumanEval_154
7.223777770996094,18.195781588554382,0.041021846830482024,humaneval,26.35768224671483,1,2.203165250716937,83,HumanEval_155
7.214925289154053,12.64193420857191,-0.0010566148348749639,humaneval,20.800842985510826,1,1.820012720559967,201,HumanEval_156
7.223794460296631,5.230316162109375,0.055799737602937965,humaneval,13.39269207790494,1,2.6771402674505347,56,HumanEval_157
1.4585310220718384,2.18001127243042,0.10158347322139889,humaneval,10.342387188225985,1,4.195774880375727,38,HumanEval_158
7.223794460296631,17.81310349702835,0.11584980274702228,humaneval,25.975479412823915,1,6.595738507184166,49,HumanEval_159
7.223794460296631,1.5090618133544922,0.25136477294234705,humaneval,9.671437729150057,1,4.252619168997443,32,HumanEval_16
1.4585310220718384,15.188215896487236,0.057264148575429365,humaneval,23.3505918122828,1,3.5335397294212814,69,HumanEval_160
1.4566103219985962,28.789869241416454,0.03728506007750535,humaneval,36.9517698995769,1,2.4544507124881503,122,HumanEval_161
7.223794460296631,1.9663426280021667,0.01055428757517336,humaneval,10.128718543797731,1,3.846038989469611,45,HumanEval_162
7.223794460296631,5.88739013671875,0.010069068412237342,humaneval,14.049766052514315,1,3.299814124816762,69,HumanEval_163
7.223794460296631,1.4261131286621094,0.10668390131895504,humaneval,9.588489044457674,1,4.586228400211873,69,HumanEval_17
7.223794460296631,10.707429230213165,0.09097791732367601,humaneval,18.86980514600873,1,2.0611278703767493,77,HumanEval_18
7.223777770996094,2.657902717590332,0.0485139815636945,humaneval,10.81980337575078,1,1.718684737495369,141,HumanEval_19
7.2133965492248535,4.767237663269043,0.26041989247979863,humaneval,12.929613579064608,1,7.2206025240270275,27,HumanEval_2
1.4584678411483765,66.2422643005848,0.04688930213524145,humaneval,74.40117307752371,1,1.715441074545571,168,HumanEval_20
1.4585310220718384,2.0797479152679443,0.14778091126549953,humaneval,10.242123831063509,1,2.1278185302246038,72,HumanEval_21
7.223794460296631,1.6973304748535156,0.21173896203452552,humaneval,9.85970639064908,1,3.2773352217785647,39,HumanEval_22
7.222801208496094,1.3608167171478271,0.33347064023837447,humaneval,9.517804890871048,1,4.954997494146807,23,HumanEval_23
1.4585310220718384,7.233909342437983,0.1803132095732368,humaneval,15.396285258233547,1,2.412654997145244,47,HumanEval_24
1.4566103219985962,15.93986962735653,0.1250368282880935,humaneval,24.101770285516977,1,1.7333711425656138,107,HumanEval_25
7.223794460296631,5.762323260307312,0.1858055750587179,humaneval,13.924699176102877,1,2.7977947417807485,54,HumanEval_26
7.2133965492248535,2.93325138092041,0.2994127788464539,humaneval,11.095627296715975,1,5.215632279337724,26,HumanEval_27
7.2133965492248535,2.9163870811462402,0.38579582671324414,humaneval,11.078762996941805,1,4.159286012553495,27,HumanEval_28
7.223794460296631,1.7290945053100586,0.19236333443979292,humaneval,9.891470421105623,1,2.817826670077529,44,HumanEval_29
7.223794460296631,11.124019175767899,0.08661852425197139,humaneval,19.286395091563463,1,3.2924238921108557,56,HumanEval_3
1.4585310220718384,3.7527365684509277,0.3245928489680712,humaneval,11.915112484246492,1,4.042545503870035,32,HumanEval_30
1.4585310220718384,8.628726791590452,0.06966010110918433,humaneval,16.791102707386017,1,2.0112791369276493,58,HumanEval_31
1.56889708340168,12.91006899997592,0.36900126331837224,humaneval,38.62328238785267,2,1.9829819590768047,174,HumanEval_32
7.223794460296631,1.017086386680603,0.23852986757244382,humaneval,9.179462302476168,1,4.554701020758469,41,HumanEval_33
1.457444667816162,2.3443312644958496,0.4488525324884583,humaneval,10.50131943821907,1,4.366758912254266,25,HumanEval_34
1.4585310220718384,7.45495155826211,0.2022735896603897,humaneval,15.617327474057674,1,2.511551629529898,47,HumanEval_35
7.223777770996094,18.945681989192963,0.09213433035377723,humaneval,27.10758264735341,1,2.807110288412787,102,HumanEval_36
7.223777770996094,10.382800690829754,0.0776405109987153,humaneval,18.544701348990202,1,2.3368066307168593,101,HumanEval_37
1.9426680207252502,17.320095458067954,0.16445378113025477,humaneval,42.802091574296355,2,1.8711371850520755,152,HumanEval_39
7.223794460296631,2.7419185638427734,0.15742635756265372,humaneval,10.904294479638338,1,2.3633696873767094,56,HumanEval_4
1.4566103219985962,39.673555344343185,0.12188241113285903,humaneval,47.83545600250363,1,1.8216302105965307,94,HumanEval_40
1.457444667816162,7.8505964279174805,0.30816654104958563,humaneval,16.0075846016407,1,13.667291761631612,25,HumanEval_41
7.2133965492248535,3.2056736946105957,0.34377029247622454,humaneval,11.36804961040616,1,5.972656789220033,29,HumanEval_42
7.223794460296631,34.29952246695757,0.058895768217432004,humaneval,42.461898382753134,1,2.7453182308388873,66,HumanEval_43
1.4585310220718384,5.092282675206661,0.1612024483409651,humaneval,13.254658591002226,1,2.4720752354714755,55,HumanEval_44
1.4576725959777832,3.3383827209472656,0.13078983215075968,humaneval,11.50075863674283,1,4.705863438773308,27,HumanEval_45
7.223777770996094,12.255645900964737,0.08366829744401447,humaneval,20.417546559125185,1,2.3675017836934784,100,HumanEval_46
7.223777770996094,9.346603840589523,0.09300028333941904,humaneval,17.50850449874997,1,1.7492969333749806,84,HumanEval_47
1.4585310220718384,10.234682492911816,0.09359981943092936,humaneval,18.39705840870738,1,2.038684478747977,57,HumanEval_48
1.4585310220718384,5.661470755934715,0.0939709853449064,humaneval,13.82384667173028,1,3.4902467079122,49,HumanEval_49
7.223777770996094,13.172529995441437,0.08284751624501321,humaneval,21.334430653601885,1,2.1446011612799447,87,HumanEval_5
1.4585310220718384,3.4695005416870117,0.11520473402671759,humaneval,11.631876457482576,1,3.0068126186239685,54,HumanEval_51
7.223794460296631,14.86680543422699,0.22905808185626353,humaneval,23.029181350022554,1,3.840420533542048,41,HumanEval_52
1.457444667816162,0.4772431254386902,0.4706551613198826,humaneval,8.634231299161911,1,3.240787169063382,24,HumanEval_53
1.4585310220718384,5.2364702224731445,0.1767708059111289,humaneval,13.39884613826871,1,3.496005579180297,37,HumanEval_54
1.4585310220718384,2.7166229747235775,0.15912873053457588,humaneval,10.878998890519142,1,1.7541092086325536,58,HumanEval_55
7.223794460296631,24.007468596100807,0.11637692846389572,humaneval,32.16984451189637,1,2.6277657322779513,72,HumanEval_56
7.223794460296631,6.589619725942612,0.2634722982001092,humaneval,14.751995641738176,1,3.7714388470863143,41,HumanEval_57
7.223794460296631,19.93618807569146,0.17975689084934338,humaneval,28.098563991487026,1,2.4137010053287495,69,HumanEval_58
5.6527886390686035,10.930237598717213,0.2041368539416509,humaneval,30.022375855594873,2,1.882691900321902,120,HumanEval_59
2.7600980401039124,8.346502593252808,0.22640770073630848,humaneval,24.854905844666064,2,2.05095539286596,133,HumanEval_6
1.4576725959777832,4.283565044403076,0.3478880289264701,humaneval,12.44594096019864,1,3.4304610809301286,30,HumanEval_60
1.4585310220718384,22.055808538571,0.08666191133844263,humaneval,30.218184454366565,1,2.284683699702199,75,HumanEval_61
7.223794460296631,3.9339327812194824,0.4598994095576927,humaneval,12.096308697015047,1,6.736603308447484,32,HumanEval_62
1.4566103219985962,5.885868199169636,0.030401866355486497,humaneval,14.047768857330084,1,1.9932611741861042,87,HumanEval_63
1.4566103219985962,6.658243402838707,0.012539824653504183,humaneval,14.820144060999155,1,2.3308075872945784,88,HumanEval_64
1.4585310220718384,22.128314718604088,0.08565551844852355,humaneval,30.290690634399652,1,2.768057674026558,68,HumanEval_65
7.223794460296631,8.135414481163025,0.11149645131081343,humaneval,16.29779039695859,1,5.528053001861933,43,HumanEval_66
7.223794460296631,24.627750426530838,0.11947989698792635,humaneval,32.7901263423264,1,4.3327700391050135,60,HumanEval_67
7.223794460296631,19.148625016212463,0.05950238833126301,humaneval,27.311000932008028,1,3.3196280340860707,75,HumanEval_68
7.223777770996094,22.715490967035294,0.05431716068204582,humaneval,30.87739162519574,1,2.9057633346279608,89,HumanEval_69
1.4585310220718384,1.6365578174591064,0.23834422044456005,humaneval,9.798933733254671,1,2.682310219111026,43,HumanEval_7
1.4585310220718384,9.12578684091568,0.1253871649929226,humaneval,17.288162756711245,1,3.3144009999675523,66,HumanEval_70
1.4566103219985962,12.371400505304337,0.018829327757826985,humaneval,20.533301163464785,1,1.7216271858551004,102,HumanEval_71
7.223777770996094,28.02662242949009,0.061612121878772394,humaneval,36.18852308765054,1,3.2584049086245868,83,HumanEval_72
7.223794460296631,24.212130218744278,0.02504335253564804,humaneval,32.37450613453984,1,2.859297815160613,63,HumanEval_73
1.4566103219985962,30.257330372929573,0.1174989359057789,humaneval,38.41923103109002,1,2.2962609078829934,91,HumanEval_74
2.9299102425575256,28.67896372731775,0.11664536346370975,humaneval,65.51982811279595,2,1.708879071147354,158,HumanEval_75
7.223794460296631,19.25790262594819,0.1658604346620316,humaneval,27.420278541743755,1,3.676558808280568,68,HumanEval_76
7.223794460296631,3.383988380432129,0.3225821429996618,humaneval,11.546364296227694,1,4.42649708185215,41,HumanEval_77
1.4585310220718384,26.383590538054705,0.027224263788767807,humaneval,34.54596645385027,1,3.4394784683316493,77,HumanEval_78
1.4585310220718384,4.6937713623046875,0.13911781028878908,humaneval,12.856147278100252,1,6.783334742208317,35,HumanEval_79
1.4585310220718384,7.266946077346802,0.15873815350511647,humaneval,15.429321993142366,1,2.121689895601423,75,HumanEval_8
7.223777770996094,38.81739613413811,0.02454876862281129,humaneval,46.979296792298555,1,2.369003226865111,94,HumanEval_80
7.214925289154053,34.270018577575684,0.008563987142614289,humaneval,42.4289273545146,1,1.435613995488651,314,HumanEval_81
1.4585310220718384,23.12691503763199,0.08271733328389624,humaneval,31.289290953427553,1,2.500020186995955,68,HumanEval_82
1.4585310220718384,16.255780294537544,0.05842940961500924,humaneval,24.41815621033311,1,6.928382393914664,46,HumanEval_83
7.223794460296631,6.861277103424072,0.2365048493538052,humaneval,15.023653019219637,1,5.373728973012282,31,HumanEval_84
7.223794460296631,4.9592742919921875,0.13955511636786946,humaneval,13.121650207787752,1,4.202817428673053,44,HumanEval_85
1.4585310220718384,5.819277763366699,0.11779471006229869,humaneval,13.981653679162264,1,4.6012937897134645,40,HumanEval_86
1.4566103219985962,2.4911248683929443,0.05960244123834064,humaneval,10.653025526553392,1,2.5148470909163065,100,HumanEval_87
7.223794460296631,2.5572566986083984,0.09483794091700963,humaneval,10.719632614403963,1,5.199907208725054,48,HumanEval_88
7.223777770996094,20.59405117481947,0.10959964226410528,humaneval,28.755951832979918,1,2.474608403001732,82,HumanEval_89
1.4566103219985962,14.436961371451616,0.09639859392910319,humaneval,22.598862029612064,1,1.8783178110219099,93,HumanEval_9
1.4585310220718384,2.9466700553894043,0.23204431547920273,humaneval,11.109045971184969,1,3.66405904366435,42,HumanEval_90
7.223794460296631,11.60266923904419,0.11381201795526207,humaneval,19.765045154839754,1,5.550985361612787,58,HumanEval_91
1.4566103219985962,23.038144290447235,0.03744475218933076,humaneval,31.200044948607683,1,2.358824912304373,83,HumanEval_92
1.4566103219985962,3.2928402423858643,0.06021749171195552,humaneval,11.454740900546312,1,2.620559028523782,93,HumanEval_93
5.776198625564575,12.848688563331962,0.10591569979879935,humaneval,33.85927778482437,2,2.8513484349125227,140,HumanEval_94
7.214925289154053,122.10849859379232,0.017529668047091582,humaneval,130.26740737073123,1,2.2260795914672196,190,HumanEval_95
1.4566103219985962,22.236703917384148,0.044948255514360165,humaneval,30.398604575544596,1,1.7773154808518712,92,HumanEval_96
1.4585310220718384,1.4819397926330566,0.14658945109784746,humaneval,9.644315708428621,1,4.1936488578387845,34,HumanEval_97
1.4585310220718384,14.28632477298379,0.05072154490934575,humaneval,22.448700688779354,1,2.517856476217665,59,HumanEval_98
1.4566103219985962,62.91219887137413,0.03902041659873378,humaneval,71.07409952953458,1,2.4842014455710513,148,HumanEval_99
1.437392234802246,17.763070952147245,0.27312252622885774,humaneval_simplified,25.92544686794281,1,2.1242291936379796,73,HumanEval_0
1.4585310220718384,16.44634186476469,0.10442779085762496,humaneval_simplified,24.608717780560255,1,4.780694165239184,45,HumanEval_101
1.4585310220718384,5.4261884689331055,0.15764718856457072,humaneval_simplified,13.58856438472867,1,5.093797504351144,42,HumanEval_104
1.4566103219985962,2.2399818897247314,0.053769666407052205,humaneval_simplified,10.40188254788518,1,1.8378679354781235,134,HumanEval_105
1.4377559423446655,31.76036512851715,0.1047560577913075,humaneval_simplified,39.9222657866776,1,1.6342679128527693,124,HumanEval_106
3.554724872112274,1.631643831729889,0.19492526589116702,humaneval_simplified,11.425188321620226,2,2.243300142428025,107,HumanEval_108
3.3503997921943665,3.9054665565490723,0.3472906765990495,humaneval_simplified,15.972833771258593,2,2.084554062942135,81,HumanEval_11
1.4566103219985962,2.3000741004943848,0.13876747661596303,humaneval_simplified,10.461974758654833,1,2.218185905545513,91,HumanEval_110
1.2027508020401,13.169208236038685,0.07391855345573277,humaneval_simplified,21.331108894199133,1,2.4191034719408964,109,HumanEval_111
1.4377559423446655,14.351667150855064,0.05506071710666685,humaneval_simplified,22.513567809015512,1,5.665890378116468,94,HumanEval_113
1.4566103219985962,14.582009330391884,0.09663064767140896,humaneval_simplified,22.743909988552332,1,2.181416461439989,133,HumanEval_114
1.4377559423446655,13.51719855517149,0.0853403192439974,humaneval_simplified,21.679099213331938,1,1.9211754404957226,109,HumanEval_117
3.11739844083786,9.395622920244932,0.11740416231550102,humaneval_simplified,26.953146498650312,2,1.894003352238676,147,HumanEval_119
1.437392234802246,7.669394068419933,0.21787720407536698,humaneval_simplified,15.831769984215498,1,2.6092264157100704,50,HumanEval_120
1.4377559423446655,6.842057507485151,0.0928454950696323,humaneval_simplified,15.0039581656456,1,1.9611039065291203,108,HumanEval_123
1.4584678411483765,23.088505449704826,0.008282540568078416,humaneval_simplified,31.24741422664374,1,1.6084383254015926,179,HumanEval_124
1.4566103219985962,23.565254531800747,0.10526082752912772,humaneval_simplified,31.727155189961195,1,3.1286100802049672,88,HumanEval_125
2.450299918651581,8.605618544388562,0.08200011909885736,humaneval_simplified,25.37014586571604,2,1.7222858891400572,160,HumanEval_127
1.4584678411483765,64.36900337506086,0.055331772585041926,humaneval_simplified,72.52791215199977,1,1.716911278519213,219,HumanEval_129
1.4566103219985962,17.23526754975319,0.039734937811245846,humaneval_simplified,25.397168207913637,1,2.623056056933768,84,HumanEval_131
1.4566103219985962,22.494963232427835,0.06935837682306199,humaneval_simplified,30.656863890588284,1,2.3253437481138857,123,HumanEval_132
0.952052116394043,1.940007209777832,0.2830998982535675,humaneval_simplified,14.528895366936922,1,3.7277543565672544,44,HumanEval_133
1.437392234802246,16.749718584120274,0.20580291183943158,humaneval_simplified,24.91209449991584,1,2.4234604439696437,65,HumanEval_135
1.437392234802246,3.609807014465332,0.3023948196650428,humaneval_simplified,11.772182930260897,1,2.504988267763517,42,HumanEval_14
1.4584678411483765,32.62438528239727,0.021227362761457792,humaneval_simplified,40.783294059336185,1,1.8068721952239848,198,HumanEval_140
1.4566103219985962,38.959322553128004,0.03937452282389131,humaneval_simplified,47.12122321128845,1,2.576146652664129,104,HumanEval_146
1.4566103219985962,34.31080735102296,0.08857060212669578,humaneval_simplified,42.47270800918341,1,1.9281313748764357,126,HumanEval_147
1.4585310220718384,4.458320617675781,0.10648606812537764,humaneval_simplified,12.620696533471346,1,2.9944601792761536,72,HumanEval_149
1.4585310220718384,26.8090400993824,0.14279173844073328,humaneval_simplified,34.971416015177965,1,2.557936894812854,70,HumanEval_150
1.4566103219985962,17.781574979424477,0.11866226933780126,humaneval_simplified,25.943475637584925,1,2.76485695943388,108,HumanEval_154
0.8673441410064697,2.0255932807922363,0.10381308199019912,humaneval_simplified,10.187493938952684,1,2.075796396135945,87,HumanEval_155
1.4584678411483765,12.041155075654387,0.02528411227309324,humaneval_simplified,20.200063852593303,1,1.548924005677764,185,HumanEval_156
1.437392234802246,8.442488200962543,0.2946355589950571,humaneval_simplified,16.604864116758108,1,3.2914738088540014,57,HumanEval_159
0.9078958630561829,25.766724832355976,0.10924988401776108,humaneval_simplified,36.04180469736457,1,1.6950828254382524,141,HumanEval_20
0.9519387483596802,9.744766380637884,0.13791915053244103,humaneval_simplified,22.3329985588789,1,1.6186188150999952,119,HumanEval_25
0.9143155217170715,1.0490859746932983,0.3347535905770708,humaneval_simplified,15.613673735409975,1,2.232857803176498,57,HumanEval_26
1.437392234802246,8.50114805996418,0.22580207281862386,humaneval_simplified,16.663523975759745,1,2.4563690629529518,56,HumanEval_3
0.5805707946419716,10.794352691620588,0.2982883990888418,humaneval_simplified,34.17411686480045,2,1.5755338253329711,199,HumanEval_32
1.4585310220718384,7.7309498973190784,0.21863832946733705,humaneval_simplified,15.893325813114643,1,2.4387254812056716,50,HumanEval_35
1.4566103219985962,2.2574191093444824,0.11533996616102134,humaneval_simplified,10.41931976750493,1,3.0654589998008306,80,HumanEval_36
1.4566103219985962,9.97519563138485,0.07566153626898597,humaneval_simplified,18.137096289545298,1,2.190524522679586,111,HumanEval_37
2.5738004446029663,15.097608511801809,0.17134023488194136,humaneval_simplified,43.00198843982071,2,1.685482991714985,156,HumanEval_39
1.4566103219985962,25.417291913181543,0.1389897593839483,humaneval_simplified,33.57919257134199,1,1.7814868350871556,99,HumanEval_40
1.4585310220718384,5.117729641497135,0.14424637825771544,humaneval_simplified,13.2801055572927,1,2.0309098232989617,68,HumanEval_44
1.4566103219985962,10.961043909192085,0.08632472754047461,humaneval_simplified,19.122944567352533,1,1.9648261622254535,106,HumanEval_46
1.4377559423446655,7.2018256559967995,0.14187404405846096,humaneval_simplified,15.363726314157248,1,1.5711631985057755,93,HumanEval_47
1.4377559423446655,11.633920900523663,0.13250527397768808,humaneval_simplified,19.79582155868411,1,2.0443642749733644,79,HumanEval_5
1.4585310220718384,9.616941824555397,0.11108368184456291,humaneval_simplified,17.77931774035096,1,2.6694836059700835,68,HumanEval_56
2.9986454844474792,7.502803940791637,0.25395803677463186,humaneval_simplified,23.16750853974372,2,2.4222165850752506,118,HumanEval_6
1.4585310220718384,19.56581710278988,0.11256264709140452,humaneval_simplified,27.728193018585443,1,2.6397088320425786,65,HumanEval_61
1.4585310220718384,7.042888335883617,0.07683307916325118,humaneval_simplified,15.205264251679182,1,2.4653439409901767,78,HumanEval_64
1.4585310220718384,15.384507961571217,0.11467968249107124,humaneval_simplified,23.54688387736678,1,2.882297927688396,62,HumanEval_65
1.4585310220718384,5.239139080047607,0.22019954363648325,humaneval_simplified,13.401514995843172,1,4.903730078378,47,HumanEval_67
1.4566103219985962,22.231955900788307,0.09454531657022679,humaneval_simplified,30.393856558948755,1,2.2597340220030087,96,HumanEval_72
1.4566103219985962,4.838898181915283,0.19553565814464785,humaneval_simplified,13.000798840075731,1,2.5656047773217594,79,HumanEval_74
1.4585310220718384,10.95408609509468,0.1730392420840074,humaneval_simplified,19.116462010890245,1,2.7234279282918474,65,HumanEval_76
1.4585310220718384,3.9251925945281982,0.15314584454405122,humaneval_simplified,12.087568510323763,1,4.873881675956945,58,HumanEval_78
1.437392234802246,6.259125858545303,0.12015127645738954,humaneval_simplified,14.421501774340868,1,1.973632384302579,78,HumanEval_9
0.9065191149711609,3.584360122680664,0.20915833533508704,humaneval_simplified,16.390434253960848,1,4.263779432890343,61,HumanEval_91
2.9966532588005066,10.819914063438773,0.13281405654111844,humaneval_simplified,29.801728785037994,2,2.218555844417735,144,HumanEval_94
1.4566103219985962,45.29623159579933,0.028112662920687835,humaneval_simplified,53.458132253959775,1,2.0401882624500147,146,HumanEval_95
1.4377559423446655,24.07503916695714,0.08935063775090778,humaneval_simplified,32.23693982511759,1,1.8341312383208255,82,HumanEval_96
1.4585310220718384,2.0320162773132324,0.15078958301871484,humaneval_simplified,10.194392193108797,1,2.9733777958613845,50,HumanEval_98
,20.948265118524432,0.003638199628575852,samples,20.948265118524432,0,2.3817714385415063,65,Example
