avg_context_surprisal_gap,avg_first_token_surprisal,dataset,lm_cc,lm_cc_density,loc,num_functions,num_semantic_units,ppl,total_tokens,uid
0.039770730055170136,8.425043106079102,humaneval,11.599999999999998,39.119121357798576,10,1,9,2.4565283436680896,86,HumanEval_0
0.07882667965173601,1.78778076171875,humaneval,13.599999999999998,15.318391438573599,21,1,15,1.7378826870879256,147,HumanEval_1
0.02237038495315408,8.43901538848877,humaneval,2.8,4.653502464294434,3,1,4,6.9093960374699135,28,HumanEval_2
0.0022404561065794792,8.439016342163086,humaneval,8.8,12.212415009737015,10,1,8,3.228031333345884,57,HumanEval_3
0.04627022100612521,8.439016342163086,humaneval,4.2,2.313384532928467,4,1,5,2.2983890698611873,57,HumanEval_4
0.009536583294592253,8.425043106079102,humaneval,8.6,13.56209620833397,14,1,9,2.1296153137175913,88,HumanEval_5
0.24773622043848884,2.7914316654205322,humaneval,14.399999999999999,8.792861208319664,17,2,14,2.0288218111349248,134,HumanEval_6
0.31608749058149344,1.780746340751648,humaneval,2.8,1.600226640701294,5,1,6,2.5647482615305197,44,HumanEval_7
0.13828641616183793,1.780746340751648,humaneval,5.6,7.315437525510788,11,1,8,2.043984641713279,76,HumanEval_8
0.12589813958106258,1.78778076171875,humaneval,10.6,15.327662967145443,16,1,12,1.8386189243680204,94,HumanEval_9
0.06840730617348585,1.78778076171875,humaneval,10.2,13.754856258630753,13,1,12,2.460530012104717,101,HumanEval_10
0.3420384131191225,3.442683219909668,humaneval,9.399999999999999,10.558203456923366,11,2,11,1.976495122216377,84,HumanEval_11
0.05479959087697641,8.439016342163086,humaneval,5.6,16.127771139144897,9,1,6,2.2900061516735573,69,HumanEval_12
0.1065484425111208,8.439016342163086,humaneval,2.8,4.777996391057968,5,1,4,2.2252191465106432,46,HumanEval_13
0.21155210474639066,1.780746340751648,humaneval,5.8,6.615166038274765,9,1,8,2.170057459510397,57,HumanEval_14
0.22756751515450613,1.780746340751648,humaneval,2.8,4.637615203857422,5,1,6,3.3829689201139024,42,HumanEval_15
-0.009902439321632739,8.439016342163086,humaneval,2.8,1.500710129737854,3,1,4,4.123129267661717,33,HumanEval_16
0.07529631728903041,8.439016342163086,humaneval,4.2,1.452154278755188,4,1,5,4.431408008458568,70,HumanEval_17
-0.01957220919494931,8.439016342163086,humaneval,7.199999999999999,11.655019521713257,9,1,7,2.05028979812701,78,HumanEval_18
0.014391415623001247,8.425043106079102,humaneval,5.8,3.0925488471984863,15,1,6,1.7255872088636708,142,HumanEval_19
0.021949353771752778,1.7888953685760498,humaneval,24.0,71.48930794373155,20,1,18,1.7453719834272758,169,HumanEval_20
0.20269766805890518,1.780746340751648,humaneval,5.6,2.1408982276916504,7,1,8,2.0981218001681126,73,HumanEval_21
0.08547294860952259,8.439016342163086,humaneval,2.8,1.7217620611190796,3,1,4,3.2199325554399536,40,HumanEval_22
0.07124776263824767,8.438502311706543,humaneval,2.8,1.4497238397598267,3,1,4,4.6846176606626635,24,HumanEval_23
0.1727567308815196,1.780746340751648,humaneval,2.8,7.509715110063553,7,1,6,2.2839080126578306,48,HumanEval_24
0.12776346585946158,1.78778076171875,humaneval,14.999999999999998,16.11269909143448,17,1,14,1.6809795953181135,108,HumanEval_25
0.09803344144447877,8.439016342163086,humaneval,5.6,5.731298208236694,5,1,6,2.767692425425557,55,HumanEval_26
-0.03222454883646043,8.43901538848877,humaneval,2.8,3.090331554412842,3,1,4,4.961959598260141,27,HumanEval_27
0.1850557049355385,8.43901538848877,humaneval,2.8,2.9727540016174316,3,1,4,4.029833864347714,28,HumanEval_28
0.10929950607271913,8.439016342163086,humaneval,2.8,1.809295892715454,3,1,4,2.8044765356083015,45,HumanEval_29
0.2377636995911598,1.780746340751648,humaneval,2.8,3.8882088661193848,5,1,6,3.835766070778916,33,HumanEval_30
0.059747582306062766,1.780746340751648,humaneval,4.2,8.674907814711332,10,1,7,1.9585253152470663,59,HumanEval_31
0.35340495255705756,1.8263619542121887,humaneval,17.2,13.376764390617609,18,2,15,1.9976935608609787,175,HumanEval_32
-0.01653210525142236,8.439016342163086,humaneval,5.6,1.2671940326690674,5,1,6,4.530241015391774,42,HumanEval_33
0.42840358666661715,1.7797021865844727,humaneval,2.8,2.6411757469177246,5,1,6,4.086451215061875,26,HumanEval_34
0.14610260433400982,1.780746340751648,humaneval,4.2,7.796583712100983,9,1,7,2.4658511551101148,48,HumanEval_35
0.050303374585148296,8.425043106079102,humaneval,14.799999999999999,20.599177181720734,11,1,12,2.7733698601452574,103,HumanEval_36
0.0017557995500586305,8.425043106079102,humaneval,12.799999999999999,10.82239454984665,11,1,11,2.3137279319865662,102,HumanEval_37
0.13839963791362042,2.1016547679901123,humaneval,18.6,17.566411370411515,20,2,17,1.866175461512731,153,HumanEval_39
0.060048363229056455,1.78778076171875,humaneval,11.799999999999999,42.406539373099804,10,1,11,1.8121958615512526,95,HumanEval_40
0.25731605508675176,1.7797021865844727,humaneval,2.8,7.198123455047607,5,1,6,11.941133853248562,26,HumanEval_41
-0.006398132197015609,8.43901538848877,humaneval,2.8,3.331949234008789,3,1,4,5.820273294842188,30,HumanEval_42
-0.07230490338835927,8.439016342163086,humaneval,9.6,35.13453596830368,7,1,8,2.720546446410282,67,HumanEval_43
0.179640193421316,1.780746340751648,humaneval,7.3999999999999995,5.360771782696247,9,1,9,2.4185111672744246,56,HumanEval_44
0.17188062807545065,1.7797021865844727,humaneval,2.8,3.126573085784912,5,1,6,4.279740658399411,28,HumanEval_45
-0.011692000577520383,8.425043106079102,humaneval,10.2,12.686785206198692,11,1,10,2.343993029113478,101,HumanEval_46
0.005144310286975926,8.425043106079102,humaneval,9.2,10.096167892217636,7,1,8,1.765448920232095,85,HumanEval_47
0.14479805445298552,1.780746340751648,humaneval,4.4,10.881244696676731,8,1,7,1.9522839231441862,58,HumanEval_48
0.2492934129910455,1.780746340751648,humaneval,5.8,5.2154029458761215,8,1,8,3.2494314617304667,50,HumanEval_49
0.04068599744363034,1.780746340751648,humaneval,4.4,3.3588178157806396,6,1,7,2.957388922899874,55,HumanEval_51
0.01652435010894098,8.439016342163086,humaneval,4.4,13.600368447601795,6,1,5,3.7150519335365235,42,HumanEval_52
0.50727999460993,1.7809771299362183,humaneval,2.8,0.5210486054420471,5,1,6,2.9548617957112544,25,HumanEval_53
0.27021173531344783,1.780746340751648,humaneval,2.8,5.126750469207764,5,1,6,3.3041928873741306,38,HumanEval_54
0.14997409526989156,1.780746340751648,humaneval,5.6,3.249155942350626,9,1,8,1.7169980364624837,59,HumanEval_55
-0.003659039329209212,8.439016342163086,humaneval,11.0,22.787245705723763,11,1,9,2.6116649403075027,73,HumanEval_56
-0.046152815559051104,8.439016342163086,humaneval,4.2,6.116400063037872,5,1,5,3.8206906635245117,42,HumanEval_57
0.01996475999840186,8.439016342163086,humaneval,9.0,18.232540529221296,8,1,8,2.42645458720677,70,HumanEval_58
0.09965247329041038,6.244968891143799,humaneval,12.2,11.854177726432681,14,2,10,1.8815271147680857,121,HumanEval_59
0.3395698844738629,1.780746340751648,humaneval,2.8,4.353872776031494,5,1,6,3.374360678312949,31,HumanEval_60
0.07955144067561966,1.780746340751648,humaneval,11.0,20.773807264864445,13,1,11,2.214685880141431,76,HumanEval_61
0.03537758601898396,8.439016342163086,humaneval,2.8,3.9758965969085693,3,1,4,6.585058845269979,33,HumanEval_62
0.04834979336010292,1.78778076171875,humaneval,6.999999999999999,5.787938177585602,11,1,9,1.9639922561410281,88,HumanEval_63
0.03312632790622934,1.78778076171875,humaneval,8.6,6.841166406869888,9,1,10,2.304342237925918,89,HumanEval_64
0.10715916238774804,1.780746340751648,humaneval,9.2,22.46976973116398,9,1,10,2.6927098367780515,69,HumanEval_65
-0.07684145346045113,8.439016342163086,humaneval,4.2,7.9229069501161575,4,1,5,5.566730645890638,44,HumanEval_66
-0.06895482575690204,8.439016342163086,humaneval,9.0,25.455965101718903,7,1,8,4.4301991777050675,61,HumanEval_67
-0.050090044174742485,8.439016342163086,humaneval,6.999999999999999,18.67710244655609,6,1,7,3.2999398400378577,76,HumanEval_68
-0.03614038792632831,8.425043106079102,humaneval,11.799999999999999,23.586182236671448,12,1,12,2.8728200700510342,90,HumanEval_69
0.08771664735671701,1.780746340751648,humaneval,7.3999999999999995,9.184024646878242,10,1,9,3.2379991790316356,67,HumanEval_70
0.02072164174169302,1.78778076171875,humaneval,8.6,13.141393527388573,10,1,10,1.6982759962183376,103,HumanEval_71
-0.04218251201718186,8.425043106079102,humaneval,13.599999999999998,28.976232782006264,12,1,11,3.2894920792117714,84,HumanEval_72
-0.06085728972363446,8.439016342163086,humaneval,9.0,25.179345935583115,7,1,8,2.9142032491173038,64,HumanEval_73
0.07157803138917578,1.78778076171875,humaneval,11.799999999999999,30.86145005375147,16,1,12,2.2725881093507185,92,HumanEval_74
0.11616673720815521,2.8910595178604126,humaneval,21.799999999999997,30.1993488073349,22,2,18,1.7078582820850334,159,HumanEval_75
-0.1027507864374427,8.439016342163086,humaneval,10.2,18.2382797524333,8,1,9,3.6289725769081165,69,HumanEval_76
0.03584955026033438,8.439016342163086,humaneval,4.2,2.998405694961548,4,1,5,3.9335647419699473,42,HumanEval_77
0.003897317999508232,1.780746340751648,humaneval,10.399999999999999,27.30550353974104,10,1,11,3.4291344480073076,78,HumanEval_78
0.07000082527935904,1.780746340751648,humaneval,2.8,4.6034345626831055,5,1,6,6.467173596514579,36,HumanEval_79
-0.046581735054889085,8.425043106079102,humaneval,10.6,37.91656272113323,10,1,11,2.3287323883327375,95,HumanEval_80
-0.0065497294280069205,8.430657386779785,humaneval,18.2,36.33465440198779,33,1,14,1.438251647471357,315,HumanEval_81
0.03313457519274022,1.780746340751648,humaneval,8.8,23.22126180306077,11,1,10,2.4905752465919933,69,HumanEval_82
0.08087040366939245,1.780746340751648,humaneval,5.8,15.56463661044836,7,1,8,6.487578971118271,47,HumanEval_83
-0.07511324259954003,8.439016342163086,humaneval,2.8,6.87218713760376,3,1,4,5.6104490098743,32,HumanEval_84
-0.08262202345455687,8.439016342163086,humaneval,2.8,5.095687389373779,3,1,4,4.345285216359718,45,HumanEval_85
0.09151749758078068,1.780746340751648,humaneval,2.8,5.503476142883301,5,1,6,4.418258214641101,41,HumanEval_86
0.0405003861787038,1.78778076171875,humaneval,14.2,2.3431079387664795,12,1,13,2.5094923279061967,101,HumanEval_87
-0.08689800452529675,8.439016342163086,humaneval,2.8,4.608616828918457,3,1,4,5.246889665235262,49,HumanEval_88
-0.055472672870080286,8.425043106079102,humaneval,9.0,20.483565166592598,10,1,8,2.429749570564662,83,HumanEval_89
0.09955447558313608,1.780746340751648,humaneval,4.2,2.6038074493408203,6,1,7,3.6040854576888384,43,HumanEval_90
-0.07775351725395699,8.439016342163086,humaneval,5.6,11.060978412628174,5,1,6,5.419840583418836,59,HumanEval_91
0.056398370462518777,1.78778076171875,humaneval,9.2,24.66119121015072,10,1,10,2.3432424004371946,84,HumanEval_92
0.03838505069786131,1.78778076171875,humaneval,6.999999999999999,3.1476001739501953,8,1,9,2.578399103074815,94,HumanEval_93
0.024064615513059075,6.303664207458496,humaneval,16.4,12.952689690515399,17,2,14,2.8480421860109026,141,HumanEval_94
-0.022928869860428993,8.430657386779785,humaneval,38.4,122.69003806635737,24,1,21,2.2083029582041775,191,HumanEval_95
0.01811965616139145,1.78778076171875,humaneval,10.6,23.084245420992374,14,1,11,1.7668952719266964,93,HumanEval_96
0.160745466848042,1.780746340751648,humaneval,2.8,1.470689058303833,5,1,6,3.9739084073508755,35,HumanEval_97
0.0632140848857279,1.780746340751648,humaneval,5.8,14.441658914089203,9,1,8,2.4820526517714,60,HumanEval_98
0.02923863738814884,1.78778076171875,humaneval,20.199999999999996,64.83956637606025,23,1,20,2.5091707185630248,149,HumanEval_99
-0.07906137030847647,8.439016342163086,humaneval,2.8,6.0310468673706055,3,1,4,7.137237015771432,33,HumanEval_100
0.04328272579473325,1.78778076171875,humaneval,13.399999999999999,35.900075666606426,17,1,14,2.4092119699654373,95,HumanEval_101
-0.029283430495045403,8.439016342163086,humaneval,11.799999999999999,27.355353355407715,9,1,10,3.3538236433570563,61,HumanEval_102
-0.0370691367283915,8.439016342163086,humaneval,8.6,21.382390320301056,8,1,8,3.9831761845605853,72,HumanEval_103
0.04457710987881528,1.780746340751648,humaneval,7.199999999999999,20.720031298696995,9,1,9,2.9038798934290373,77,HumanEval_104
0.02797932904454526,1.78778076171875,humaneval,17.2,20.39642783254385,23,1,15,1.950115586609641,153,HumanEval_105
-0.030865084410179405,8.425043106079102,humaneval,18.4,32.9955108165741,13,1,13,2.182811059351001,106,HumanEval_106
0.05179893109905919,6.082347512245178,humaneval,15.399999999999999,11.666591014713049,14,2,14,1.7902873454541772,163,HumanEval_107
0.0034219525066543034,6.886172294616699,humaneval,12.2,3.657770484685898,9,2,10,2.9947249596759136,116,HumanEval_108
-0.034222503273831834,8.425043106079102,humaneval,15.799999999999999,33.37429189682007,14,1,13,2.8686128475592136,128,HumanEval_109
0.029450413069894744,1.78778076171875,humaneval,16.4,27.501742001622915,15,1,15,2.101383045017236,98,HumanEval_110
0.03693369779752435,1.78778076171875,humaneval,18.6,48.71719143539667,17,1,16,2.644996891426937,120,HumanEval_111
-0.023821135620088425,8.439016342163086,humaneval,4.2,1.1473772525787354,4,1,5,5.238689314066475,49,HumanEval_112
-0.0640097939880094,8.425043106079102,humaneval,8.8,13.869761645793915,7,1,8,6.640487849296168,97,HumanEval_113
0.1192146990182766,1.78778076171875,humaneval,18.0,20.857276171445847,15,1,16,2.6063443371918025,115,HumanEval_114
0.36992210342238346,0.9352821707725525,humaneval,4.0,6.563817024230957,6,1,7,6.9243935385080295,41,HumanEval_115
0.0865820546168834,1.780746340751648,humaneval,2.8,4.655378818511963,5,1,6,4.089307686672371,40,HumanEval_116
0.030018946410701523,1.78778076171875,humaneval,12.2,28.141177032142878,13,1,12,2.0846652597341815,114,HumanEval_117
0.04187861383011524,1.78778076171875,humaneval,14.0,42.69321820139885,13,1,14,1.927846912907359,147,HumanEval_118
0.12001008133654698,2.8456469774246216,humaneval,15.799999999999997,14.61061991378665,18,2,15,2.236489978687222,138,HumanEval_119
0.05823056081410598,1.780746340751648,humaneval,8.6,10.936046376824379,9,1,10,3.7262322106659913,45,HumanEval_120
0.08789900331632108,1.780746340751648,humaneval,2.8,6.8078999519348145,5,1,6,3.4818500305666564,45,HumanEval_121
-0.05499275804807743,8.439016342163086,humaneval,2.8,6.122804164886475,3,1,4,7.3417796826767345,39,HumanEval_122
-0.059163850303976084,8.425043106079102,humaneval,19.4,29.988816514611244,16,1,15,2.445859005577046,124,HumanEval_123
0.027550267656383548,1.7888953685760498,humaneval,18.799999999999997,27.16488361172378,20,1,16,1.5558540381906503,195,HumanEval_124
0.020007224558424706,1.78778076171875,humaneval,11.2,22.93020263314247,10,1,11,3.453980009181933,82,HumanEval_125
0.022094446051158702,1.78778076171875,humaneval,10.2,23.1822030544281,13,1,11,2.235005059214441,116,HumanEval_126
0.027638226463852947,2.9590821266174316,humaneval,16.599999999999998,10.502911473624408,20,2,15,1.935111163987102,150,HumanEval_127
0.09906269253979465,1.780746340751648,humaneval,7.199999999999999,10.718298763036728,8,1,9,3.7857307275795185,74,HumanEval_128
0.016073466264905228,1.7888953685760498,humaneval,28.599999999999998,72.39228119142354,31,1,22,1.6841470771787432,232,HumanEval_129
-0.002574873585642005,8.425043106079102,humaneval,12.399999999999999,23.417239353060722,11,1,10,2.25958894233655,126,HumanEval_130
6.678861765457051e-05,1.78778076171875,humaneval,17.0,31.3271081186831,15,1,15,2.3050856073602666,99,HumanEval_131
-0.009973459712325296,8.430657386779785,humaneval,24.599999999999998,37.39982386678457,20,1,20,2.085944214219095,177,HumanEval_132
-0.11140953421338716,8.439016342163086,humaneval,7.199999999999999,13.763442248106003,7,1,7,4.01313826199985,50,HumanEval_133
0.09145976704530767,1.780746340751648,humaneval,5.8,3.3246986865997314,8,1,8,3.846292155067196,72,HumanEval_134
0.1768913899777236,1.780746340751648,humaneval,10.399999999999999,14.647511914372444,11,1,11,2.6398551536001023,67,HumanEval_135
-0.09400150905245207,8.439016342163086,humaneval,5.6,5.67774772644043,5,1,6,2.700710380891638,77,HumanEval_136
-0.002580446653651465,8.425043106079102,humaneval,6.999999999999999,21.389518916606903,7,1,7,2.3248426046736945,117,HumanEval_137
-0.11945891180248172,8.439016342163086,humaneval,2.8,5.540294647216797,3,1,4,9.922125182113772,33,HumanEval_138
-0.018905402794785676,8.439016342163086,humaneval,10.2,5.2302878350019455,8,1,9,2.626690661553195,67,HumanEval_139
0.023090690713149134,1.7888953685760498,humaneval,27.4,41.99485856294632,24,1,20,1.7763071188157393,197,HumanEval_140
0.04660677879937733,1.7888953685760498,humaneval,15.6,24.729878090322018,18,1,15,2.3976155327620137,159,HumanEval_141
0.011192887963837769,1.78778076171875,humaneval,14.599999999999998,38.78844545036554,13,1,13,1.9634595219424704,109,HumanEval_142
-0.04234320693554705,8.425043106079102,humaneval,17.599999999999998,59.871666956692934,13,1,13,2.397645564244855,129,HumanEval_143
0.12755866862399748,1.78778076171875,humaneval,11.399999999999999,13.347184389829636,11,1,12,2.8971375289826615,91,HumanEval_144
0.0918214388663362,2.8149670362472534,humaneval,14.0,2.86559971421957,12,2,13,2.8448548865258,105,HumanEval_145
-0.04102830095906882,8.425043106079102,humaneval,12.599999999999998,31.902919247746468,12,1,11,2.883192845759446,120,HumanEval_146
0.0007599554268918077,8.425043106079102,humaneval,14.599999999999998,43.319450099021196,10,1,11,2.231532731672094,128,HumanEval_147
-0.007927425878231146,8.430657386779785,humaneval,13.599999999999998,32.45047137886286,11,1,11,1.7740343683702804,187,HumanEval_148
-0.06141465746690161,8.439016342163086,humaneval,10.399999999999999,22.672951370477676,8,1,9,3.308506976319888,71,HumanEval_149
0.07930571274434933,1.780746340751648,humaneval,12.599999999999998,37.51819311082363,12,1,12,2.6344185571767356,69,HumanEval_150
0.07910905669078878,1.780746340751648,humaneval,4.4,5.48817253112793,6,1,7,5.744099082583527,54,HumanEval_151
-0.029529542181019983,8.439016342163086,humaneval,2.8,7.477048873901367,3,1,4,5.8041250985853905,36,HumanEval_152
-0.030147271760364587,8.430657386779785,humaneval,13.399999999999999,20.556352525949478,13,1,12,2.4607336494521084,171,HumanEval_153
0.08951462581837887,1.78778076171875,humaneval,11.0,28.847063660621643,11,1,11,2.8670730507988678,91,HumanEval_154
-0.050217028053549044,8.425043106079102,humaneval,9.0,18.77103327214718,10,1,8,2.2070628824583642,84,HumanEval_155
-0.007801751978576602,8.430657386779785,humaneval,17.799999999999997,13.427156209945679,16,1,14,1.8128094664425236,202,HumanEval_156
-0.10527339729471315,8.439016342163086,humaneval,2.8,4.980001449584961,3,1,4,2.7379302398288594,57,HumanEval_157
0.1233972262651209,1.780746340751648,humaneval,2.8,2.152388572692871,5,1,6,4.137155781480859,39,HumanEval_158
-0.08431009292094545,8.439016342163086,humaneval,7.799999999999999,17.16178348660469,6,1,7,6.442823952626305,50,HumanEval_159
0.033954456872907615,1.780746340751648,humaneval,7.199999999999999,13.92031466960907,8,1,9,3.4741463173630978,70,HumanEval_160
0.03243072365370134,1.78778076171875,humaneval,21.0,29.304480515420437,18,1,18,2.4490415412613915,123,HumanEval_161
-0.06479100921715145,8.439016342163086,humaneval,4.2,2.1511048078536987,4,1,5,3.686103905867051,46,HumanEval_162
-0.06249603265678161,8.439016342163086,humaneval,5.6,4.998085021972656,6,1,6,3.2436615983137216,70,HumanEval_163
0.2134829746404042,1.4283918142318726,humaneval_simplified,6.199999999999999,18.474324505776167,9,1,8,2.054386019766702,74,HumanEval_0
0.27842444633323776,1.4283918142318726,humaneval_simplified,5.8,9.558751709759235,10,1,8,2.3772318613342525,57,HumanEval_3
0.16492309450728093,1.428436279296875,humaneval_simplified,7.199999999999999,11.783101543784142,11,1,9,1.9700796470910766,80,HumanEval_5
0.28874307647525743,2.9243922233581543,humaneval_simplified,11.0,7.446826103143394,13,2,11,2.4000010198815778,119,HumanEval_6
0.1913624764174144,1.428436279296875,humaneval_simplified,7.199999999999999,6.485468477010727,10,1,9,1.8911358910275287,79,HumanEval_9
0.404490310859212,3.442683219909668,humaneval_simplified,5.8,4.079185664653778,8,2,9,2.039559244011781,82,HumanEval_11
0.3879765716314848,1.4283918142318726,humaneval_simplified,2.8,3.7091405391693115,5,1,6,2.346230987232315,43,HumanEval_14
0.09723040438612625,0.6742855906486511,humaneval_simplified,18.0,27.971376284956932,15,1,14,1.7146917708516323,142,HumanEval_20
0.1397189609145686,0.8899880647659302,humaneval_simplified,14.799999999999999,10.31051143631339,17,1,14,1.5847608859986195,120,HumanEval_25
0.4260419299415927,1.1346250772476196,humaneval_simplified,5.3999999999999995,1.0521173477172852,7,1,8,2.12534320817612,58,HumanEval_26
0.29720755653022113,0.5253044366836548,humaneval_simplified,17.2,10.96023204550147,20,2,16,1.5616675493083456,200,HumanEval_32
0.2578191552148742,1.780746340751648,humaneval_simplified,4.2,7.947497185319662,9,1,7,2.3661256119027376,51,HumanEval_35
0.12941548013613138,1.78778076171875,humaneval_simplified,5.6,2.252270221710205,7,1,8,3.0060626697310755,81,HumanEval_36
0.0628607443913307,1.78778076171875,humaneval_simplified,11.399999999999999,10.5581746250391,13,1,12,2.1527674862111126,112,HumanEval_37
0.1675650800756906,2.6300607323646545,humaneval_simplified,18.4,15.752675905358046,21,2,16,1.7008694705977514,157,HumanEval_39
0.0842950665442597,1.78778076171875,humaneval_simplified,9.6,26.82394913211465,11,1,10,1.7663572573188775,100,HumanEval_40
0.15901351369942202,1.780746340751648,humaneval_simplified,7.199999999999999,5.168813064694405,9,1,9,1.9960617285722742,69,HumanEval_44
0.09179718500812246,1.78778076171875,humaneval_simplified,10.0,11.431761011481285,12,1,11,1.911454910408218,107,HumanEval_46
0.13139168928420647,1.428436279296875,humaneval_simplified,9.0,7.875453844666481,10,1,10,1.5632936079331738,94,HumanEval_47
0.12176386410843765,1.780746340751648,humaneval_simplified,5.8,9.982064586132765,10,1,8,2.574216050531012,69,HumanEval_56
0.10104058150619526,1.780746340751648,humaneval_simplified,9.2,18.023243725299835,10,1,10,2.5433944734782905,66,HumanEval_61
0.10823874016174338,1.78778076171875,humaneval_simplified,7.199999999999999,7.28849034011364,9,1,9,2.4202389346393574,79,HumanEval_64
0.15886979520913552,1.780746340751648,humaneval_simplified,7.199999999999999,15.861256748437881,8,1,9,2.76199610168641,63,HumanEval_65
0.19827316328301095,1.780746340751648,humaneval_simplified,2.8,5.687892436981201,5,1,6,4.672302474140189,48,HumanEval_67
0.11806256288474196,1.78778076171875,humaneval_simplified,9.0,23.348211765289307,13,1,10,2.2221989772557134,97,HumanEval_72
0.16808475971629377,1.78778076171875,humaneval_simplified,4.2,5.032454967498779,7,1,7,2.5274824849630115,80,HumanEval_74
0.11413714453248822,1.780746340751648,humaneval_simplified,8.6,11.28627947717905,10,1,10,2.578932227497891,66,HumanEval_76
0.10505937488051131,1.780746340751648,humaneval_simplified,4.2,4.025454998016357,6,1,7,4.848301229804821,59,HumanEval_78
0.21937282194894756,0.9863058924674988,humaneval_simplified,5.3999999999999995,3.6517608165740967,7,1,8,4.192514758744611,62,HumanEval_91
0.14186765625732986,2.8533754348754883,humaneval_simplified,11.799999999999999,11.107527988031507,17,2,12,2.151346126607777,145,HumanEval_94
0.03594034240939554,1.78778076171875,humaneval_simplified,19.0,46.01615727506578,19,1,16,2.034305159879439,147,HumanEval_95
0.12937574714111785,1.428436279296875,humaneval_simplified,9.0,25.431192107498646,12,1,10,1.7964903539109556,83,HumanEval_96
0.215808232439422,1.780746340751648,humaneval_simplified,2.8,2.024604082107544,5,1,6,2.8960399969149937,51,HumanEval_98
0.18560404677899847,1.780746340751648,humaneval_simplified,5.8,16.216434575617313,7,1,8,4.650252015499732,46,HumanEval_101
0.1263597146075751,1.780746340751648,humaneval_simplified,2.8,5.339231491088867,5,1,6,4.877740864464292,43,HumanEval_104
0.08672259051644236,1.78778076171875,humaneval_simplified,7.199999999999999,2.372915029525757,18,1,9,1.8240936477941443,135,HumanEval_105
0.12369826832849883,1.428436279296875,humaneval_simplified,17.199999999999996,35.865788877010345,17,1,14,1.6140276896363155,125,HumanEval_106
0.213911975271767,3.5169222354888916,humaneval_simplified,9.0,1.5019917041063309,11,2,10,2.202229378503151,108,HumanEval_108
0.14433162510699948,1.78778076171875,humaneval_simplified,5.6,2.3932557106018066,7,1,8,2.198612505315529,92,HumanEval_110
0.10985851900347758,1.1920737028121948,humaneval_simplified,10.0,12.841790787875652,11,1,11,2.394610102253808,110,HumanEval_111
0.12858981729067606,1.428436279296875,humaneval_simplified,7.3999999999999995,14.355061918497086,9,1,9,5.387125913431794,95,HumanEval_113
0.16309946253230528,1.78778076171875,humaneval_simplified,15.2,15.456402905285358,14,1,14,2.1238335373174215,134,HumanEval_114
0.1123655122184359,1.428436279296875,humaneval_simplified,10.2,13.834883593022823,11,1,11,1.9052643012609434,110,HumanEval_117
0.15214976560174753,3.1302571296691895,humaneval_simplified,13.799999999999999,9.839416072703898,18,2,13,1.8617538277721033,148,HumanEval_119
0.20025005266286952,1.4283918142318726,humaneval_simplified,7.199999999999999,8.376573584973812,8,1,9,2.4963662498580845,51,HumanEval_120
0.12467505074668639,1.428436279296875,humaneval_simplified,7.3999999999999995,7.409267853945494,10,1,9,1.902051852772855,109,HumanEval_123
0.029582720125692376,1.7888953685760498,humaneval_simplified,15.799999999999997,26.313519643619657,18,1,14,1.5815045819005638,180,HumanEval_124
0.14660219650106204,1.78778076171875,humaneval_simplified,8.8,22.411018282175064,9,1,10,3.103606690191199,89,HumanEval_125
0.07635826254404283,2.6014431715011597,humaneval_simplified,14.799999999999999,8.638894468545914,20,2,14,1.7125626053964935,161,HumanEval_127
0.007717563346028877,1.7888953685760498,humaneval_simplified,26.199999999999996,66.6482312278822,22,1,19,1.7066390399538698,220,HumanEval_129
0.10331046183944328,1.78778076171875,humaneval_simplified,12.0,18.419962465763092,12,1,12,2.604326600676939,85,HumanEval_131
0.06116993816424932,1.78778076171875,humaneval_simplified,14.999999999999998,23.235230803489685,13,1,14,2.28351515361665,124,HumanEval_132
0.394272215794498,0.8899582624435425,humaneval_simplified,4.0,1.7872599363327026,6,1,7,3.529159654254817,45,HumanEval_133
0.3499423686338685,1.4283918142318726,humaneval_simplified,9.0,17.412364177405834,9,1,10,2.295314567832786,66,HumanEval_135
0.04502079641709777,1.7888953685760498,humaneval_simplified,24.799999999999997,33.6312397941947,23,1,19,1.8066374463995485,199,HumanEval_140
0.01335563581705708,1.78778076171875,humaneval_simplified,12.2,39.060725562274456,12,1,12,2.5488969810708517,105,HumanEval_146
0.09142341877787742,1.78778076171875,humaneval_simplified,11.0,34.05272634327412,12,1,11,1.9071178886626585,127,HumanEval_147
0.1629537251025725,1.780746340751648,humaneval_simplified,5.6,4.692967414855957,7,1,8,2.9305088594248145,73,HumanEval_149
0.1701075217117452,1.780746340751648,humaneval_simplified,7.6,28.15323470532894,10,1,9,2.46781430044615,71,HumanEval_150
0.11383072132853293,1.78778076171875,humaneval_simplified,7.3999999999999995,18.299894530326128,10,1,9,2.7317999310828585,109,HumanEval_154
0.13725913516127894,0.6787735223770142,humaneval_simplified,5.6,2.1064770221710205,7,1,7,2.0486633670695746,88,HumanEval_155
0.04652893931403484,1.7888953685760498,humaneval_simplified,13.399999999999999,12.792279034852982,13,1,13,1.5367382764409048,186,HumanEval_156
0.3067731548007578,1.4283918142318726,humaneval_simplified,5.8,9.304846294224262,7,1,8,3.098136989014347,58,HumanEval_159
0.2134829746404042,1.4283918142318726,humaneval_simplified-top60,6.199999999999999,18.474324505776167,9,1,8,2.054386019766702,74,HumanEval_0
0.11869880823458948,1.428436279296875,humaneval_simplified-top60,17.2,16.67250756174326,18,1,15,1.7373038821802624,126,HumanEval_1
0.27842444633323776,1.4283918142318726,humaneval_simplified-top60,5.8,9.558751709759235,10,1,8,2.3772318613342525,57,HumanEval_3
0.14910951079442525,1.428436279296875,humaneval_simplified-top60,7.199999999999999,11.783755719661713,12,1,9,1.8438921993514934,86,HumanEval_5
0.287376325560943,2.9243922233581543,humaneval_simplified-top60,11.0,5.605177356861532,12,2,11,2.3998207893696843,117,HumanEval_6
0.1913624764174144,1.428436279296875,humaneval_simplified-top60,7.199999999999999,6.485468477010727,10,1,9,1.8911358910275287,79,HumanEval_9
0.404490310859212,3.442683219909668,humaneval_simplified-top60,5.8,4.079185664653778,8,2,9,2.039559244011781,82,HumanEval_11
0.3879765716314848,1.4283918142318726,humaneval_simplified-top60,2.8,3.7091405391693115,5,1,6,2.346230987232315,43,HumanEval_14
0.09301218254008342,1.78778076171875,humaneval_simplified-top60,7.199999999999999,8.991565376520157,10,1,9,1.8697042232956043,87,HumanEval_18
0.1397189609145686,0.8899880647659302,humaneval_simplified-top60,14.799999999999999,10.31051143631339,17,1,14,1.5847608859986195,120,HumanEval_25
0.3077443842261028,0.5492930561304092,humaneval_simplified-top60,17.2,10.915179923176765,20,2,16,1.499805107579128,203,HumanEval_32
0.07752303548853148,1.78778076171875,humaneval_simplified-top60,11.399999999999999,10.681332394480705,12,1,12,2.201237528251974,99,HumanEval_37
0.1675650800756906,2.6300607323646545,humaneval_simplified-top60,18.4,15.752675905358046,21,2,16,1.7008694705977514,157,HumanEval_39
0.1592857626977654,1.428436279296875,humaneval_simplified-top60,9.6,26.783285308629274,11,1,10,1.5868545544686918,102,HumanEval_40
0.15901351369942202,1.780746340751648,humaneval_simplified-top60,7.199999999999999,5.168813064694405,9,1,9,1.9960617285722742,69,HumanEval_44
0.13139168928420647,1.428436279296875,humaneval_simplified-top60,9.0,7.875453844666481,10,1,10,1.5632936079331738,94,HumanEval_47
0.12176386410843765,1.780746340751648,humaneval_simplified-top60,5.8,9.982064586132765,10,1,8,2.574216050531012,69,HumanEval_56
0.10104058150619526,1.780746340751648,humaneval_simplified-top60,9.2,18.023243725299835,10,1,10,2.5433944734782905,66,HumanEval_61
0.07539420317237576,1.78778076171875,humaneval_simplified-top60,5.6,5.995789550244808,9,1,8,2.037430544074621,83,HumanEval_63
0.10411781240189054,1.78778076171875,humaneval_simplified-top60,7.199999999999999,7.311255499720573,9,1,9,2.4686711347452763,79,HumanEval_64
0.15886979520913552,1.780746340751648,humaneval_simplified-top60,7.199999999999999,15.861256748437881,8,1,9,2.76199610168641,63,HumanEval_65
0.19827316328301095,1.780746340751648,humaneval_simplified-top60,2.8,5.687892436981201,5,1,6,4.672302474140189,48,HumanEval_67
0.0616748857881046,1.78778076171875,humaneval_simplified-top60,8.6,11.297425121068954,9,1,10,1.5746647769948157,107,HumanEval_71
0.11806256288474196,1.78778076171875,humaneval_simplified-top60,9.0,23.348211765289307,13,1,10,2.2221989772557134,97,HumanEval_72
0.16808475971629377,1.78778076171875,humaneval_simplified-top60,4.2,5.032454967498779,7,1,7,2.5274824849630115,80,HumanEval_74
0.11413714453248822,1.780746340751648,humaneval_simplified-top60,8.6,11.28627947717905,10,1,10,2.578932227497891,66,HumanEval_76
0.10505937488051131,1.780746340751648,humaneval_simplified-top60,4.2,4.025454998016357,6,1,7,4.848301229804821,59,HumanEval_78
0.012835151368479725,1.7888953685760498,humaneval_simplified-top60,18.2,26.154480488970876,33,1,15,1.3521361442261357,314,HumanEval_81
0.14186765625732986,2.8533754348754883,humaneval_simplified-top60,11.799999999999999,11.107527988031507,17,2,12,2.151346126607777,145,HumanEval_94
0.08035918267212508,1.2814557552337646,humaneval_simplified-top60,19.0,40.03587631136179,19,1,16,1.8978187791210952,160,HumanEval_95
0.215808232439422,1.780746340751648,humaneval_simplified-top60,2.8,2.024604082107544,5,1,6,2.8960399969149937,51,HumanEval_98
0.18560404677899847,1.780746340751648,humaneval_simplified-top60,5.8,16.216434575617313,7,1,8,4.650252015499732,46,HumanEval_101
0.15369939548338973,1.780746340751648,humaneval_simplified-top60,11.799999999999999,22.00657181441784,11,1,12,2.542641957827022,70,HumanEval_102
0.1263597146075751,1.780746340751648,humaneval_simplified-top60,2.8,5.339231491088867,5,1,6,4.877740864464292,43,HumanEval_104
0.08672259051644236,1.78778076171875,humaneval_simplified-top60,7.199999999999999,2.372915029525757,18,1,9,1.8240936477941443,135,HumanEval_105
0.11829582326875727,1.78778076171875,humaneval_simplified-top60,5.6,2.40254282951355,7,1,8,2.2071969299915595,104,HumanEval_110
0.12560872151772237,1.1920737028121948,humaneval_simplified-top60,8.6,7.708166122436523,9,1,10,2.439138410825352,100,HumanEval_111
0.12087083256448664,1.428436279296875,humaneval_simplified-top60,7.3999999999999995,14.354788407683372,9,1,9,5.699922051630982,92,HumanEval_113
0.12807276532676412,1.78778076171875,humaneval_simplified-top60,15.2,15.819586366415024,14,1,14,1.9688943274682587,155,HumanEval_114
0.11578873293824814,1.428436279296875,humaneval_simplified-top60,10.2,14.096313640475273,11,1,11,1.9883945387312654,101,HumanEval_117
0.19025466201172203,3.1302571296691895,humaneval_simplified-top60,13.599999999999998,7.782173428684473,15,2,13,1.8821176773263706,141,HumanEval_119
0.1867538645733581,1.780746340751648,humaneval_simplified-top60,7.199999999999999,7.989369451999664,8,1,9,2.6642871074044225,51,HumanEval_120
0.12467505074668639,1.428436279296875,humaneval_simplified-top60,7.3999999999999995,7.409267853945494,10,1,9,1.902051852772855,109,HumanEval_123
0.14660219650106204,1.78778076171875,humaneval_simplified-top60,8.8,22.411018282175064,9,1,10,3.103606690191199,89,HumanEval_125
0.07635826254404283,2.6014431715011597,humaneval_simplified-top60,14.799999999999999,8.638894468545914,20,2,14,1.7125626053964935,161,HumanEval_127
0.09210031020726699,1.78778076171875,humaneval_simplified-top60,8.6,12.564238350838423,12,1,10,2.547443747629869,92,HumanEval_131
0.394272215794498,0.8899582624435425,humaneval_simplified-top60,4.0,1.7872599363327026,6,1,7,3.529159654254817,45,HumanEval_133
0.27650685796859387,1.780746340751648,humaneval_simplified-top60,9.0,18.182213075459003,9,1,10,2.5527873528008547,66,HumanEval_135
0.14867847806899182,1.780746340751648,humaneval_simplified-top60,10.2,4.649855196475983,10,1,11,2.1971270641608833,75,HumanEval_139
0.044032036312089504,1.7888953685760498,humaneval_simplified-top60,20.799999999999997,31.3771807923913,22,1,16,1.7360417200862848,166,HumanEval_140
0.04914447174918267,1.7888953685760498,humaneval_simplified-top60,14.2,21.051272317767143,16,1,14,2.257318231828807,163,HumanEval_141
0.01335563581705708,1.78778076171875,humaneval_simplified-top60,12.2,39.060725562274456,12,1,12,2.5488969810708517,105,HumanEval_146
0.09142341877787742,1.78778076171875,humaneval_simplified-top60,11.0,34.05272634327412,12,1,11,1.9071178886626585,127,HumanEval_147
0.1854744529315772,1.4283918142318726,humaneval_simplified-top60,5.6,4.80341100692749,7,1,8,2.768790112475532,73,HumanEval_149
0.1701075217117452,1.780746340751648,humaneval_simplified-top60,7.6,28.15323470532894,10,1,9,2.46781430044615,71,HumanEval_150
0.10645164725784627,1.78778076171875,humaneval_simplified-top60,9.0,20.861345998942852,11,1,10,2.6611567949867077,98,HumanEval_154
0.13725913516127894,0.6787735223770142,humaneval_simplified-top60,5.6,2.1064770221710205,7,1,7,2.0486633670695746,88,HumanEval_155
0.03684243992409372,1.7888953685760498,humaneval_simplified-top60,15.2,11.99706619232893,13,1,14,1.6244230561151414,186,HumanEval_156
0.3067731548007578,1.4283918142318726,humaneval_simplified-top60,5.8,9.304846294224262,7,1,8,3.098136989014347,58,HumanEval_159
0.18159747492895942,1.4283918142318726,humaneval_simplified-top60,7.199999999999999,8.850413724780083,8,1,9,2.407592732285516,74,HumanEval_160
,,xcodeeval_apr,36.199999999999996,0.0,35,0,32,2.315087465424836,328,0a847d657fa59c50893184da6b9e02d2
0.1493920074117177,4.833271145820618,xcodeeval_apr,36.599999999999994,16.31157374754548,33,2,29,2.3511425100978984,250,0a4af5403bfb848d37aff50dbeefd085
,,xcodeeval_apr,39.0,0.0,31,0,28,2.442964213965885,302,0a9a248623cccedd9e3532b2f1abf9f9
,,xcodeeval_apr,44.39999999999999,0.0,37,0,27,1.6512780960971811,346,0ab1e2ed5574bd0349b31b93bccf983c
,,xcodeeval_apr,33.8,0.0,38,0,26,1.3662604649864678,865,0a259a386930adfffdd7990a4b7e2450
0.3862236195011787,0.7503709197044373,xcodeeval_apr,52.199999999999996,47.894183713942766,45,1,40,2.1540069029002513,371,0c2a4ce963877f827ffec3ac13c850df
,,xcodeeval_apr,35.4,0.0,45,0,31,2.002985757049854,326,0c4e8ea1b73ad99ef27d3b3af7409b15
0.41005327977748357,0.8260648731916262,xcodeeval_apr,41.0,5.346539419881689,105,9,41,1.275425522232864,978,0cc18af88d3b9ee747c5c33380c88a1a
,,xcodeeval_apr,46.0,0.0,70,0,43,1.299196003968621,968,0cb83a2555716028834a6f3f2c4939fd
0.3046559133224556,0.2924017055435115,xcodeeval_apr,63.0,1.7563861255766824,99,7,62,1.7154537978106081,1076,0f2e072d7046b8ca609211c9046f550d
0.5656540293445453,0.5096818599849939,xcodeeval_apr,140.0,4.463679908050431,166,10,141,2.376653539628487,1542,0f71c4368a228f47e3b753015a08f619
0.4669391209456331,1.7708926126360893,xcodeeval_apr,47.0,5.226560684852302,51,4,46,1.918139410068489,498,1a0dace4675eb7d5f4a21814c0c6c1df
,,xcodeeval_apr,35.8,0.0,38,0,28,1.8285257452128796,293,1faea68112aa60cf1c1479588dbb37c0
0.0,7.178250312805176,xcodeeval_apr,64.39999999999999,152.08005999401212,76,1,49,1.5735549624156095,797,1be7c4d0f37ca584f9115b749b15a16f
0.369725487785013,2.654935948550701,xcodeeval_apr,62.8,46.65137093979865,62,4,47,1.4388496102891843,559,1a527ed46ec62cfe9f1920fbe7c55dca
0.7209353534655991,1.2710481782754262,xcodeeval_apr,63.8,7.87234565243125,63,6,59,1.9583507571624368,452,1e3221574a20015050613f558d86432e
0.2793682482528779,0.7505083084106445,xcodeeval_apr,57.599999999999994,52.39425246603787,67,1,60,2.0397121975944654,559,1c8ad28d9cf0492cc51ab32821f5eb78
0.5225364745099765,0.40588246570486164,xcodeeval_apr,119.0,7.411186229585755,128,18,105,2.0736056489064922,1253,1e5dbacad5f2fd4f783ccbb15f23b6ae
0.3295923183052605,1.4210953058307216,xcodeeval_apr,118.99999999999999,14.840611581674073,168,13,98,1.6144458814304414,1707,1f94fcba72e7fb12eea1147cd97ae811
,,xcodeeval_apr,115.79999999999998,0.0,71,0,62,1.7105805921666182,1048,af1f0d31a17baec242ce9718628ae948
0.27906218715692044,1.4204480946063995,xcodeeval_apr,37.8,4.876463074237108,45,2,38,2.1593167138415423,362,cd01a2751776ec24575ec3f9167a5e29
0.21892502866775695,1.8539939920107524,xcodeeval_apr,55.0,57.02087530680001,50,3,42,1.865377136552527,625,e1ddbb7cff37072df2770baa68fde0bf
0.4563412065861432,0.5154854900079044,xcodeeval_apr,120.99999999999999,6.421732747179339,235,24,158,1.675279644148946,2124,02cbfd35328b260c8996cec42b25e1d6
-0.019659411561276232,6.5415568351745605,xcodeeval_apr,25.4,2.9742057621479034,44,1,29,1.5548974973453005,371,2ed50efd2368ef0b23398120c0581772
,,xcodeeval_apr,42.599999999999994,0.0,38,0,32,2.0661458688818075,317,2f40947c7d85105c15f76185179c0d4d
0.5280631198744165,0.23150144442915915,xcodeeval_apr,80.4,6.002789417468011,78,10,63,1.9800064286250323,837,2b8a1baf96a4d99d6f67599cef777139
0.5220756546323699,0.7034011414202024,xcodeeval_apr,68.4,2.622684925282374,114,13,74,1.6068081091599393,1116,2c9d9cfa45878b5292a3266125e1a7cc
,,xcodeeval_apr,63.39999999999999,0.0,48,0,43,2.0558529024037875,421,aaf2fba1a77f6f9c7742f86a206003a9
0.6332593560999704,1.0656838555421149,xcodeeval_apr,122.19999999999999,13.442531679570674,144,7,111,1.9434615159330475,1060,b2bf3f1b0eaefeddafad22029237a6f0
0.33542867842414936,4.07970666885376,xcodeeval_apr,39.8,13.069097556173801,46,1,42,2.216483017598943,310,caf2bceb41cba04631b90034f11dfcf3
0.2460263126829107,3.8842408657073975,xcodeeval_apr,21.2,4.592920303344727,104,1,36,1.0681932328594712,2927,d2fb78be092c18bda86a19d018485248
0.5440260610263832,0.19252856145394617,xcodeeval_apr,61.6,2.867327759908221,113,10,60,1.7149952464249174,1036,fc2d3f812b4cb6c6ea3b66109f7e240a
,,xcodeeval_apr,49.2,0.0,41,0,37,2.2203157742855084,416,3bbb9d4a866e7502b6f77c0a77560a23
0.5979856840005924,0.5628302425228123,xcodeeval_apr,75.8,1.002675282095879,127,11,72,1.4538932228909531,1247,3b5c205e1bba9f1efa57101bdf7bee17
1.2886546445987754,0.3863626718521118,xcodeeval_apr,46.0,14.884857550263405,49,1,49,2.3269307163618613,380,3f386ae38bf31cbf63779ad2cd748fe5
0.27289274951603615,2.432156454771757,xcodeeval_apr,74.0,58.01660777286937,69,3,56,2.1169718555363515,524,3d5e411ca4e69197adb1d22530c299e9
0.8188364261740764,1.4383763074874878,xcodeeval_apr,99.8,5.575723648071289,101,1,88,1.6360779380676858,1427,3cbf5d1d37a9faa75a12c55847ae115b
0.07198272548204149,3.9665596187114716,xcodeeval_apr,33.8,9.32999955303967,36,2,30,2.227378980102421,262,a3ea2651ad122b6e1c2b1078ac425a2a
,,xcodeeval_apr,38.0,0.0,40,0,33,1.7695270953334816,323,afb3d6257bfe97d9995b2031696b4274
0.06355061361275774,1.9541083574295044,xcodeeval_apr,42.0,11.866100002080202,37,1,32,2.0637453459366215,341,bb3e8ab15053e7c6e29f4fb6a5c0315f
,,xcodeeval_apr,37.0,0.0,36,0,32,2.3235993235396357,244,c3b6bb4616bed8f2f2ed851ba16f77c9
0.47111678541405266,0.7157735030509924,xcodeeval_apr,190.79999999999998,8.536173869951574,219,19,172,2.5819177941440237,2046,bd3e33525a75c2256e4b8db404b4d818
0.3440312305143845,0.8799730539321899,xcodeeval_apr,53.0,83.75106471404433,44,1,39,2.2794947280842193,360,c3f8174f6b7700c82b604afbfe414c82
0.4069722088463521,0.7235640764236451,xcodeeval_apr,64.19999999999999,7.826043300703168,67,5,52,1.6312757634838262,801,f3f22dc4ffd493236c3f94c9b219022f
0.35479566281262254,3.463916599750519,xcodeeval_apr,47.0,10.922597289085388,56,2,50,2.1569435484486417,370,4b2c5878c3c228ed67cc0e4c4b804eac
8.256034683822967e-05,7.178250312805176,xcodeeval_apr,72.4,83.56039359234273,69,1,59,1.9534826751577468,524,4dfbdce093c5b431e0b8e1c8bcfcc3c1
0.26806767684111965,0.4248320639133453,xcodeeval_apr,84.6,7.648546258867201,103,10,79,1.936551246409649,818,4be6f07595f29a3a119b84d877518f0f
0.5105861862716722,0.8160474186434465,xcodeeval_apr,154.0,4.4121385011821985,167,17,136,2.415586324186356,1612,4fc0fcdef3f6c3e4f9b573dfcec0bbac
,,xcodeeval_apr,43.39999999999999,0.0,31,0,32,1.9935494697966167,284,aadfd4a381651013a12982168fa5fb89
0.2286281426780603,1.1923816899458568,xcodeeval_apr,49.4,9.67358560860157,76,3,63,3.4595078856298,435,d4b28538ec7c2abb43542521f6a528c1
0.0,7.178250312805176,xcodeeval_apr,77.6,178.11289713717997,56,1,53,1.940217559933208,600,d4e8227384b77cede13cd76b75d1e499
0.29317455840807055,1.568044126033783,xcodeeval_apr,74.8,37.05788746351997,128,3,115,2.3468303928886356,802,05c4264379484a1178d718ca95edf791
0.15324412096290624,3.751736799875895,xcodeeval_apr,45.199999999999996,37.04993522415558,42,3,35,1.9463288155720624,406,5e8729ee5f3adf6329c30626bbd23797
,,xcodeeval_apr,40.2,0.0,32,0,31,2.229621974630208,290,5d0cbf0f6d4bc37001f0e333dd97d80d
0.38116443669748123,0.1745500216881434,xcodeeval_apr,49.599999999999994,33.35844022408128,47,3,40,1.9892444808787464,291,5ae5052c84f25982eae7833b4272eac8
0.03866616915435701,6.551703453063965,xcodeeval_apr,39.599999999999994,64.79613280296326,35,1,27,1.9408653774416451,309,5a2ca94f1bc555cca8abd7a3c57e718b
0.5523917079477024,0.43192569120161767,xcodeeval_apr,32.4,1.1554763736429676,81,12,35,1.3609196382816255,872,5eaae85001c311d8a5777b85cd772b91
0.20547585007346544,0.9483383297920227,xcodeeval_apr,40.8,37.637642711400986,35,1,32,1.360669755388409,866,5e2bd11e0039393ff31adee0fc43597b
0.4564355567256565,1.3536015805089847,xcodeeval_apr,56.8,10.592282167077064,47,5,46,2.5925630359964185,469,5e9c7fb6230a67a0d18a18fed4bad539
0.26268993446945915,0.3232228669367032,xcodeeval_apr,104.8,15.84435983998701,129,8,91,1.7482165946080515,1282,5ec03f9fa4d2ff08e70b7eec415dd92d
0.28258260383270684,2.3502018451690674,xcodeeval_apr,58.39999999999999,5.6221901178359985,45,1,45,2.4107758115633393,447,b5ea850ffc5fca39d01d6d4f871c4c24
,,xcodeeval_apr,39.599999999999994,0.0,54,0,37,1.6778013372875822,431,cc5af6190dc013b8ec6c4d9493d93dc1
0.0796756269467506,0.002916489727795124,xcodeeval_apr,41.199999999999996,87.5065778940916,42,1,30,1.6994219346277515,376,ce5de6a9ce9ca6b6e2067b292a4e2a27
,,xcodeeval_apr,37.0,0.0,52,0,38,1.949380236569487,418,e5e40485a3967a6a8710c1ec1d02e88f
,,xcodeeval_apr,39.8,0.0,33,0,29,1.8540809761264752,474,f5e6604f3e1e34c9eb3366f1fd41479c
0.12034915859726768,7.305135726928711,xcodeeval_apr,32.6,35.76658921316266,33,1,31,2.1302869389813495,239,f5c0bd0fcc8a29014c284059d3ed26e1
0.164704776565015,2.6690526008605957,xcodeeval_apr,30.199999999999996,5.338359872810543,36,2,29,2.2444904249827617,247,6b7e960192d33cd0ef5ba4262a528628
,,xcodeeval_apr,50.0,0.0,44,0,31,1.9611842307217628,284,6d4eb9e26a39eb62a137b8fa5e9a5c56
0.27833307515986117,3.0512537757555642,xcodeeval_apr,48.0,33.446783270686865,40,3,37,2.3049061164442635,295,6b3b8565b17969a34304bc09d0bc9f25
0.00034246981764833134,7.178250312805176,xcodeeval_apr,61.199999999999996,4.926092147827148,40,1,31,1.502737233975363,447,6e80276c451b80aef12a9bd40bd8fad5
0.48353063284996023,1.2715539678931236,xcodeeval_apr,91.19999999999999,10.339169664867223,89,10,76,2.5723857492071494,647,6c3b149ab78bea6b5f2db1b7b639cbaa
0.23805136854285247,0.5025332031341699,xcodeeval_apr,121.99999999999999,11.779661582394814,143,13,96,1.8006899161960768,1055,6e483c2213298e68f16826d05b83d3f0
0.4060219672949585,0.3813329595141113,xcodeeval_apr,198.0,9.271900634118357,238,20,152,1.9805212365863678,1732,6f811590428294dadfc0fa95af0da101
0.4043668039181325,0.29795748201959216,xcodeeval_apr,162.8,8.692704655442988,209,20,117,1.6024847090654397,1879,6c9e4c09de11e26baeccd29c11cc0e90
,,xcodeeval_apr,48.599999999999994,0.0,35,0,35,2.572412435940322,449,a6d672ff263a48e676f3e86a5cbd8c68
0.61885383994357,2.1805618660790578,xcodeeval_apr,33.199999999999996,5.290617740247399,42,7,30,2.1651705722051617,258,ae6ab21997b17c1f3bccf77ae8a05d8d
0.13055686200215844,1.4170182744661968,xcodeeval_apr,77.19999999999999,34.64458800603946,78,3,59,1.836313710591982,825,b6bc550da779a70fcabdc7fd57c7db63
0.6282264115089916,6.877189636230469,xcodeeval_apr,122.19999999999999,35.64733365178108,79,1,71,2.862671580502863,839,dd6d9005f2f1070a64443153fad62e6f
0.2471660093497485,1.8545588254928589,xcodeeval_apr,154.0,14.313613694161177,212,1,148,1.827275018763755,1919,7a08142525d086deabf7b4f878a9bab0
0.45145193977955855,1.1119955480098724,xcodeeval_apr,43.199999999999996,1.962836042046547,38,2,35,1.904507449318936,318,7b890d26150ea2a07d9143a191b29f43
0.5958380250396337,1.3808642476797104,xcodeeval_apr,77.0,39.96318823937327,69,3,63,2.0844572978906752,579,7a695f4d491f7f9c0f7537a78dcde45e
,,xcodeeval_apr,40.599999999999994,0.0,34,0,29,1.5474896982914275,351,7c12ebfedb57c19c0dc26dd8f84ca23b
0.4553165320400548,0.6260988806477852,xcodeeval_apr,35.8,7.558793280694065,39,9,31,2.019062946478218,355,7c4ae8e5241f26a450e536540622744e
0.8468416720196339,0.6702717989683151,xcodeeval_apr,46.2,11.593257708474994,40,4,37,2.3835234790564237,422,7d9791c45a5f8a6e4cc5e65e176f4786
0.3938350190358532,2.145992418130239,xcodeeval_apr,47.599999999999994,10.61726586955289,53,3,45,1.9401551296702173,441,7e912126276d85dabf5351a78ea50597
0.42176349560626775,0.22236323542892933,xcodeeval_apr,39.8,4.060682292561978,52,4,36,1.7618359404372672,487,7d8c237809774b9cddab5fdcbe2828f1
0.10273149125426445,1.7736573219299316,xcodeeval_apr,47.8,43.67824611067772,43,1,40,2.7094833526251465,312,7d452b875f24fbcb7b84aac31e4eafe9
,,xcodeeval_apr,81.19999999999999,0.0,53,0,51,2.042639154960512,514,7f5b4ee9f3c6f5861fa59c892bbd57d3
0.2519437691258519,0.22421783208847046,xcodeeval_apr,67.39999999999999,56.87096730992198,68,2,55,2.0781007162159093,496,b7a77da71b8a358788ff83f3bd2493d2
,,xcodeeval_apr,33.0,0.0,37,0,27,1.7570873433321315,431,c7c224d908d220b5e797f2cc6365b677
0.23963922327102133,3.3649190266927085,xcodeeval_apr,66.19999999999999,45.608203411102295,53,3,48,1.8576402758989852,467,c7f471bc01ac59d96c1c72bda1aafc7b
0.35308427518207786,0.954532515257597,xcodeeval_apr,62.599999999999994,42.49045214196667,62,4,59,2.0603674519755946,416,c7f9272f108b3c75e01bdd2289887786
0.855909137044359,0.6301478031180943,xcodeeval_apr,182.39999999999998,12.50410906248726,139,26,128,2.682433365067187,1496,c7cb2decc9277325426e89c84b5338d6
,,xcodeeval_apr,49.599999999999994,0.0,37,0,36,1.827678754690697,376,ec7f93bef76bde4921c6b544a7eeafef
0.17629651421298764,2.1333789825439453,xcodeeval_apr,66.19999999999999,72.67504969378933,74,2,61,1.994841429351757,497,f07aeead401c530534d0eb40a99f09f5
0.3102872498706147,0.3105859711292851,xcodeeval_apr,98.0,5.224478544841986,110,6,66,1.5556706546912766,1163,f7b61130c5657a152329987c837cc95c
,,xcodeeval_apr,46.0,0.0,44,0,44,2.59414680115922,353,08fd0bac40d7c8c92af6dc49c1bd42fe
0.224872522380784,0.5084457695484161,xcodeeval_apr,63.19999999999999,3.529779011849314,56,2,51,2.301523120811964,531,08ed82de1b7607b793f2d4dc16f2ebf0
0.8548567287226065,2.0894045643508434,xcodeeval_apr,55.0,22.379541298374534,59,4,55,3.5140371475087337,414,8c8e0abab26344779e4982fc138b3b2d
1.3555530887729088,1.1662585064768791,xcodeeval_apr,104.39999999999999,1.4436970949172974,74,3,70,2.0234812267670854,841,8a07f30ccaf81023fce598691a7de17a
0.27048432740354245,0.32634707478185493,xcodeeval_apr,102.0,9.54280099579641,116,12,97,1.9894397617263224,868,8c6a924f4c707fc096e56274fdc902e6
,,xcodeeval_apr,35.4,0.0,49,0,28,1.6218189066385593,379,8cf8cccd5062af16ed0e5a8f0fbc95d7
0.00019300045604477562,7.178250312805176,xcodeeval_apr,31.4,28.41942848917097,33,1,29,2.2980118631902116,261,8ca3dcb083fbd8da9934523e28edf339
0.781896705297351,4.377991199493408,xcodeeval_apr,59.99999999999999,8.584369327872992,48,1,45,2.094127176163073,463,8f2815bc7db9d00bb260d427edde2c0b
,,xcodeeval_apr,65.39999999999999,0.0,46,0,43,2.011030491957367,402,8f0942a2e6d2ff2e0629d5fbe88fb9f4
0.4235977741440625,2.074334144592285,xcodeeval_apr,50.8,1.1304723024368286,45,1,44,1.9836563094127948,352,a8b7994d627ca39641c3ea25ad1d1d08
0.4896842885169663,1.1933215935547274,xcodeeval_apr,150.0,8.6052948702188,206,23,137,1.9230798670257252,1981,b8e59010541e7ca6007c3d10db63c99e
0.34433395511431514,0.9670213311910629,xcodeeval_apr,72.39999999999999,30.956611703149974,121,4,105,2.264419147710246,728,d08c0a69f626700f30c71c25ebfa4000
0.1392139529009122,3.3916759490966797,xcodeeval_apr,127.0,31.395294633693993,155,2,124,1.8263925777122745,1198,d8fa83ab4bfe2d9dd2476702e0bbb6a4
1.2774278604677722,0.8811255991458893,xcodeeval_apr,38.0,3.535169303417206,42,2,39,2.520927116822275,416,f8e8a7ffcead933c0e4b1fbaf30401b8
0.44442723552782964,1.3667122721672058,xcodeeval_apr,58.4,13.571231408044696,52,7,45,1.9445980019605322,425,9c53e3b83ca39b0799420b580da3d144
0.4310507258832984,2.258092675358057,xcodeeval_apr,43.0,22.174989347346127,60,4,42,2.131467981115638,314,9cc62098072ee7ee6a1ad8c681c70984
0.04201271651950667,2.7212941646575928,xcodeeval_apr,64.6,137.2805800884962,55,1,46,1.886119691486696,507,9ed5fd39588ba4c0538789c081eba6e7
0.24136064417028322,1.0206154808402061,xcodeeval_apr,110.6,27.039653480363388,125,3,101,2.4395766583036136,910,9fda7f3dab2ded9b89f21d19d154cdfb
0.4221333271624326,0.44335983097553255,xcodeeval_apr,221.79999999999998,5.309086254293409,301,25,194,1.8876237399647424,2217,9ae00e2aa29b7f8c226bf6e5da311964
0.283144464823817,2.78800638516744,xcodeeval_apr,60.599999999999994,28.727252659698326,49,3,48,2.0922494911991527,430,b9cb2fa7ae11d8d5d94f7dd1282cf99a
,,xcodeeval_apr,65.8,0.0,110,0,59,1.640160907507042,940,b9cef60e442f8aa9bfe6a91597b487cd
0.29034571333077247,1.0874714417235996,xcodeeval_apr,74.8,15.225183583621401,102,7,61,1.6277119817496004,960,be9d3ae8bb18671f4c1adf929f96a320
0.2576918991019847,0.7626272241274515,xcodeeval_apr,56.8,12.086773939430714,49,3,48,2.1594755364047393,521,11af814f5b8622f61c00969d6c397c5e
0.4021234875188833,1.593688193294737,xcodeeval_apr,101.6,19.52816671654582,92,9,87,2.8125416884924,928,a12ca9bacbbdf3ccdf6aa8319219a867
,,xcodeeval_apr,44.4,0.0,53,0,49,2.252429359866589,374,e12ebf4376c0db01c8797780e4851b6a
0.23444894013070577,2.0899717335899672,xcodeeval_apr,106.19999999999999,10.790115172664324,89,6,72,1.8335391662962373,1062,17f0b3b085d51cdd07f9a9b985e4e63f
0.03762932330092344,2.6497843265533447,xcodeeval_apr,52.599999999999994,132.16873672418296,41,1,37,1.8664114651300416,410,18bc1102ecab03ef5fa7fbe057d3f745
0.6463419217958016,2.750657214472691,xcodeeval_apr,56.0,18.260914323851466,54,6,47,2.2800937983970293,350,eafd18db2a9e7c8a1a59b3f4b310df1d
,,xcodeeval_apr,65.0,0.0,68,0,68,2.461484646436912,504,19ea8f94c1bfd4263a9d0b5901c14afa
0.1860785787036674,7.040922403335571,xcodeeval_apr,44.8,81.49780786037445,41,2,34,2.329268489811529,359,20b75365468f914cf8b249d26ee51113
0.005773709335229678,2.7600784301757812,xcodeeval_apr,85.6,236.26898355782032,74,1,69,2.4980572592760844,539,a21eb67bc9523774629550cc96c54883
,,xcodeeval_apr,55.599999999999994,0.0,45,0,42,1.8402080190757617,783,22f1cf57323c43c404bfc65204c8efd2
,,xcodeeval_apr,43.599999999999994,0.0,35,0,34,2.5580873161363042,282,23bb56e411ef969a14f32bb681b4bf0d
0.10644304977232065,1.3145806789398193,xcodeeval_apr,48.0,38.03287787735462,46,1,40,1.9517758442257038,477,23ed15fe1123b92ab148d441727eb10f
0.27485063473099314,0.9016629656155905,xcodeeval_apr,67.0,9.964820263286432,84,3,80,3.831053958002987,546,24a74727b973aa1b2b9e2038dfadb3aa
0.12880007249241276,0.8521692156791687,xcodeeval_apr,33.8,27.885399849619716,46,1,32,1.4125846370868382,576,24a7474e77a45f93e0b9c765983383da
,,xcodeeval_apr,68.8,0.0,69,0,60,1.9729518976178757,611,af26b8653bf004c2482d9b849c26f7b4
0.043188841053155444,2.4967565536499023,xcodeeval_apr,31.599999999999998,62.34512434154749,36,1,27,1.8410196967844825,427,f26e4964c6743b90e2189ddfc91717b0
0.40932436457617716,2.2076906859874725,xcodeeval_apr,48.599999999999994,9.023800079710782,52,2,51,2.7386267983857446,505,27bb872e5d601c70a48313e6b336259c
,,xcodeeval_apr,29.4,0.0,38,0,19,1.2876977519593504,296,27d4087baa6c2223e1dec48fec80617e
0.2184080136834583,4.191369712352753,xcodeeval_apr,37.8,35.493397382088006,35,2,31,2.1389808962645267,281,d27bb43d78958db0b12fa86e51619f28
0.14283867013910984,1.3287172383732266,xcodeeval_apr,158.0,25.9745242591016,166,9,108,1.611059875412983,1587,d31d8a992a9b0c6180db36bbbf20cece
,,xcodeeval_apr,29.2,0.0,31,0,24,1.720816836989189,381,32aca3cfc4f70642de04320e1ed639d6
,,xcodeeval_apr,99.6,0.0,83,0,76,1.796208268649852,1072,35ecaadb5627c0de42ecfb98df6c6847
0.25056113664831775,0.8977914452552795,xcodeeval_apr,35.0,14.197851537416378,47,3,39,2.7234313893422746,487,cb37d2718d1ec19c389a8ee712990435
0.06851722380837821,5.483086824417114,xcodeeval_apr,66.19999999999999,54.00548090133816,57,2,50,1.995998169558698,388,cf41ec74b91f9151840ddee8d5a8bf2c
0.2793484538377832,0.45255640726151924,xcodeeval_apr,87.19999999999999,11.882750539574772,111,7,71,1.7897356393833779,998,46e0483a5f522265a3385fad58058efd
0.09550425538730715,0.07628445327281952,xcodeeval_apr,39.4,5.0950833559036255,41,1,37,3.1680638942129935,461,48b77e3c49a0819fd1bb159415e5c92e
0.05551955420024223,1.7598408460617065,xcodeeval_apr,43.8,83.74124352633953,40,1,36,1.9519644049852847,502,bf49ecac7b1191ef86baee2fd171cb8c
,,xcodeeval_apr,52.0,0.0,32,0,30,1.784850583760193,243,51c40b142e5fd45ba62b6ddeb5c7e20a
0.11770564160188896,1.5951323807239532,xcodeeval_apr,56.599999999999994,104.97563250921667,45,2,42,2.0899329877259567,414,53ce28a9aab1f9c8012536a49368320e
,,xcodeeval_apr,52.39999999999999,0.0,42,0,37,1.7426159708410303,644,53dbf5b6d93b1642e82c5577803579e7
0.2448014079886351,2.1062486730515957,xcodeeval_apr,98.39999999999999,36.3150168932043,77,4,67,2.488330878425201,744,b55a521e32699cea4aefbfe6de9d4641
0.27044169257642253,1.3828229590186052,xcodeeval_apr,67.0,16.137882471350686,51,7,50,1.766532573731923,805,58da40a588e738aa166a3a1bb7e70528
,,xcodeeval_apr,34.599999999999994,0.0,44,0,29,1.410606735784766,447,60c466895e32e72c6653069d82781ee0
0.5233346306393453,0.5045545101165771,xcodeeval_apr,39.39999999999999,9.08211713284254,48,2,34,1.9881466951941433,468,61ffd14188437ee70c6e5a41e404a6af
0.2901834924969483,1.8089660984451257,xcodeeval_apr,48.599999999999994,7.878891748524135,99,8,44,1.355349708421817,959,61ae92d35659b2991d575ae82cc9b8d0
0.09976773238028067,2.8544308319687843,xcodeeval_apr,69.6,34.710417930502445,150,3,58,1.4754940554669855,1008,64ad7db08d34ba6a08a8e34829c14025
0.28002241876019607,0.3420673598136221,xcodeeval_apr,127.79999999999998,15.20232646333586,140,7,107,1.8878860264150867,1320,67aabc9d9b37adb2ceb79419a88b6b6c
0.42382887101996225,0.5879829035839066,xcodeeval_apr,39.4,4.9075651120219845,42,8,33,2.2052279266667347,407,71ca3182f5418b3677845cb4ead2550f
0.24036739971325904,2.0646945238113403,xcodeeval_apr,32.6,46.72435950860381,49,2,38,1.9796364726417057,391,72ac09502a33a60a332a4efff60870b7
0.11575016779640426,0.5587985664606094,xcodeeval_apr,67.6,33.6376948338002,62,2,52,2.0123081664008438,465,75af54307e1fe0433eb887e3b3a418a2
0.16285430883811688,2.0627356469631195,xcodeeval_apr,36.4,24.42577921692282,43,2,33,1.9760534601596211,431,fa76a297955318641e881991bef953f6
,,xcodeeval_apr,31.2,0.0,31,0,25,1.6804588312153919,309,78e05e9a4e08ca3f4b02b6792b00c79a
0.4953733501405389,0.4385919037466738,xcodeeval_apr,463.4,10.476001532577154,583,50,319,1.4914848915647865,5373,78f799f7b1d9c5748df38ff437963c80
0.4030066818019421,2.004302889108658,xcodeeval_apr,62.39999999999999,33.9090444650501,65,4,51,2.051777121637384,476,abf81eda3f5cd03d20d6b5f92e28d8b8
,,xcodeeval_apr,44.8,0.0,43,0,31,1.6749786407216252,523,82a7fe09a7f4034354b090c185e9b71e
0.30336500491085544,0.4376464651225736,xcodeeval_apr,38.0,4.1177240980250644,79,6,31,1.4168383931779742,823,acf84ff515d82a76b5d8f6119b13a138
0.13696478642646118,3.5450634956359863,xcodeeval_apr,171.6,45.45851159375161,159,2,132,1.8257640144144995,1253,d84a554abbf4c7048ac55d535f3c768a
,,xcodeeval_apr,73.19999999999999,0.0,66,0,57,1.8900455786279726,618,85b273dc341511dc0e2621a30a2ed680
,,xcodeeval_apr,73.0,0.0,48,0,43,2.1230699211381734,433,86ecfa4de6fe1fa1f1a66d99607f880d
0.2279585578661537,1.4047648434837658,xcodeeval_apr,87.8,19.46461966400966,84,6,66,1.8820765977555582,809,ad87baab899ba039e8294973cbc4523d
,,xcodeeval_apr,98.6,0.0,65,0,58,1.8870288739265968,569,a88b8e3de7e102d4c16b557fe050a0e0
0.12279807962303822,1.6847609281539917,xcodeeval_apr,69.19999999999999,68.34468007925898,50,2,50,2.476478095607821,629,89cc8a702bc127a19bd5dcb22028e9b7
0.5569642591392218,0.30782632639966323,xcodeeval_apr,257.4,8.001981620637384,321,39,209,1.6342330343834337,2944,89addcdf4f25591a002254c1eaf15137
,,xcodeeval_apr,97.79999999999998,0.0,70,0,68,1.860905017932475,1042,92f498db3e82e53bd111a2d52dc589ee
2.2467782581886486,0.5742470373709997,xcodeeval_apr,56.599999999999994,3.0602632761001587,68,3,52,1.7239030198494383,627,93f39bb270dd9dcd4c19d09094c62603
0.4421172465573075,0.06669250814402403,xcodeeval_apr,15.0,0.21130406965191165,57,5,16,1.1664404022630863,639,94df2866a8198f91d37ecec44b0ed969
0.23329724362649415,2.9816858172416687,xcodeeval_apr,48.8,12.430830220381418,40,4,38,2.2492759529264283,406,97db59d2975c38aca53ff068049ed9b8
0.01760726264384321,2.055457830429077,xcodeeval_apr,58.39999999999999,79.58648206479847,53,1,50,2.1346834702304336,396,fc98b0e4447eaebcecd11d9edbe22792
,,xcodeeval_apr,72.0,0.0,80,0,51,1.521966856027715,689,99dd150b0c283fc3347aafac29cf2798
,,xcodeeval_apr,33.8,0.0,36,0,32,1.8099313200549014,402,139f3a2c1741037468140b8fc4c9a606
0.3088999215487759,0.6849632732337341,xcodeeval_apr,111.0,19.93232861557044,100,8,87,2.058465187893882,853,bcae166f10457d58259a618890163845
0.22201203100848943,5.078623294830322,xcodeeval_apr,44.39999999999999,43.4278009980917,38,1,35,2.904741065037075,322,177b440ef2d6a394c5161ba7dee700f7
,,xcodeeval_apr,46.599999999999994,0.0,41,0,37,1.9336065121772732,286,189f169db892f6f1a031eeee843d2145
,,xcodeeval_apr,29.799999999999997,0.0,37,0,27,1.585001222002987,484,234b967d933b3f9b697da9238b9c01b9
0.5685403867947098,0.5604667882644208,xcodeeval_apr,169.2,4.195840035578133,269,13,209,1.9538212076490429,2444,259af1aa915366a5331b47a44a7c8325
,,xcodeeval_apr,61.4,0.0,40,0,39,2.2688941006060537,409,277d693cebd4ea5be8e06dab41c7220f
0.3892339512949083,0.4919949275049889,xcodeeval_apr,74.6,8.156652330952056,113,11,64,1.4947702303139732,987,278bfbdac1b6beb0db8767b4f65cf7e4
0.15190396869702846,3.2171472012996674,xcodeeval_apr,102.99999999999999,49.81683623697609,64,4,64,2.17336156798041,546,0310c466d84df55e3d344715b6edee1b
0.20247984479323755,2.7701756209135056,xcodeeval_apr,59.599999999999994,25.23032765649259,70,4,58,1.8830604083114757,638,ae318fa9ed75fe4d8111b446821ce642
0.6692806486948849,0.8813899598845865,xcodeeval_apr,87.6,3.496572610007466,115,16,72,1.640555383196958,1153,f335efafb7ff0c573792a20ef2614799
0.24212035308169144,0.9853126356999079,xcodeeval_apr,82.19999999999999,33.194092214340344,69,6,57,2.318146964082942,630,345abc187effe006c08531f1c216c2f0
0.44334133119217617,0.0016759546603225318,xcodeeval_apr,26.6,0.06303815285112553,88,5,40,1.3623587435416262,764,0379c7af26d34bdce00ba8678435dafa
3.2369903928210756e-06,7.178250312805176,xcodeeval_apr,75.6,214.03408269956708,62,1,60,1.7919371256317764,1058,383d610c3301f84eb5b6455282b05865
0.08194001816338274,2.2669665813446045,xcodeeval_apr,57.8,75.77617649547756,50,1,49,1.7892705539644331,598,f383b9b8b56a4ecc3afd643772bdf6aa
0.33777093326965046,0.947486569484075,xcodeeval_apr,69.6,11.694926865398884,67,3,57,1.6904684916695287,663,505f02d1d9192fea9cd936dc618c9b9f
,,xcodeeval_apr,96.99999999999999,0.0,85,0,58,1.6012846812140424,983,509d59a56f6a6a9e67f5a55441fde43f
0.5033810517065351,0.02100955997593701,xcodeeval_apr,79.79999999999998,10.993615856394172,86,7,59,1.6141512677543985,804,539c6b44fb15b4b829df54abc62b3fa2
-0.00020546483116622052,7.178250312805176,xcodeeval_apr,40.199999999999996,9.55963546037674,31,1,29,2.4218771665934717,357,ed642ee9236ac9879543f604fa2e3e69
0.15523580129521092,2.848520517349243,xcodeeval_apr,56.8,21.242294588126242,71,2,60,1.975351342746199,632,652d5e6ceafdb2d97232f47f94756231
1.0665642572695344,1.1440265476703644,xcodeeval_apr,64.4,1.5338658293088276,62,6,60,2.7820034883972826,540,ceb699d3bf7e1af97d6e43ec5f0d3891
0.4978488628551307,0.752218084037304,xcodeeval_apr,89.6,17.710069379044903,84,10,68,1.67062233225955,878,771cd1f2ef663e43d6779ada83e55d8f
,,xcodeeval_apr,41.0,0.0,38,0,36,2.2985515590832617,324,e776f48b614daa7a85f5d9bd48f08278
0.3176295659718671,0.24708562181513116,xcodeeval_apr,38.8,8.224676945741521,70,6,34,1.431180664103612,823,793bfc8a6b300f1c186c19f088e329cb
0.20545764464458766,0.8155282139778137,xcodeeval_apr,33.8,10.926584052387625,47,1,34,2.8993741272154154,448,d0881adf4b3f205e96971e16042559e0
0.5119834429151395,1.9928198158740997,xcodeeval_apr,54.8,8.343605551868677,54,2,46,1.7920932637877882,461,0896ae2a0f8e23ff8fd7e98a48a88478
0.22982312163653382,2.20449461042881,xcodeeval_apr,144.2,34.180222800699994,129,10,115,2.4992781074799644,1303,db0918c4d0194e87b438e5a895ddf7ab
0.0022829651205929042,6.5415568351745605,xcodeeval_apr,47.0,60.17405995048466,86,1,51,1.2927863328962208,1140,935cff1eac1c15f51ed1bb68655d1cab
0.21954793495238498,3.473273277282715,xcodeeval_apr,58.4,46.47999660670757,43,1,43,2.701540655112741,374,956f08440deb9c315a57520532700747
0.9022267071925203,0.9548572259289878,xcodeeval_apr,64.8,4.111562808177301,57,7,54,2.2463714838085678,661,f974ef0d5cd4b19c44d38d6a3264f004
0.38196050027727324,2.275881012280782,xcodeeval_apr,63.8,8.416483126580715,66,9,61,2.595587109874988,687,fbc987ae303104ef45291e4e2f637541
0.8814267078986052,1.1622543334960938,xcodeeval_apr,41.4,12.75786916911602,46,1,45,2.05842862885698,401,b992c4d860fd528121410bdb484d9f22
,,xcodeeval_apr,51.2,0.0,42,0,40,2.2464840335632896,454,1032e7360b2262cb76e00a2c9e0a922e
0.4405446493163024,0.11652806883308812,xcodeeval_apr,48.0,7.918977816811093,98,10,43,1.3684531318496633,972,1121e9fee053852bc3e62a5ba5baf808
1.0574004974255233,0.8266549871768802,xcodeeval_apr,53.0,7.837086770062645,48,13,44,1.9862611055956085,464,1446b5b520e817f147196be9a4968053
,,xcodeeval_apr,38.599999999999994,0.0,31,0,29,1.9050803900620592,390,d1578c96ad04b3f94fa9a67476bd3eb8
8.543900939513334e-06,7.178250312805176,xcodeeval_apr,68.19999999999999,156.77976432815194,57,1,51,1.865790250720733,901,01777b686fb5dc304de894718cc7228d
,,xcodeeval_apr,85.79999999999998,0.0,54,0,44,1.8526019413195147,402,2117fbe005bec948baefc58383f2b162
0.25220537710796076,1.9819433859416418,xcodeeval_apr,57.8,6.467330348988374,57,7,48,2.556486070352361,477,2853a7d1fd4eb9d4a1932302026e8b90
,,xcodeeval_apr,47.599999999999994,0.0,46,0,40,1.9999002495827187,298,a2874d37a226d075e69a8dc3ec2e6d6d
0.14160135719686043,4.005908668041229,xcodeeval_apr,58.599999999999994,23.390562668442726,44,2,42,2.7054513882580524,421,3379e2d3c12c390c557ffb18fdfd19d6
0.33971686455367356,1.3622448059563794,xcodeeval_apr,29.2,5.361083767532061,71,8,26,1.3639197086779657,760,3496aa9ddd504949ee317757b0d41b28
0.00031778130082558867,7.178250312805176,xcodeeval_apr,37.2,22.419489219784737,31,1,30,2.082433063493143,230,eb3614e47317955b8fbd84a3d09898e8
0.15895492505829467,0.12398276850581169,xcodeeval_apr,102.19999999999999,37.717797168996185,103,2,80,1.668576087389984,896,3767c338ddf1520462d7c603b61a9c9c
0.49331048939703986,1.1182684484759389,xcodeeval_apr,22.4,1.2571708058356308,59,7,24,1.3488115298865015,671,fb4041fb49101401f22c4c0a80da4a3f
,,xcodeeval_apr,74.6,0.0,66,0,58,1.8193003598472441,510,04722af43024fceb9223708fb1a58218
0.3271307822457,1.4641655758023262,xcodeeval_apr,66.8,14.563252137042582,75,4,60,2.3963389741557517,638,adc5641a4f7117e9e44e9714557ed852
0.44513609719227304,1.0012882085583652,xcodeeval_apr,215.0,11.198018646574335,302,26,225,1.8449710262483907,2505,6480d32924f1eb0a1f7ce684dabaf220
0.40966585200889605,2.5025460004806517,xcodeeval_apr,170.79999999999998,36.98599790907465,206,5,161,1.8400326472494721,1922,7074c54af519d74f7e19d174ad8dcee1
-0.0001333332692201321,7.178250312805176,xcodeeval_apr,31.4,3.2573153972625732,40,1,36,2.30559991487711,366,7287bdfc34d5a4dc87b080f65f724369
,,xcodeeval_apr,103.19999999999999,0.0,72,0,70,1.8420414179208364,1074,f7287fce191127406467cf67d27f6129
0.24909783805759847,0.8732722463707129,xcodeeval_apr,76.6,66.63404877111316,61,3,50,2.016991407507539,548,7577b290ca5a6349ddb31b22b56b4933
,,xcodeeval_apr,60.599999999999994,0.0,83,0,42,1.4716784785750405,708,a7620b0d90cdf49fb01683962a1581fa
0.8079529476145075,1.2762598991394043,xcodeeval_apr,42.2,5.050351113080978,48,1,46,1.8069551003355773,515,e8897feace492d487838cc5ef1c18b5c
-9.090815987934624,10.652918380603456,xcodeeval_apr,817.9999999999999,231.50782210070912,592,57,593,20215.760579274793,5935,08945c615abd9ac761e9c317a2b6389e
0.20923572809880983,1.3218101561069489,xcodeeval_apr,54.8,15.484725890681148,52,4,44,2.178252170013956,462,f9318a0cf62a5ddf7e3fae4e1bcf103d
0.2579245016954215,4.598808606465657,xcodeeval_apr,53.199999999999996,24.639192553857963,44,3,43,1.9943628734713807,343,ad9747c6ab9852cbbf0a3acb3d8c8e1e
0.2667110175042498,5.051087260246277,xcodeeval_apr,38.199999999999996,12.228828065097332,34,2,29,2.0346739515685592,339,9940e80eca40c4c98798415194319f3f
0.49595557814816,0.3170919483053846,xcodeeval_apr,31.0,3.5966637719590966,85,9,28,1.2794193656922321,773,33943bdb03a4c1e11d01e43c75a45a07
0.004282054041317975,2.9849026203155518,xcodeeval_apr,158.0,330.8932145666331,129,1,104,1.7069798394609879,1292,34201c4b3f2948fba8ad2cc2c7f23c2b
,,xcodeeval_apr,38.2,0.0,49,0,32,1.6361263925134246,528,39230d34c3e78b307b5b3653585ca63b
1.707664320112679,0.7959099169820547,xcodeeval_apr,50.0,2.342428914138249,45,8,46,2.8236704807071957,482,40708eb7d0403161ed599061c6b16267
0.444966501846029,0.06080302565240143,xcodeeval_apr,82.6,1.8454553080456597,123,9,56,1.463302678097002,1125,d43243e027ea408da56e0e96c712d637
-0.0001474415552557299,7.178250312805176,xcodeeval_apr,48.199999999999996,5.898540407419205,61,1,48,1.7634091397896468,529,48436a7f733f0c7f2640c93234130df2
0.4032364737301995,0.7824160375061082,xcodeeval_apr,45.8,6.774435789130318,109,9,45,1.301526506704926,990,61623f21aebc6e298f8c6bff0cb523f6
0.33334765071544337,0.7717338981679999,xcodeeval_apr,164.59999999999997,18.609545624442397,154,13,134,2.0347630042775813,1324,62964ce1c48adc8128af1998d5046a75
0.2133037664568595,0.7360920757055283,xcodeeval_apr,50.2,9.41974451765418,52,2,49,2.0854495349586015,439,72819f5eac03756ff7053f151ca970aa
0.3646821948076047,1.60462482770284,xcodeeval_apr,55.0,7.595526477632423,62,6,47,1.749230920637373,436,76877da388bb362a2ef76e6236a73e59
,,xcodeeval_apr,80.79999999999998,0.0,46,0,42,2.2800951462771786,349,e78848ddcb130862a7b62d6e7216f210
0.25585142221558876,5.695983409881592,xcodeeval_apr,45.0,16.209348790347576,41,1,41,2.5058372195399685,344,c83171a525be8a43b6f852de621b5e71
0.5419386404058698,0.7122618556022644,xcodeeval_apr,133.2,5.324532063305378,101,5,86,1.7983548921819643,1162,85372f00ccb7f11007f714d9f94d2aec
,,xcodeeval_apr,37.599999999999994,0.0,46,0,33,1.5097726405859677,417,d96192b5f0318162b0eaba3d13bb2829
0.24643318662978286,1.2738545536994934,xcodeeval_apr,43.599999999999994,31.68495579622686,39,2,37,2.3842205228342546,336,c261699b5a2d15aeb5297b4baef38d3c
0.13547339312763715,2.4899107813835144,xcodeeval_apr,78.39999999999999,49.526421792805195,59,2,57,2.3710179219381056,662,b334651cd3d5771f6ffe03b2ef3b25ce
0.8313181617083408,1.329482676461339,xcodeeval_apr,48.0,2.9959264559050403,54,8,52,3.208337437355841,424,a348277a84315febe2270aaac7f1754c
0.12676861170724835,1.479199767112732,xcodeeval_apr,82.8,41.57245918611685,63,3,56,2.042947850942258,713,552492a4bbeaa3b3109ada314f6b4399
8.853831996192348e-05,7.178250312805176,xcodeeval_apr,69.4,33.650424744933844,53,1,54,2.6210540081474742,683,575924d1f165ce6183cc6bc5a176a527
0.10272844253776757,2.6112398703893027,xcodeeval_apr,55.8,9.854551176230112,64,3,51,1.8191285898051417,669,974628d203147b735470453995aa1285
0.652400924630609,1.4952461540699005,xcodeeval_apr,95.79999999999998,8.144387769727754,86,15,84,3.160688684248355,887,f2214853a2e5bf90eaec98a49bb2ac92
,,xcodeeval_apr,36.6,0.0,39,0,35,2.073492121088623,275,d2762683b7b033ae25e01bf09fde3aee
0.02019219877111027,1.8096777200698853,xcodeeval_apr,66.0,120.09576523676515,46,1,46,2.1715783615885216,307,e2776114d36b1bc1a60f09285ccf7a36
0.3182283647732843,0.2984431494933233,xcodeeval_apr,86.39999999999999,14.884772966278252,113,8,75,1.5887854910351766,1070,3612891f5f829897ce42fb1be61ccc3a
0.545370582550701,2.470197319984436,xcodeeval_apr,39.4,2.9888046979904175,58,2,49,2.122404401739927,581,c3718098d46bf67850bc97f33942cfa6
0.5364440796504575,4.224053502082825,xcodeeval_apr,47.599999999999994,27.223936535418034,41,2,38,2.3979138090590273,296,4343686f06548766f56bdb66a3e03499
0.6036079516006091,1.3654216329256694,xcodeeval_apr,33.8,5.477200741879642,52,6,35,1.6235430418639205,591,f4433701d734d739e8163f52ffd9b0b5
0.26183248182800223,3.2202595869700112,xcodeeval_apr,62.599999999999994,25.70293104473967,61,3,60,2.3718207648922256,579,8802713b64df24461c8143495c4b405b
,,xcodeeval_apr,39.8,0.0,55,0,52,2.555142079624935,288,cc44585450d530e82d43b5471d998a2f
,,xcodeeval_apr,45.8,0.0,36,0,34,2.805645726197169,280,74163044ccb5c3f201dd83282c9f7560
,,xcodeeval_apr,41.8,0.0,39,0,39,1.726265124711204,365,97619024febb1ad3377a5567a72980fc
0.5470815115397069,2.7038319557905197,xcodeeval_apr,75.6,5.78605758305639,77,4,65,2.111038434878685,825,0147973776fcfedad00743eae08fcef9
0.12739102103631142,1.6717073321342468,xcodeeval_apr,56.199999999999996,18.379445862956345,52,2,49,2.278833613536227,593,420482792a94aecf98126700f79013b4
0.3983617691734495,6.690642356872559,xcodeeval_apr,46.0,10.9278045296669,42,1,42,3.751456103419059,297,5508381044feb13e44de88c526faa461
0.2649989300915419,1.3029766013973534,xcodeeval_apr,56.8,7.590937774743257,110,9,52,1.3590396088210623,1037,760040564369a03a9bc8a78dbca24921
0.4421839129293754,0.0021999305894496502,xcodeeval_apr,42.39999999999999,0.18228068416162083,83,5,40,1.4914878738840704,844,9519362299942a1f12d5f7ecf10d30a0
,,xcodeeval_code_translation,9.6,0.0,8,0,9,3.6279518019586865,103,0ae7bb23101b85871d39420b4b8f1025
,,xcodeeval_code_translation,1.4,0.0,2,0,3,9.390661366432719,35,0df7f7625d37884463f6ecec4d35e323
,,xcodeeval_code_translation,17.4,0.0,14,0,13,2.5268644777935654,130,0de5afa1aac9fa3ee7daae04ef25e11b
0.16340453329383198,2.4967565536499023,xcodeeval_code_translation,37.4,26.769851699471474,28,1,26,2.1480725228520967,160,0c99e00c440eb84e6aef6d18e977b6ce
0.40416428961795575,3.2620619336764016,xcodeeval_code_translation,19.0,7.713860239833593,21,3,18,2.0082176470981166,217,0c251095942230be0e2cb0df61659829
,,xcodeeval_code_translation,12.0,0.0,10,0,11,2.1113473056971728,81,0efc6376ee6f1b20adfdaf1e661db9b7
0.6650157990699347,5.708601951599121,xcodeeval_code_translation,71.19999999999999,35.577499598264694,101,1,59,3.1950227857479803,578,0b89808a1534e5dd349fcd06e195071f
0.10440404051332734,3.242675304412842,xcodeeval_code_translation,17.0,17.313738897442818,20,1,18,2.4921247531035537,194,0dcc4dcdd5a6ea97cc5bd203fa8617bc
0.39062664231718774,3.8442969620227814,xcodeeval_code_translation,45.2,9.440013810992241,62,2,40,1.358905533022215,803,0ac60ed75da30c0bc6d4c23185bd19ec
0.5888577330207815,0.41793134436011314,xcodeeval_code_translation,47.599999999999994,19.014077317900956,57,4,40,2.4964994397874753,386,0cbc297c8715b2efbcc2c7bd1e98ac2a
,,xcodeeval_code_translation,36.199999999999996,0.0,41,0,42,2.820530377377845,246,c0e9762c5bd5653e6bd42f69e41567aa
,,xcodeeval_code_translation,41.0,0.0,37,0,35,2.2999523827711,321,c0dd0a79eb63974a05de422f1526913d
,,xcodeeval_code_translation,7.4,0.0,8,0,9,2.3642526961037786,106,df0ab6cea4b32bd0ae17f902cbd1e606
,,xcodeeval_code_translation,33.599999999999994,0.0,23,0,22,2.9044908657057986,181,e0d3b5602a8120e061e3f0f32a21b8b2
,,xcodeeval_code_translation,16.4,0.0,19,0,18,2.4014740275156825,170,e0e937b1e9ae8eb5a903c055cd27530e
0.028344628213364937,4.800755023956299,xcodeeval_code_translation,54.39999999999999,14.370416440069675,46,1,45,2.660192900712433,344,f0fcfe45ab60a87cc69c58238edf724a
,,xcodeeval_code_translation,18.2,0.0,21,0,17,1.9406981586266454,208,1b829e55eb24979c1210a2765f38db13
,,xcodeeval_code_translation,43.599999999999994,0.0,33,0,33,2.169031798805964,270,1a61131da6ffdeb0c6dfbbd97d999461
,,xcodeeval_code_translation,10.2,0.0,13,0,14,3.430278750494822,119,1d9481fd01acbae7c8fd3d21a1daca5c
,,xcodeeval_code_translation,12.399999999999999,0.0,13,0,14,2.1160886582823517,213,1e41831839960ab90b13e2a5b45fe063
0.1958429412943557,1.5689626534779866,xcodeeval_code_translation,48.599999999999994,17.108423839012783,48,3,45,2.84240678357263,372,1cbe48cdca5ba76721d4ddeed42e8a9b
,,xcodeeval_code_translation,24.599999999999998,0.0,22,0,17,2.038915693166099,142,1ffd6dc415dbce46637c4ab1cece2230
,,xcodeeval_code_translation,53.8,0.0,54,0,44,1.6040539256037973,633,1ffd32a907dd7cfa3cd6c04642a7850b
,,xcodeeval_code_translation,43.8,0.0,35,0,34,2.1386947971424,288,a1a0dcc4f5205c620d2432150fc57019
,,xcodeeval_code_translation,12.599999999999998,0.0,10,0,11,3.261059914197569,73,b1c3b766f782f8dcdfe561631145db33
,,xcodeeval_code_translation,17.799999999999997,0.0,25,0,23,1.9013345018113403,144,bcd1ddb4c30653873f9f59e18c885c8e
,,xcodeeval_code_translation,9.399999999999999,0.0,9,0,10,4.972949313133033,52,be1db919446c5f1826acb35a3fb43933
0.5911669209181505,1.3916579484939575,xcodeeval_code_translation,77.0,39.709761562757194,67,3,61,2.0671093754743213,578,bdb1df1f2e2a7a9e41c4a518b3ff5c5f
,,xcodeeval_code_translation,2.5999999999999996,0.0,3,0,4,13.000810521007168,46,ca1e13cb3a9d6f41b3c32fcdd58b33e1
,,xcodeeval_code_translation,14.600000000000001,0.0,19,0,20,5.573046091244355,212,d1d31f94427e229a532276ad2474af03
0.0,7.178250789642334,xcodeeval_code_translation,11.2,5.3727888241410255,11,1,11,1.830743479953762,94,dc1fd9c8636f5c8fdeeb0a2e1890485e
,,xcodeeval_code_translation,23.0,0.0,23,0,23,1.928311038181222,242,e1ccdedc4adcff3c7e092dd30bc7cf6c
,,xcodeeval_code_translation,19.799999999999997,0.0,18,0,19,2.9531016718968632,148,e1e00c39ad6eafc1dedc91bd76fa0e9e
,,xcodeeval_code_translation,10.399999999999999,0.0,9,0,10,2.903236062504222,77,eb1ebcff08761d7266835de597275ee3
,,xcodeeval_code_translation,17.2,0.0,18,0,16,1.9336786489799156,139,ee1f53138f75011c00045a88dbd80062
0.9492964062956162,1.5512874126434326,xcodeeval_code_translation,21.0,3.4864699840545654,24,1,22,2.8928785624005364,147,efd1d3c38fb117e711911e1c05668897
,,xcodeeval_code_translation,1.4,0.0,2,0,3,6.420878659951863,18,f1e1270a9cfafcf34e36955009049c24
0.1249733321921667,4.0120192766189575,xcodeeval_code_translation,58.599999999999994,41.986535258591175,44,2,41,2.9658986685116493,370,f1c5f5d2610b54c0dcb2446b6cd08764
,,xcodeeval_code_translation,5.0,0.0,5,0,6,3.9518706335024367,62,faf1fb59e158215fdb6a02a21b6dd8f4
,,xcodeeval_code_translation,17.0,0.0,19,0,17,1.9716005187760317,138,fea1c0a3bed5071cf86553c1e5fc7372
,,xcodeeval_code_translation,9.399999999999999,0.0,8,0,9,3.1396431103286897,40,02b065e71ea9750d9b0572e74a7dbf9f
0.11036105072547958,5.2180094718933105,xcodeeval_code_translation,50.199999999999996,8.46220849454403,36,1,34,2.51000736613071,329,02d409b028d49b8cddd78ad304f1d53d
,,xcodeeval_code_translation,9.2,0.0,8,0,9,2.208032306417123,76,2ad6bed1841a5708f37a1443a124b903
,,xcodeeval_code_translation,39.8,0.0,44,0,40,2.0719324449911567,298,2a3b799affce260fd92223fc6b490040
,,xcodeeval_code_translation,19.2,0.0,30,0,29,3.9019920704493796,136,2b63465d16c05e5d176c56add334780f
0.05538897820198062,2.9885990619659424,xcodeeval_code_translation,21.2,32.0732361599803,20,1,20,2.0524415560343807,130,2b4d89d5ec323a8b3448b28a3d18bf29
,,xcodeeval_code_translation,12.2,0.0,12,0,12,1.8157337365920185,88,2bec2326ca5bfba429dba84c103ad4ff
,,xcodeeval_code_translation,14.399999999999999,0.0,18,0,13,1.3933506380284184,344,2d7d70f5fbc1ccf198a499e8a9ff6263
0.13989799575085335,4.135591506958008,xcodeeval_code_translation,13.799999999999999,14.35518055409193,16,1,15,2.7644632860764666,105,2db5d5733e875eed176ed5122f648dc1
,,xcodeeval_code_translation,10.6,0.0,10,0,11,2.2897939040967823,300,2df089654c873bc54b798666c4676daf
,,xcodeeval_code_translation,17.4,0.0,15,0,16,2.0956413118330066,115,2ed7b5e1528e987cb519019cf00f5f6c
0.08220362730517301,4.74953818321228,xcodeeval_code_translation,84.39999999999999,47.60085578635335,67,2,67,2.7834314612337794,754,2dd963f592f95d7eedd74446e9652f5e
,,xcodeeval_code_translation,1.4,0.0,2,0,3,9.062437714186075,23,2f163e86450b7083819e8bbf64e5c168
0.16403893015399995,0.36885371804237366,xcodeeval_code_translation,16.0,16.45841346681118,19,1,16,2.494799229171883,155,2e6cc01ae9440d51c687c8a4208beafb
0.4135482363128257,1.1079980989918112,xcodeeval_code_translation,179.6,8.108103810343891,182,15,151,2.3833839507239913,1701,2c786b87aed9e19fe1fa8c7e5c8ae65d
,,xcodeeval_code_translation,13.6,0.0,18,0,16,2.1290140317731585,128,a2bb8bf277c9a7e38fd36b0ab3be74dc
,,xcodeeval_code_translation,15.599999999999998,0.0,13,0,14,3.4627657268673917,90,ac2f84308d46033d19414ee16873b462
,,xcodeeval_code_translation,29.4,0.0,21,0,20,2.9188649520429717,177,be2f0ed114ca53f4e4c532c680f05048
,,xcodeeval_code_translation,9.0,0.0,9,0,9,2.722302750136814,88,c2ef9d39b36c9b81bafcc9a9cdb2a418
,,xcodeeval_code_translation,12.599999999999998,0.0,18,0,16,1.7507996448662624,188,c2bea59ff04b0bd3b8c12d17030b80ef
0.19599351288300262,3.716923326253891,xcodeeval_code_translation,16.799999999999997,15.934180602431297,22,2,17,2.5919779347531597,182,d2a21bc1482870decf9f7c6317b170e8
,,xcodeeval_code_translation,41.0,0.0,39,0,34,2.0361952568779498,430,df2fe4eb4187b3bbd472b9ab1a676a70
,,xcodeeval_code_translation,32.6,0.0,48,0,32,1.8337874001214842,469,fc2f723a58f8992f4db54a274d9a2f5e
,,xcodeeval_code_translation,21.599999999999998,0.0,19,0,17,1.7101134721681808,261,03d91f9bb004837a16fe2f4020dc7907
,,xcodeeval_code_translation,27.599999999999998,0.0,22,0,21,1.847924903604084,241,3bc0934e1734bf115f59171f6e7ad02d
,,xcodeeval_code_translation,11.0,0.0,10,0,10,2.4034613634042046,120,3b399bc13f31d7ac665a906c006042f4
,,xcodeeval_code_translation,12.0,0.0,9,0,10,3.2312057129364202,186,3d172c3789f5cf9bebda0efab4dbcc6e
0.0,7.178250789642334,xcodeeval_code_translation,12.2,11.947722416371107,12,1,13,3.531214818445585,100,3bd87de4075648236097ef39f9aedbda
,,xcodeeval_code_translation,6.199999999999999,0.0,6,0,7,3.006237576638374,59,3e5c35298c1fbd2cb68ac0823a7abaae
0.17041221329283604,2.955444097518921,xcodeeval_code_translation,34.2,20.36834918707609,33,3,29,1.9177895385152035,248,3d4ab78f15cb725f09601b7bef5d2274
,,xcodeeval_code_translation,13.399999999999999,0.0,12,0,13,2.7594714267681213,97,3e605aaccb3aa27f1dca25ac42496736
,,xcodeeval_code_translation,13.399999999999999,0.0,13,0,13,2.9210398874990613,160,3d778319fa000d948eb0c9f93b96a699
,,xcodeeval_code_translation,12.399999999999999,0.0,10,0,11,3.1874328977407567,95,3e99780ed87b76ac6d8e7253acf72309
,,xcodeeval_code_translation,16.4,0.0,15,0,15,2.3839968516474266,137,3e2bc178f89a166ea0f3e8292198aca4
0.35716294206449184,2.6357558568318686,xcodeeval_code_translation,28.4,22.761474788188934,31,3,28,2.5543648633908793,208,3da7c97257365b92f2e3c1681932df61
,,xcodeeval_code_translation,10.399999999999999,0.0,10,0,11,3.2027338380272963,75,3fca6aaff2bb9708b0ff5d61951485d1
,,xcodeeval_code_translation,19.4,0.0,19,0,19,2.694401537741563,175,3ea4ebe483f09849972e54f07158f8d3
,,xcodeeval_code_translation,28.599999999999998,0.0,23,0,21,2.3923513041471534,140,3f49896aa5427d9c37310cdf2e2d98db
,,xcodeeval_code_translation,60.99999999999999,0.0,45,0,37,2.3307043430753405,309,3e29ff4d7ad3511103148f5580ce26af
,,xcodeeval_code_translation,28.0,0.0,23,0,23,2.0946616314904625,326,c03fca164508f64ee6c9d23b2034d16e
8.603109626517612e-05,7.178250312805176,xcodeeval_code_translation,21.6,16.088786832988262,27,1,23,2.511873093024857,226,c3e8862d67c0290640698e99ef9c6aff
,,xcodeeval_code_translation,18.4,0.0,15,0,16,2.2632555654093425,112,cb3d87cabc9addea838283045613979c
,,xcodeeval_code_translation,25.0,0.0,23,0,23,3.8159591769633767,197,d3c687ff9f1e2d5778ef0513476bf1be
,,xcodeeval_code_translation,6.6,0.0,7,0,7,2.7004151309296547,57,da3abf19b7ef387466a9c7fd5850b9b0
,,xcodeeval_code_translation,5.8,0.0,5,0,6,4.845532135885889,38,fa3bb339e049096f839cf4ba8abd08d9
,,xcodeeval_code_translation,3.8,0.0,5,0,5,4.251955087867764,34,fcc3ce908cd130315b937ec46155af6a
,,xcodeeval_code_translation,27.4,0.0,25,0,21,1.9031802735833419,227,fdfacab3a62630ec4fa28ca77a3dc5cd
,,xcodeeval_code_translation,32.6,0.0,32,0,30,2.154122085376437,273,04b4e54084b93151383897a73537c412
,,xcodeeval_code_translation,13.399999999999999,0.0,15,0,13,3.6294576972749226,131,4abcf3c53555a6513832e581d2daddc2
-0.00025785488209554127,7.178250789642334,xcodeeval_code_translation,26.599999999999998,10.202329069375992,22,1,22,2.2456767900052688,149,4a0d9fdb2f8cce93a73f95e60e8d1a4f
0.03362809723256615,8.515498161315918,xcodeeval_code_translation,25.4,14.023355562239885,22,1,19,2.533922891844885,310,4a5950e17333189c0b580ffe9e0cf1ca
,,xcodeeval_code_translation,16.4,0.0,15,0,16,2.556118464984856,99,4b13ad0802a7d3c3cdea191cf2d18818
,,xcodeeval_code_translation,59.99999999999999,0.0,48,0,42,1.999142043928394,471,4d90d0cdef1a876dd8f755ae66a4afad
0.12108903304205178,2.1860575675964355,xcodeeval_code_translation,48.599999999999994,87.07330509647727,47,1,46,3.4099165750005493,318,4b2e18a331e01e1ae120ac59b747c8ba
0.27519860555049114,0.02240184135735035,xcodeeval_code_translation,44.39999999999999,32.77123945206404,50,2,40,1.8808467020829838,336,4db21cf7bf6f209d3bf33810766a03f4
0.0628173495345188,6.512242317199707,xcodeeval_code_translation,30.0,11.60427050292492,26,1,26,2.590628160077939,327,a4fcd739a95a0a2d75114fb23e437a07
0.295706202171484,0.7450607881881297,xcodeeval_code_translation,254.39999999999998,24.4699683073642,230,15,182,2.442906211861445,1977,a4cb7276ee9d2d10d87c179a0d8518ac
,,xcodeeval_code_translation,17.0,0.0,20,0,20,2.195462529636986,161,b004e39b937b9c1ad4b0251299f48968
,,xcodeeval_code_translation,5.199999999999999,0.0,5,0,6,3.096061274226596,69,c04b84f7ce8ac87b89a7ae65fb9a8c4e
,,xcodeeval_code_translation,21.4,0.0,17,0,18,2.2041261904056912,172,db4c686783828d5c8f44e6fd0512d7e6
,,xcodeeval_code_translation,2.5999999999999996,0.0,3,0,4,5.638504115854419,22,dfba4d58de0e4ee02f95a789d5e6dba8
,,xcodeeval_code_translation,19.4,0.0,19,0,18,1.6852410141186793,170,e4d7c1b12aca950f2bb52adf94d15eca
,,xcodeeval_code_translation,1.4,0.0,2,0,3,5.821166378914357,52,e4deed9eff4e19ba971d83a5f4c4f9e9
,,xcodeeval_code_translation,27.8,0.0,28,0,29,2.0594360169841464,350,fb4c18db409acbed597f35900f2fd6cf
,,xcodeeval_code_translation,2.8,0.0,3,0,4,2.772906701672663,85,5afeb26d1c78585ec9e61a72be18e1f3
,,xcodeeval_code_translation,23.4,0.0,21,0,20,2.019394904732816,147,5ba2789985ca77388eac0021778b0a43
,,xcodeeval_code_translation,5.0,0.0,5,0,6,5.653856027240984,63,5b7d6b7433137cf435546d083382f4f1
0.43578908385601467,5.138241529464722,xcodeeval_code_translation,11.0,12.846069931983948,11,2,12,2.9265684815933413,60,5a179de1b51bf493e0d75176c034ec73
,,xcodeeval_code_translation,12.399999999999999,0.0,23,0,22,2.903418281709723,134,5c1b33e5ce776e4dd5eff74b0c97b3e5
,,xcodeeval_code_translation,12.2,0.0,12,0,12,2.029740616349121,105,5c5271b2dd83828c07e9c4c7820a72b4
,,xcodeeval_code_translation,16.2,0.0,37,0,19,1.9273354421081783,276,5d2534cf865c2e35261f5d50a163ee60
,,xcodeeval_code_translation,8.4,0.0,7,0,8,2.953310975956917,81,5d4a9af0828545fa8752861c502fdd89
,,xcodeeval_code_translation,8.0,0.0,7,0,8,4.49926892917124,71,5da18f6900d759f5c199b2e736e20f56
,,xcodeeval_code_translation,3.8,0.0,6,0,7,2.692471129659267,46,5f56bb5231636fd0f33aad30632dbe43
0.46159667135740284,1.2323289439082146,xcodeeval_code_translation,33.599999999999994,20.22673844297727,31,4,26,1.9343192786878705,278,5ead719633d5c24a1dec169cb4b8a760
0.00029500629550412947,7.178250312805176,xcodeeval_code_translation,26.799999999999997,10.319951795041561,29,1,29,2.0900046873694755,328,5d3d28d4fac76977607045763f95ae58
0.08209803234785795,6.540894508361816,xcodeeval_code_translation,5.0,0.0,6,1,7,5.129431285405306,61,5f6ea8d8314842ce9a14c17973dbf82b
,,xcodeeval_code_translation,19.599999999999998,0.0,14,0,15,2.1921583003841545,166,a5bbb353b7a953b89ca57d8ca4f5aa51
,,xcodeeval_code_translation,14.600000000000001,0.0,20,0,17,2.7934601292082033,105,b05f669b3301b62f96638c7011e055fd
,,xcodeeval_code_translation,140.2,0.0,72,0,57,1.7744361854435808,620,af05cd1432dd0d984bc69492a2cf3e82
,,xcodeeval_code_translation,2.5999999999999996,0.0,3,0,4,3.8754956795038513,67,b5b5864c40839c90c9b766c1a80c69f0
0.4453236950794235,0.43340641260147095,xcodeeval_code_translation,27.199999999999996,7.255377005785704,34,2,27,2.1623398072110347,212,c5f35180ef15a02ed6e393bfaf68100c
,,xcodeeval_code_translation,18.2,0.0,27,0,27,3.186162278833357,172,e5ce00b1347e8b301630572b939d03b9
,,xcodeeval_code_translation,21.599999999999998,0.0,26,0,18,1.9275589499012553,193,f5c81f5ef83b0789f9308321f6d9e29b
0.21104493125596588,3.9790113866329193,xcodeeval_code_translation,23.0,17.362807005643845,20,2,20,1.653135613253983,242,f5c50c1c6c02d6dd29d047c94102d53b
0.18769722778321893,2.4953842163085938,xcodeeval_code_translation,18.0,2.878147691488266,19,1,16,2.0950695817713467,152,6b6e265d4e28ed3112c1d910a995a617
,,xcodeeval_code_translation,54.0,0.0,43,0,43,2.848164488735961,576,6b178acc5ad8ab38b57bb1a24a8083aa
,,xcodeeval_code_translation,13.399999999999999,0.0,12,0,13,3.1212234418995575,61,6be160907ff766b9436587172b548403
-0.0003772262347544112,7.178250789642334,xcodeeval_code_translation,9.399999999999999,23.39458593726158,8,1,9,2.800284886456795,104,6b91f627402983ecbff1a2120d0c367a
,,xcodeeval_code_translation,29.199999999999996,0.0,27,0,24,2.0925385661684426,178,6c28f4fc10f978740c9494cc04272c5d
,,xcodeeval_code_translation,17.4,0.0,12,0,13,2.1147612731290018,155,6c6a5973369f34ea8afa4a7913be1473
1.6603068533268843e-05,7.178250789642334,xcodeeval_code_translation,7.6,8.793745398521423,10,1,10,1.9563740961941947,153,6d106b76c9f27c631594a7f62e253540
,,xcodeeval_code_translation,13.399999999999999,0.0,13,0,13,2.821394257006651,144,6df3a1fe0f6803e5500144308c6a5eb4
,,xcodeeval_code_translation,23.599999999999998,0.0,26,0,22,2.1529740819254175,241,6e7ec7640d75b8d8b583c9cfe018455d
0.41258829708953026,1.7207018686458468,xcodeeval_code_translation,91.4,11.81234218033829,114,8,97,1.8462735033872413,987,6bfdc6e8dc389a3a5011fbe2f8a2fb29
0.1209022462977113,4.524749457836151,xcodeeval_code_translation,34.4,24.073588836938143,32,2,31,2.3477589729335113,257,bafa6ba6d5198c3b5bd3194ce4a67de5
0.5607336302260485,2.988159656524658,xcodeeval_code_translation,50.599999999999994,5.491985321044922,50,1,46,2.2252818406135093,488,be6aaad6e636015260df5b99c668d7e8
,,xcodeeval_code_translation,8.4,0.0,8,0,8,2.499136974702002,67,c6d8dff26971cd0ad1209918fd5d0da5
0.00016927383840084075,7.178250312805176,xcodeeval_code_translation,10.399999999999999,9.176656782627106,10,1,11,2.420179136982522,68,ce6d8ae32278e4014b09808dd347d47f
0.0002902354546157377,7.178250789642334,xcodeeval_code_translation,8.8,4.5885894894599915,10,1,9,2.3982981169098196,102,d06fc679d034d41469d3513c5e041645
0.21487212899130811,2.6127188205718994,xcodeeval_code_translation,26.4,5.600011825561523,22,1,22,1.8808451291965116,260,dae6d6e41bc2c3062a445566c056ffbf
,,xcodeeval_code_translation,58.0,0.0,84,0,44,1.3426090539597197,1135,debb6f667ff541e23882ae83905274c1
0.41123146810279904,0.9198106341063976,xcodeeval_code_translation,65.8,6.852719427552074,74,9,57,2.320858897372184,525,ee6ea1fbc6bbb80269a7dee1b97d2100
,,xcodeeval_code_translation,10.6,0.0,9,0,10,3.4854891009460007,81,fb6cfef97fd4db13d14f8e18137490ac
,,xcodeeval_code_translation,27.999999999999996,0.0,21,0,22,1.8876312212828454,208,07e110f85017a020f3a4d8689f76e32e
,,xcodeeval_code_translation,14.600000000000001,0.0,13,0,14,1.947694184386533,147,7b10a5dd878a349f713d3acf2d892bde
0.06816046529048536,8.392915725708008,xcodeeval_code_translation,21.599999999999998,14.519023150205612,18,1,17,2.094737243696836,171,7a2b3e28eaede8997b0cb6e08de84131
,,xcodeeval_code_translation,19.4,0.0,26,0,23,2.456862015912094,145,7b9497ed93aac689da1b6d39f6d19147
,,xcodeeval_code_translation,23.599999999999998,0.0,39,0,20,1.461145528149684,320,7a126f31fe0dfecbc039ed1b05443872
,,xcodeeval_code_translation,7.8,0.0,8,0,9,4.487998026035008,52,7e6326bfd683720dbd93f66ddd21cbfc
,,xcodeeval_code_translation,31.799999999999997,0.0,23,0,23,2.2570834134973303,219,7d6dbb372fb5e992c7dc5f8a71465dce
0.8643219716369542,1.5769408345222473,xcodeeval_code_translation,32.6,5.64261281862855,38,2,35,2.041539611435264,292,7d29401e09cf2118834a4410f6a567d0
,,xcodeeval_code_translation,8.6,0.0,12,0,13,3.520938421178563,78,7e7ebedb71410b1430534c0e18226c28
,,xcodeeval_code_translation,29.0,0.0,25,0,26,2.4341927225004394,216,7e3725a193502c909974a34c02996c0f
0.16219692088321858,4.181670904159546,xcodeeval_code_translation,43.39999999999999,38.78917163237929,41,2,35,2.0652543147279605,349,7d8af95822a890f5bc9313fdab87e15c
,,xcodeeval_code_translation,9.6,0.0,9,0,9,2.1810064380761562,149,7e7f259ce25120a9829c6914a9bfa5ea
,,xcodeeval_code_translation,9.2,0.0,12,0,13,3.9574009356784843,79,7eeacaddf49d6ae90b48e4eec3fee229
,,xcodeeval_code_translation,11.0,0.0,9,0,10,2.792880271650142,79,7f8ae42ec964aa88dc6e9638e8501704
,,xcodeeval_code_translation,3.8,0.0,5,0,6,5.295238152677544,44,7f3fd87901d9e4959b5e8eacf6442537
0.5892760981452849,1.2961499616503716,xcodeeval_code_translation,21.2,5.439418379217386,28,3,24,2.159447550323678,225,7ff963a86c2b48dc113ede2ccedfe549
,,xcodeeval_code_translation,15.2,0.0,16,0,17,3.6969870343028104,107,bf7c81dd212553d705a9715937dec451
,,xcodeeval_code_translation,31.799999999999997,0.0,25,0,24,2.473689752786922,249,c7a01006d255c2863a544f9789a87e51
,,xcodeeval_code_translation,5.8,0.0,5,0,6,2.5340305574796114,48,c7a646a1b94b6b444a9f76ae62685cb1
,,xcodeeval_code_translation,40.8,0.0,46,0,26,1.6714165291109144,341,d7ead9492a591eada955cfbb671415f7
0.08176750107774172,3.8433737456798553,xcodeeval_code_translation,26.599999999999998,5.148628428578377,27,2,26,1.8538475118003812,406,d7b5620c08a9a15c2ea79c6726c7a299
,,xcodeeval_code_translation,7.4,0.0,8,0,9,2.5950094340478644,83,da7acf771c2a7475d536e7a53bc7d21c
0.5488436773769055,0.8770571351051331,xcodeeval_code_translation,83.4,24.304680944109958,69,3,67,2.329922690792625,620,daf7e11c03f026beb99d530d918aa947
0.0043127475059945245,8.5897216796875,xcodeeval_code_translation,31.799999999999997,59.230254791677,25,1,24,2.5023026321401596,178,ddcdf7cb77ada3407a741569bd1f2fb6
,,xcodeeval_code_translation,0.19999999999999996,0.0,1,0,2,5.94520263327052,102,e7eabbaada1a719ab3747b0f81137b5c
,,xcodeeval_code_translation,3.8,0.0,4,0,5,4.820553339136318,74,eb7f0e838bbe13966de0166d7b3979bd
,,xcodeeval_code_translation,9.8,0.0,11,0,10,1.5351120299080605,367,f7a483432ed1a322351a74139510608e
,,xcodeeval_code_translation,6.6,0.0,7,0,8,4.028844375834017,47,8c9c8726bab6a1aa6a72fee385579963
0.3807088191132208,2.4354281425476074,xcodeeval_code_translation,35.2,19.525672808289528,36,3,31,2.0826699290832056,336,8c71378df2d4f949f16b06a9f2677f92
,,xcodeeval_code_translation,20.6,0.0,22,0,22,1.9167688284152404,180,8dbadebfa50438e48f891b9b42d35c9a
,,xcodeeval_code_translation,2.5999999999999996,0.0,3,0,4,8.364936253773875,35,8e9fc8477e311e8ed6c23018f872d86d
0.896353341860231,0.23414355888962746,xcodeeval_code_translation,46.0,1.5970577001571655,42,2,40,1.9402163772251892,414,8d6a8b7223fd746746262f8637bad705
-3.315675526093214e-05,7.178250312805176,xcodeeval_code_translation,19.0,9.641852885484695,22,1,21,2.0520911415806893,166,8e33e2c9018262b86425f46d9687887e
,,xcodeeval_code_translation,46.599999999999994,0.0,41,0,37,7.859089854084875,452,8f80de3f88ec804850b25ec4b104c1b5
,,xcodeeval_code_translation,0.19999999999999996,0.0,1,0,2,16.77317957706999,13,8f1eff4d0eafee828aca29685fc14984
8.890046935193437e-05,7.178250312805176,xcodeeval_code_translation,85.19999999999999,100.22465480305254,78,1,69,1.8737740666287233,606,8f87b7c9ea6cc2fc604332473d27783b
0.7820707590550534,0.33706898999993096,xcodeeval_code_translation,131.0,7.1057145708140785,136,22,117,1.5368996342463583,1752,8c9b4e66c324e910ed41255c85bc2b36
,,xcodeeval_code_translation,30.799999999999997,0.0,29,0,22,2.342333619115405,190,b08e09bb9f11f03be5937f9e24e82d02
,,xcodeeval_code_translation,27.199999999999996,0.0,22,0,20,2.0738075350895646,205,b8e0bef1adb9f892f0375c0cccf2e56c
0.11512138954186166,7.004092693328857,xcodeeval_code_translation,18.799999999999997,28.018923588097095,19,1,17,2.0401981679613863,220,b8becf301ec0a94223050691d150e086
0.0003825893743769891,7.178250312805176,xcodeeval_code_translation,24.799999999999997,63.27783061563969,27,1,22,1.9766988537084167,209,bc8b90acd75486e9e69b22c789639f0a
,,xcodeeval_code_translation,1.4,0.0,2,0,3,12.170960817781381,22,bfe8f222db882242a3934dc70833df6c
,,xcodeeval_code_translation,17.2,0.0,21,0,21,3.5148758504254802,112,c8b5deb3507b48c6d321f7654686ca6b
0.00035491159845453996,7.178250312805176,xcodeeval_code_translation,20.2,10.096718214452267,19,1,20,2.5665645963233312,206,da08d9857d1e588de0bb494a6829e60c
,,xcodeeval_code_translation,6.199999999999999,0.0,8,0,8,3.4072392892474928,92,f8bb16e4c5adf525c0f494afa4c3cea1
,,xcodeeval_code_translation,7.4,0.0,13,0,10,1.8799984026203318,94,09db9e23b44680728ab604ac7c73f0d1
,,xcodeeval_code_translation,30.599999999999998,0.0,27,0,23,1.8894885803702952,244,09d65d01ae958f50af3de436a9fa8e72
,,xcodeeval_code_translation,17.0,0.0,20,0,19,2.2718212851661908,141,9a61c079ea554026a7f0f5c44c32c73a
,,xcodeeval_code_translation,13.0,0.0,12,0,12,2.9559081653016395,133,9c7a1ba9578c7570ce601cb8a019cf7f
,,xcodeeval_code_translation,11.2,0.0,10,0,11,3.400715456572714,77,9d315453fee2a93b0d0c30394a17a75c
0.6189184931835495,0.31645846273750067,xcodeeval_code_translation,27.0,5.831680153682828,45,5,27,1.5989466811399777,366,9d27d05aed02a71708871ee3cb83d9a9
,,xcodeeval_code_translation,34.8,0.0,31,0,31,1.8813271273569916,187,9eb3de6324f9379d15525cc478b8a77a
-0.00020601238304776933,7.178250312805176,xcodeeval_code_translation,84.19999999999999,25.692264270037413,77,1,68,2.092584134133924,613,9cb3b1d773068be92c7d0d7ee78afa79
0.5040895922109485,2.7566416263580322,xcodeeval_code_translation,13.399999999999999,16.153059512376785,28,1,21,3.6283874281895008,203,9d3a38743e4c1917377a1e0aa8cc8de4
,,xcodeeval_code_translation,33.8,0.0,22,0,20,1.6257918133686824,197,9fbed838f350b071412ff03a0b74d931
0.2319030624977409,1.0338711341222127,xcodeeval_code_translation,122.6,9.044913590264818,122,6,90,1.311433174253489,1330,9d64b97a89ed6975b24992c1002821c9
0.1872700243794777,0.6629727836698294,xcodeeval_code_translation,86.19999999999999,39.10056769789662,89,4,70,1.9143050576910245,688,ac9a9f866695531244c58df97a767f95
,,xcodeeval_code_translation,26.599999999999998,0.0,21,0,22,2.908614438450191,163,b09c64c310d312d54ef0cfaf670239f0
,,xcodeeval_code_translation,20.2,0.0,16,0,16,2.2492471090647452,155,b9adee697d1c5b42ab1bee93003405fa
0.4199906816031066,4.784296035766602,xcodeeval_code_translation,19.4,5.357317615300417,22,2,23,2.645983434423228,160,b9c7d557b23777e59c0fc3319b08e651
,,xcodeeval_code_translation,29.0,0.0,29,0,28,2.307907032727505,248,cc9f8deeb5689a0f15bcb2811aa4d060
,,xcodeeval_code_translation,31.799999999999997,0.0,25,0,24,1.9026620902221962,193,c9cf64c6757332cf84ef69feb12de758
,,xcodeeval_code_translation,32.6,0.0,32,0,31,2.189637454249785,238,df9ed0d7f375e023859aca287e9f6fd8
,,xcodeeval_code_translation,5.3999999999999995,0.0,6,0,6,2.26725847533368,62,e9f2197545ae1add43f8100c8c5c82fd
,,xcodeeval_code_translation,6.6,0.0,10,0,10,1.8815996942297883,137,10ed8dd9d0f8641a511517e204071e5e
0.07650321280011428,4.737214088439941,xcodeeval_code_translation,32.0,43.62604542076588,30,1,27,1.668026534403293,507,10eb0721fcd0ed627caafb702ab59c85
0.0004762267847782222,7.178250312805176,xcodeeval_code_translation,48.8,22.071250706911087,31,1,32,2.188816162719685,282,11dfb2e54ab203f2c329291286db0dd7
0.05833404431864373,2.9602646827697754,xcodeeval_code_translation,29.0,23.30970531422645,35,1,29,1.7117512612573091,342,f11f9d0c18311e4b39bb7e211ed5802f
,,xcodeeval_code_translation,9.8,0.0,10,0,10,2.8654220170419817,170,13c859eb5fa8570b1301b3552d234351
0.020257141696259796,4.599472165107727,xcodeeval_code_translation,45.4,41.8998935893178,38,2,36,2.3294070550362935,281,13f57271746a692ebd5a3519d337f122
,,xcodeeval_code_translation,34.4,0.0,28,0,29,2.626752148910756,313,14e3c253d5e54fca356b9cec3a893a22
,,xcodeeval_code_translation,9.399999999999999,0.0,9,0,9,2.1820755447199343,87,14f2fcbebe004325f3e048c145c5315a
0.6998153591556253,0.0699946815147996,xcodeeval_code_translation,19.0,3.2791559770703316,23,4,19,2.058349355180672,188,14c6dab81019acb6aec269fcb0994ff9
,,xcodeeval_code_translation,19.0,0.0,22,0,20,2.079065950477735,185,15e72d20d3afefbaedf3df00c4b997ef
0.2543527475200288,1.2644538879394531,xcodeeval_code_translation,14.399999999999999,5.428017906844616,14,1,13,2.070258296255793,130,15df3e5c7ca521a7d453ad7897196a37
,,xcodeeval_code_translation,11.6,0.0,11,0,10,1.580088403779457,238,16d1aab93cef1d64a9089afe23ef8920
,,xcodeeval_code_translation,7.8,0.0,7,0,8,2.883252605960347,87,16a476ead4cceae097133c0ce226b382
0.09753653403834985,3.277625560760498,xcodeeval_code_translation,24.199999999999996,6.878744523972273,26,1,27,2.2808981997542537,285,16e0d7faf0cd78474a1f5982cd62109c
,,xcodeeval_code_translation,15.0,0.0,14,0,14,5.576177401528644,113,017ce8d247bdc8775ae70083a8217857
,,xcodeeval_code_translation,13.0,0.0,14,0,15,2.7829356307890336,111,17c35792f345f5e73227cd0440406620
,,xcodeeval_code_translation,2.5999999999999996,0.0,5,0,6,3.650253647172094,29,17f1b5079e6e6f4e58ad7f60012fd143
-0.00017368192008386055,7.178250312805176,xcodeeval_code_translation,22.599999999999998,54.3994323015213,27,1,21,2.836690371914811,159,b18e3ddb186726cde734e3f6e6cc9108
1.3011713783345962,1.1384626085107976,xcodeeval_code_translation,22.4,3.865803614258766,23,11,24,3.2671677848738527,234,d18e949d83dbaf4c1660ee56d1d9fe08
,,xcodeeval_code_translation,15.0,0.0,29,0,30,2.8144085595861768,152,21c199e6a18a5869cfdf1c25de9f992f
,,xcodeeval_code_translation,17.799999999999997,0.0,22,0,22,2.676555290993066,106,21e856e1cf6b1d73d302c2c139e928de
,,xcodeeval_code_translation,15.799999999999999,0.0,14,0,15,2.7834984286523317,114,aca21bb2e16f022541ebc396c6c9e617
0.001490345923230052,7.178250312805176,xcodeeval_code_translation,13.399999999999999,2.9753918647766113,11,1,12,2.726256207218853,202,22def467f9d67cc03900bd12527b29b6
,,xcodeeval_code_translation,30.0,0.0,23,0,24,2.395102847380893,221,e23d4a7f7ed661165d7436474f7c7eeb
,,xcodeeval_code_translation,2.5999999999999996,0.0,3,0,4,3.9837425464820937,48,24f2b5c3812e4c7df53dcaba825a988b
,,xcodeeval_code_translation,8.6,0.0,12,0,13,3.937013625661847,62,b24a89c98ef0a869a979bbe21c88a283
,,xcodeeval_code_translation,13.399999999999999,0.0,25,0,18,3.1622299669608958,146,25aecf215d4b975a6149209398b44958
,,xcodeeval_code_translation,12.0,0.0,14,0,15,2.2236321509627954,91,25e15f0209d09a77ff1d228f164035ce
,,xcodeeval_code_translation,42.39999999999999,0.0,26,0,27,3.4376924899171106,195,25d456bc0686dd9ed325152a5fe4b41a
-1.9091702051809988e-05,7.178250312805176,xcodeeval_code_translation,28.199999999999996,4.848886966705322,21,1,22,2.0791852556961374,368,25f51c7117f1ca317213431b9e24ac58
,,xcodeeval_code_translation,13.599999999999998,0.0,14,0,13,2.994519646148111,162,ed25f620ddabe07d3592709cb379d54b
,,xcodeeval_code_translation,34.6,0.0,42,0,30,1.8073052375552459,421,26c6809c59601396f3aa49c23268240d
-0.0004133265813006394,7.178250789642334,xcodeeval_code_translation,10.6,23.429532647132874,11,1,11,2.613305083310873,92,cc26a8f50c3655dde6009e86559dc2e1
0.06017494692057481,1.5656628012657166,xcodeeval_code_translation,55.6,22.74067210382782,52,2,51,1.958697913998794,685,27b679b65629585e93409b3811fb444a
,,xcodeeval_code_translation,13.399999999999999,0.0,13,0,12,4.607546350566523,115,b28fe6c6053fb7f2e23ddf8a065070d5
,,xcodeeval_code_translation,26.599999999999998,0.0,23,0,21,2.5475240334373357,224,29a54530f175f60d48f86aa3857eea49
,,xcodeeval_code_translation,16.4,0.0,16,0,16,2.832582756869122,122,c29da10503c0a8e720f827d5a7f91f9d
,,xcodeeval_code_translation,17.2,0.0,15,0,16,3.086812270576016,139,c30d87f786ff5eb2f4f720f8c7e7f4ca
,,xcodeeval_code_translation,71.39999999999999,0.0,55,0,46,1.5442735117187512,1054,31a7ec35764fc8b84fbb8ec5e08a4a88
,,xcodeeval_code_translation,9.8,0.0,8,0,9,3.7979033497220906,93,cdb31f94a3fc62b6fc60d366bba94736
,,xcodeeval_code_translation,10.399999999999999,0.0,14,0,10,1.6215241880132367,279,32af0bf8da4afa29c491f6a820eae8e8
,,xcodeeval_code_translation,11.6,0.0,15,0,16,2.4647831636600075,78,af32cdb0f6fe5d9018aaa8064a2a0d22
,,xcodeeval_code_translation,20.199999999999996,0.0,24,0,17,1.5483194565078293,304,c33c58e558e0ec947637da237363959d
0.18783522409193673,6.085670471191406,xcodeeval_code_translation,25.199999999999996,46.37608379125595,19,1,19,2.558718798974553,248,ba34a59bbadba467f7b850bb8d6c656d
0.028474540135377497,4.3055806159973145,xcodeeval_code_translation,33.8,40.589683438651264,67,1,31,1.3128342695401412,818,35dd50b0c3b9fcfa7ffb7bcee7f864ad
,,xcodeeval_code_translation,11.0,0.0,11,0,11,2.527638173065933,80,fda35fa379a854d9fb285e08062e5d5b
,,xcodeeval_code_translation,19.599999999999998,0.0,25,0,25,3.0619096429422035,215,36cb9751a3bdba6cfb6f7369fb86b64b
,,xcodeeval_code_translation,11.0,0.0,13,0,12,1.9475168321990213,131,eec37cfbd27624915d8dae9125bdea33
0.09546763721504249,8.392915725708008,xcodeeval_code_translation,52.6,9.47154152393341,44,1,44,2.9194610843035838,530,039ff364b553b483d33c0a09a2b7aa8b
,,xcodeeval_code_translation,2.5999999999999996,0.0,3,0,4,7.23446908900625,55,39d0b6d1a19d825b9f0e883b2208a7f0
,,xcodeeval_code_translation,15.6,0.0,15,0,16,2.3138706564129743,144,40ac9de155e7ca16c845807aa73c20f8
,,xcodeeval_code_translation,17.2,0.0,16,0,17,2.4294644248416133,117,40ce966f4165d852eb859e16812cf3e9
,,xcodeeval_code_translation,27.599999999999998,0.0,29,0,24,1.6857142718889235,247,41d53f8f4830f182da6aa21df5604e43
,,xcodeeval_code_translation,7.4,0.0,9,0,10,6.295434870336068,51,43cc2339b9e3e036f76b57ebf96ffbc1
,,xcodeeval_code_translation,60.99999999999999,0.0,48,0,43,2.3589757096964457,485,44de4f3ce181c952226ba6dc9b98b3ff
-0.00048012007027864456,7.178250312805176,xcodeeval_code_translation,27.4,6.773549363017082,22,1,22,2.5586658831599767,175,b44f33d8273f9a0eb0be9a708427bbfd
,,xcodeeval_code_translation,14.0,0.0,14,0,14,2.4088395586607922,140,45a221122aee8b2a83303e1420e0ca2d
0.21720671159629193,4.4555816650390625,xcodeeval_code_translation,40.199999999999996,22.95502109825611,36,1,30,1.431713526454773,440,45e616896983753fce494c3763f78a63
0.0,7.178250312805176,xcodeeval_code_translation,13.399999999999999,5.739895522594452,13,1,13,2.229046368991207,270,47f66158ffdd8b80414ba68d6c9f76ad
0.00022120169843688154,7.178250312805176,xcodeeval_code_translation,76.79999999999998,33.39988413453102,59,1,56,2.4443820264579585,506,47c36fca2488b065bd77f206a1dfd378
,,xcodeeval_code_translation,5.0,0.0,5,0,6,2.656782254392985,53,48e9b5b56d4e8cae9592594c1b76fcc4
0.2071779543810607,2.0519986152648926,xcodeeval_code_translation,21.0,0.5001455545425415,23,1,21,2.029240953512308,184,48b29323ddf4843e84e234b2b684aa2f
0.17860126077524713,4.135591506958008,xcodeeval_code_translation,13.799999999999999,9.23920601606369,15,1,15,2.5592686413258905,92,edce48f5d648613b6a0267444ae36cf3
,,xcodeeval_code_translation,1.4,0.0,2,0,3,8.88038732601143,20,49d362b4da6bf5886ee526358dfaabfd
0.6332593560999704,1.0656838555421149,xcodeeval_code_translation,123.39999999999999,13.442531679570674,157,7,115,1.831697072355008,1173,52f8a5b3d9855149cdaad20eb09b3bfd
,,xcodeeval_code_translation,14.600000000000001,0.0,21,0,14,1.9057366967412188,153,c52b7d4f1b6326e17a5839c5770372e4
,,xcodeeval_code_translation,12.599999999999998,0.0,11,0,12,2.8439906975411393,88,53c3c95b75c6dfb226c53bdae646bb89
,,xcodeeval_code_translation,6.999999999999999,0.0,6,0,7,2.4894228217086485,63,debcd53e835817602ed39b0aefd63546
,,xcodeeval_code_translation,38.39999999999999,0.0,30,0,29,2.088216255250052,234,dc54c78363075fad4e2cf9cd1a46f2e8
,,xcodeeval_code_translation,21.2,0.0,25,0,26,2.868481375104371,224,55fd8965ec94c681ba409a4b32c9998f
0.0,7.178250312805176,xcodeeval_code_translation,21.4,44.13520358875394,22,1,18,2.6853196952151324,253,b55dc5b34d55f7d7ca7226f31d700712
0.01685081870547276,2.988159656524658,xcodeeval_code_translation,64.8,121.08826453983784,52,1,43,1.9598231418266616,321,d55b00fff9e7ec22f5b7f7357032d8f4
0.2357446690546707,5.9926323890686035,xcodeeval_code_translation,13.999999999999998,5.586147263646126,13,1,12,2.2109352646979787,129,056bee65b63b1877e81533b108e9e16e
,,xcodeeval_code_translation,30.199999999999996,0.0,20,0,20,2.0311719645391064,164,56c6751974f82a6fee1a0feda9d9d845
,,xcodeeval_code_translation,10.799999999999999,0.0,12,0,13,2.8661595143553393,95,56f393116458e49588a208941dff7e70
,,xcodeeval_code_translation,2.5999999999999996,0.0,3,0,4,3.742696674234952,50,bf56cc8a6c59942c6a2aab11fdadc901
0.00020016356290358564,7.178250312805176,xcodeeval_code_translation,31.0,4.969663619995117,29,1,28,2.2017418835191664,282,d56b8666e143e1c29d006069f64334ad
,,xcodeeval_code_translation,28.799999999999997,0.0,27,0,27,3.9116939898688505,178,58b920eb30a830837436161f16bc95e6
0.1209474345378112,1.1615769863128662,xcodeeval_code_translation,41.0,54.42881108447909,40,1,28,1.8408840143269527,378,58ecb08bc4752f0c939380d770a533ae
0.14917811276249834,3.4418514569600425,xcodeeval_code_translation,89.8,28.14462036391099,71,3,70,2.19863364321451,634,58fd968dfe312006bd2119075d913dd6
,,xcodeeval_code_translation,8.8,0.0,7,0,8,2.5281529721139404,54,59af7be5db1ade486f7261b58bec4f1f
,,xcodeeval_code_translation,20.0,0.0,20,0,21,2.100677197413931,193,60b53794abb605950e5cfe692b8416f5
,,xcodeeval_code_translation,14.2,0.0,15,0,13,1.909020559115438,164,fcae61f21d6ba30fdf3c6acbd4665a44
0.41611664054596703,0.18402256071567535,xcodeeval_code_translation,62.8,0.4429941177368164,61,1,49,2.5837747009145215,851,dc62d529680f4fa1f071c9efbbd597d4
,,xcodeeval_code_translation,9.399999999999999,0.0,13,0,9,2.298512913453317,116,64a91ca0b590f19b3efba056b5fc9dad
,,xcodeeval_code_translation,13.599999999999998,0.0,11,0,12,2.160251586349417,108,65aa9706259ab63927310f8a841807d9
,,xcodeeval_code_translation,3.8,0.0,7,0,7,3.443979039696882,43,65a33960503f20e0a308d6f21575de21
,,xcodeeval_code_translation,24.799999999999997,0.0,26,0,25,2.7702938258964207,157,65ac588db85e1536c70b803cd4496ebf
-0.0002808154946783694,7.178250312805176,xcodeeval_code_translation,48.199999999999996,6.197744831442833,49,1,49,2.055381689689268,367,65dfca28344f0447b39c3dc04b7b60d4
,,xcodeeval_code_translation,15.2,0.0,14,0,13,2.0575444089131856,120,f65beb218a3ef9548bdd70dfef0d620a
,,xcodeeval_code_translation,14.799999999999999,0.0,12,0,13,2.5416719504956737,90,66fb3dc782c07dbc3cb71f6106e1e96a
,,xcodeeval_code_translation,9.399999999999999,0.0,8,0,9,3.1428737809078204,80,69cb4e6d85e45cca1422506143321279
,,xcodeeval_code_translation,22.2,0.0,16,0,16,4.117092242975281,126,69c11f9b8516140dc52eb025ff9948e8
0.0,7.178250312805176,xcodeeval_code_translation,76.8,217.98839325550944,127,1,65,1.81089396227949,1123,ae70f9154a77bcb542aa8112543ad3a2
,,xcodeeval_code_translation,46.4,0.0,77,0,42,1.5447783468300498,897,71c4e5ee34f9d2fe4641e6f37385b5ea
0.18427436526430804,5.262100100517273,xcodeeval_code_translation,35.4,19.83038781583309,30,2,27,2.121416282232969,242,c71d7447a0747a1ceb29819809adff91
,,xcodeeval_code_translation,12.0,0.0,10,0,11,3.635677693711571,104,a72def48f67b3ac383077d2e1a900fe7
,,xcodeeval_code_translation,15.4,0.0,13,0,14,3.187869464932425,95,b072dc9e37263b339fdf61bfaddd23a7
,,xcodeeval_code_translation,68.0,0.0,47,0,42,1.475842946045815,600,c72c86724ab0f647cde1723ce1f08fe2
0.022939523379318417,6.570759296417236,xcodeeval_code_translation,41.599999999999994,16.99676823616028,40,1,38,2.022287879938444,404,e72e306d5707b9b0ce41a97578f39797
0.20097247552051134,2.9885990619659424,xcodeeval_code_translation,12.2,4.982533663511276,16,1,14,2.615637530075827,106,74f1b16ccb7893a1d7b3ef1d1fec996e
0.0,7.178250312805176,xcodeeval_code_translation,19.4,15.013737112283707,17,1,17,3.6096266742191303,177,74e61c3fe018f9db2c0869a4e929bbad
0.2426674032015439,0.8732722463707129,xcodeeval_code_translation,76.6,66.67602021619678,61,3,50,2.0220678161800354,558,d76e5c9415856d6f71ebcca6c3181cb8
,,xcodeeval_code_translation,11.0,0.0,11,0,12,2.3012158025435925,97,77a3fb0e20d021bfe60f8af1db95841f
,,xcodeeval_code_translation,5.8,0.0,5,0,6,3.2408090302490993,27,78b4306bc97fa1f37c26b8d3d122c19d
2.939561759499279e-05,7.178250312805176,xcodeeval_code_translation,12.399999999999999,0.0,15,1,14,1.693129796902583,166,79c10451cc1f940978434ce488cbb5f6
,,xcodeeval_code_translation,18.4,0.0,16,0,15,3.175642708863207,160,79c3baa6826c255c7741fbcee5d263cf
,,xcodeeval_code_translation,5.8,0.0,6,0,7,2.5749822569708076,57,79fa3876256ee7d2716563b188ca7c1b
0.4801282871368469,1.2164483070373535,xcodeeval_code_translation,38.0,30.63401085883379,34,1,33,2.877033751179626,262,79df8ec8e253920c8fbeb9535b0d9d1e
0.3732633024743148,2.3876885771751404,xcodeeval_code_translation,25.4,9.914225781336427,22,2,23,2.581656408954336,168,080efbd06f550ca322feaf2a53bf2d69
0.2533590310405747,5.087866306304932,xcodeeval_code_translation,43.0,62.59069377928972,33,1,32,2.3281018228426147,335,eb80b09d9d445d4a33618f63c27671ee
0.0,7.178250312805176,xcodeeval_code_translation,22.799999999999997,51.87805565819144,22,1,20,1.9702951486560676,181,81c071d31188e01a4ff829cf7c79e382
,,xcodeeval_code_translation,6.6,0.0,6,0,7,3.4517886939050277,53,b81f7cb17f6026db6c6e274c80665a91
,,xcodeeval_code_translation,17.0,0.0,25,0,20,2.1870345317768276,227,82f92457bd36ff4a0164bd66505d3f9d
,,xcodeeval_code_translation,17.0,0.0,16,0,16,2.2706462522050876,151,83f3ef4575863aba2b09b270268e9fec
0.6130119790815605,0.6445741355419159,xcodeeval_code_translation,25.4,5.614113673567772,29,2,28,2.1719877949978508,349,83ef0f689d559c6114688cedb1bb0355
0.1768439222066531,1.1648468772570293,xcodeeval_code_translation,62.4,11.862413849681616,68,3,54,1.803104467254547,679,83cecd52af6809cfa8a63d92620fb9b5
,,xcodeeval_code_translation,39.8,0.0,44,0,40,2.1770141335927944,352,e83c2dcbaa985ee6cff609f55c62f2bd
,,xcodeeval_code_translation,2.5999999999999996,0.0,3,0,4,3.4105109408256307,42,b84dd26488e5345e428efc0c01d5a49b
,,xcodeeval_code_translation,10.6,0.0,9,0,10,2.5489756697837,75,b84a37a5f75221aa3687ca590cd3287d
0.022631430557965924,2.2142598628997803,xcodeeval_code_translation,66.6,158.28498277813196,39,1,39,2.339840259116273,368,86f52409c8c82ad993afe8da78e4d681
,,xcodeeval_code_translation,67.4,0.0,68,0,63,1.9406772510508943,676,86f0a2cac55531aebf7fa88e6fc326c5
,,xcodeeval_code_translation,32.4,0.0,25,0,25,2.263728577367558,183,be86ffa4081fe10556146eaeaa8ccc6c
,,xcodeeval_code_translation,3.8,0.0,4,0,5,13.947003741432484,53,87a3813c3c88c538e3b800679b05444e
,,xcodeeval_code_translation,20.6,0.0,18,0,19,3.2891747272362726,191,87fbf961822e0514b4df71a0fc82797b
,,xcodeeval_code_translation,6.199999999999999,0.0,6,0,7,8.203886325604467,62,87eee3d43476efd908f2eb0bd64934e9
,,xcodeeval_code_translation,5.0,0.0,5,0,6,3.387987881578835,48,d87fe3fc1f1f72ab9bba7a4c8cbc9cb0
,,xcodeeval_code_translation,26.799999999999997,0.0,17,0,17,2.2627506243691133,126,e87d5dda1727b2bf5f0cdfc5042c02ab
,,xcodeeval_code_translation,13.799999999999999,0.0,17,0,13,1.8201664781608276,133,f91d9ae0920fe7715b0ddd669b156e98
,,xcodeeval_code_translation,11.799999999999999,0.0,10,0,11,4.41043524565767,89,94e0c39ff2bf65bee371457a233d0446
,,xcodeeval_code_translation,57.8,0.0,60,0,53,1.9247214135278248,432,95f4934849f70c34caa633cc091f899d
,,xcodeeval_code_translation,17.0,0.0,14,0,15,2.987229905762501,126,bbbccf95c157aa571f144ec94604611a
,,xcodeeval_code_translation,9.2,0.0,10,0,9,2.1775906025012204,69,96dad55feabed35207f3d3c3e093f16d
,,xcodeeval_code_translation,11.0,0.0,12,0,13,3.080079913118413,69,97d573dc547796cb03c250a5cb2c4110
,,xcodeeval_code_translation,27.4,0.0,19,0,19,2.1910272652627696,165,97a8d33b665c071da477ef3824bda21e
,,xcodeeval_code_translation,37.0,0.0,35,0,35,1.8345448720680526,326,98c256693bb8a0a7cf5ebfbe16b732f8
2.1160642967284233,1.1582165211439133,xcodeeval_code_translation,20.6,2.8302889118591943,23,3,20,2.7176816252234017,149,99c9d473cc583582cbe2a6bf3c0ed9f8
,,xcodeeval_code_translation,8.6,0.0,8,0,9,5.37907784453869,66,b99c89a4e62f684f82dbabe9ffd3bf90
,,xcodeeval_code_translation,39.599999999999994,0.0,37,0,36,1.7495629729613897,268,f106deef1b83721c53763480e59bfddf
,,xcodeeval_code_translation,6.999999999999999,0.0,7,0,8,4.615635033514026,76,118c6d750ae46bba0579775a93087f1c
,,xcodeeval_code_translation,7.4,0.0,7,0,8,4.318263399866312,83,b135a9c29bf44124df17fc95faeca6ae
,,xcodeeval_code_translation,15.399999999999999,0.0,15,0,15,2.1623797562005374,130,180abf06c48b6a48f5fa6258f957614d
,,xcodeeval_code_translation,16.8,0.0,22,0,19,1.5390127488263696,340,a186db501ba5f6460a451106c2f1729f
,,xcodeeval_code_translation,1.4,0.0,2,0,3,7.209174653336059,24,0187b4dc713c672de35ad6e0ec6f1800
,,xcodeeval_code_translation,13.599999999999998,0.0,11,0,12,2.4269040576199283,89,211b92d22a43fe2581851823dc83e224
-4.204074364332926e-05,7.178250312805176,xcodeeval_code_translation,3.8,4.50164794921875,4,1,5,4.212956102427678,69,be285fd00697a5daa227c40fbfd8bb00
0.0,7.178250312805176,xcodeeval_code_translation,130.39999999999998,426.5614603292197,84,1,58,1.709796128918545,737,287dea8398d5e1a97f03fc5914ca8133
,,xcodeeval_code_translation,10.0,0.0,8,0,9,4.565492805012172,62,0295a1be9f2362a0836cef7cffce0e75
0.0,7.178250312805176,xcodeeval_code_translation,14.399999999999999,17.697907865047455,19,1,19,1.945421965920066,191,296d30555934bd8078d947911b5cba69
1.902567579386717,0.15536975674331188,xcodeeval_code_translation,42.4,1.9359555542469025,50,4,34,1.7189112806837088,354,c299aa7fbade61d11d076e1b9e48d0c9
,,xcodeeval_code_translation,18.4,0.0,15,0,16,3.1619216366863383,151,bce323c750f3e2a41cbd561b2ed418cb
,,xcodeeval_code_translation,21.799999999999997,0.0,30,0,21,2.0226595377516814,198,ee340b58ba96d27fb5decc528ecc77d9
0.2852777053072867,1.7949289133151372,xcodeeval_code_translation,50.0,20.88196220031629,62,3,51,2.735646632148883,396,d341aff596a8c42e9eabc8c51b598d9d
0.22760223194736204,5.257999897003174,xcodeeval_code_translation,35.8,76.01151565648615,25,1,24,2.5756853000401456,358,353f10554b4be814f1a215802ec5a016
,,xcodeeval_code_translation,48.0,0.0,51,0,37,1.3147701981749234,739,370d5138743f6a78a651d39ecf06850f
,,xcodeeval_code_translation,7.8,0.0,7,0,8,3.1593092859774297,80,372b7f96a1ab19d657999893eba5d65f
,,xcodeeval_code_translation,11.2,0.0,9,0,10,3.171009725764157,93,384ebf9eb85f60cd2366bc696700e055
,,xcodeeval_code_translation,1.4,0.0,2,0,3,3.556483504708069,45,406ec3e8be826b9e5d85041b5cc1829b
0.12996349739167962,0.18631546199321747,xcodeeval_code_translation,33.0,85.17047547921538,27,1,28,2.374238746199423,253,0410d92602dba1106c848f2859f6324b
0.3387482034912947,3.7515159845352173,xcodeeval_code_translation,27.599999999999998,17.12033147737384,29,3,27,2.277167445299698,187,456aa2113a4810074ee8e12eac4f42f5
0.0423596008394964,1.6872612237930298,xcodeeval_code_translation,33.8,52.16786425560713,28,1,26,2.165078745521296,245,a461eb35db17ce7b8c0ff0c13b9dc38d
,,xcodeeval_code_translation,72.79999999999998,0.0,59,0,55,1.6513688818284717,438,0469a415b73c86652f520eaf69bd7311
-0.0003205116613414781,7.178250312805176,xcodeeval_code_translation,14.2,5.456882476806641,16,1,14,1.6182870315508617,223,475e2bf52726552fb0996be5a3f83cd8
,,xcodeeval_code_translation,3.8,0.0,4,0,5,16.08686497607118,26,476a4f1bdb7c82ee5f3dd5a04ab1144a
0.4563346006632653,2.706721544265747,xcodeeval_code_translation,7.4,2.713106334209442,8,1,8,3.690569516355663,159,e485dbbb517759e916deb7f3bb4d748a
,,xcodeeval_code_translation,6.199999999999999,0.0,9,0,10,2.844660948290075,60,f493fdd318cd0626cb3e8aeedb2cb692
,,xcodeeval_code_translation,16.0,0.0,14,0,14,1.9563049179372143,314,496f3a1c26a26a84cdcee922a2e41ba7
-5.354108169483833e-05,7.178250312805176,xcodeeval_code_translation,40.8,84.10220335423946,33,1,33,2.033165285611569,285,f523fa88725a35feb9b07051c9e654aa
,,xcodeeval_code_translation,10.399999999999999,0.0,13,0,12,1.847595590360083,116,524b08bf5bee939b96bb80c67b225aca
,,xcodeeval_code_translation,16.0,0.0,16,0,13,2.3269558945392506,144,542a9f2db1aa74ac9dfede338b04b3ea
,,xcodeeval_code_translation,8.2,0.0,8,0,8,3.3580604116478643,60,00552bcd8b44d1a45d505805b0fd578a
0.0807733906283262,2.1069464832544327,xcodeeval_code_translation,47.0,17.69157899916172,41,2,40,3.175160711532117,418,576eda555f961a7498f42f10b898ae36
,,xcodeeval_code_translation,7.4,0.0,8,0,9,3.033874415253503,54,594f1b782fbb920eed3f4b3ae40b33d3
,,xcodeeval_code_translation,51.4,0.0,63,0,42,1.5280874836917446,619,a603fc57a2124840942c65af485c8fd6
0.2860794350770967,4.833578109741211,xcodeeval_code_translation,30.0,7.89815354347229,22,1,22,2.9345676164765475,157,e652dd00a35c8dc5fc32cf0733b64622
,,xcodeeval_code_translation,11.0,0.0,10,0,11,2.4710679953761283,93,657a9cf0df546e5124a1b8370f6ca2db
,,xcodeeval_code_translation,10.6,0.0,9,0,10,2.9006384502621567,84,f666aa51937879517471ed8bccc769c6
,,xcodeeval_code_translation,30.2,0.0,34,0,27,1.5864180282225182,399,671f5a72439f2394077820ec3bd64b2d
,,xcodeeval_code_translation,24.0,0.0,23,0,20,2.081890382786807,196,a682dc2f576fcf7c5e1ff861157b5073
,,xcodeeval_code_translation,15.2,0.0,13,0,14,2.9126276099398116,106,694d4a0652888d4431560b574af6a363
,,xcodeeval_code_translation,21.599999999999998,0.0,37,0,37,3.2977654999033055,139,0709e40ee49b6439d328de121380ddcb
,,xcodeeval_code_translation,13.999999999999998,0.0,18,0,18,2.41774352290581,144,d0724f5afad3c1b0622fd8672eaae4f8
0.2802371586322737,4.454244375228882,xcodeeval_code_translation,23.799999999999997,19.29583328589797,22,2,20,2.0479353746401694,146,ec725fb028ea9e93358b2bbd5cfdaf50
9.307651854460202e-05,7.178250312805176,xcodeeval_code_translation,28.199999999999996,4.812150001525879,27,1,28,3.9630703651007844,186,d756f2edb3c650c72a518c6b6929c62f
0.17552333571948112,3.313667058944702,xcodeeval_code_translation,23.799999999999997,6.2126681208610535,26,1,24,3.1202585840936536,197,0804f806a9590ab9cbc36094ab9f5e17
,,xcodeeval_code_translation,6.799999999999999,0.0,6,0,7,3.5798815562570643,74,804eedc4a141bb4f62cd8dbbcc130bb4
0.0,7.178250312805176,xcodeeval_code_translation,63.8,92.74752471316606,83,1,59,2.0126297425219892,664,af805ff642c1a193293b9f8d8fa57b15
,,xcodeeval_code_translation,28.4,0.0,24,0,24,3.3001536872220854,155,0806a212721c65d84d26466a3dfa5799
,,xcodeeval_code_translation,22.599999999999998,0.0,21,0,22,1.8222581035716543,220,fd820cb8af82c0fbb09b29db46a57e42
,,xcodeeval_code_translation,33.0,0.0,27,0,23,1.8447606814906148,293,830d2f4becd229d383fe2698a6e96ffa
0.0,7.178250789642334,xcodeeval_code_translation,14.600000000000001,8.462810844182968,13,1,14,2.8946330443136934,97,843d2f42f3dea3c7df5939ba06854bbb
,,xcodeeval_code_translation,64.8,0.0,57,0,54,2.4524134286101678,424,862b78ca11b8aafca1c4668ba0ea8b15
,,xcodeeval_code_translation,23.799999999999997,0.0,19,0,20,2.6533637971068393,260,866b31e3bde35afaa78d839452fa2c51
,,xcodeeval_code_translation,14.399999999999999,0.0,31,0,32,3.186838394708443,172,f892d01f59dd1de30e9252936ba2824c
0.0,7.178250312805176,xcodeeval_code_translation,23.4,112.98689981549978,22,1,16,2.1302237849666925,188,da907f50aa62717837063c35cb5b18e6
,,xcodeeval_code_translation,34.0,0.0,40,0,27,1.7727771496246714,301,b943d2460fc22a71a2c9afde4079f863
0.6569655768530266,2.21033633640036,xcodeeval_code_translation,32.2,7.150253138504922,36,4,26,1.5823326680228673,452,960b1d8d81e310c1ac7c84ad8da3835c
,,xcodeeval_code_translation,5.0,0.0,7,0,8,2.480586830643804,78,e995bf7732a2c5da187261deaa3d36cd
,,xcodeeval_code_translation,19.0,0.0,18,0,19,2.4848951379432003,158,1149f2e35cbaa6ac6ab43cb75ad48b67
,,xcodeeval_code_translation,15.8,0.0,16,0,17,3.53111320221237,143,1383c2a71c01dd86f2785ecfc6b3d65b
,,xcodeeval_code_translation,9.6,0.0,11,0,11,2.466344375315621,65,1472d5f79906c025fc62bcbf12599073
,,xcodeeval_code_translation,20.0,0.0,20,0,21,2.678498167189945,155,f1503ec92de8ceb9745350693f282cb5
,,xcodeeval_code_translation,16.2,0.0,14,0,14,1.9290844867189163,178,1625d09f2634ea51f42b20ea15c636b0
0.2409013797275298,1.8737649321556091,xcodeeval_code_translation,32.4,13.603102095425129,32,2,30,1.9804300003722906,195,b1804fab5fca213fef024760ab105e1b
0.12294832365246136,2.311979293823242,xcodeeval_code_translation,16.6,16.503905035555363,19,1,18,2.030320313012392,220,e1844c704811d4602f613567f22e2a89
,,xcodeeval_code_translation,1.4,0.0,2,0,3,1.5028113540754866,339,d2282e072300044aacb9d4f8c664305e
0.5536074907324587,0.8836527913808823,xcodeeval_code_translation,19.6,23.60318213701248,22,2,18,2.095383109860105,414,c2399d1f0ab3033d9ab608c13f8786e4
,,xcodeeval_code_translation,25.4,0.0,25,0,25,1.9541048169063637,203,ba2506d0eee6d0558a2e55d42a0298b7
0.19105744107488404,2.297951400279999,xcodeeval_code_translation,22.799999999999997,7.1835989356040955,29,2,24,2.212187775253833,218,02664a6a5941f0476f17bc9062c5e766
0.279407173123092,0.051495131415625416,xcodeeval_code_translation,62.39999999999999,3.7919536493718624,65,3,59,2.1794257819668004,586,e2767a066dc65f63df60fa7ecb4baf60
,,xcodeeval_code_translation,9.399999999999999,0.0,10,0,9,2.403715859095257,76,02903a68fbebdd117f779ac36a3f3c3b
0.38670964282533227,0.7072309115435929,xcodeeval_code_translation,89.79999999999998,10.083396176248788,96,5,74,1.9637724726457753,650,e3245c29bc0d78356b770f14911a65a5
,,xcodeeval_code_translation,49.39999999999999,0.0,41,0,38,1.5142446797423657,584,3431a34341f3e3a7b24ad7cebf99a9c7
,,xcodeeval_code_translation,22.599999999999998,0.0,17,0,17,2.6622285036858653,120,cebd3437e28d42516718358d25a2576c
,,xcodeeval_code_translation,5.0,0.0,5,0,6,4.804554234351483,56,3739ff920cd62a462ba90789b50453ff
0.0,7.178250789642334,xcodeeval_code_translation,17.6,32.26810324192047,15,1,15,1.9651136426777323,117,dd3766ac6147e55ca517fba622aba361
0.38355441859849393,1.2408865094184875,xcodeeval_code_translation,41.0,14.846309691853822,42,5,41,2.053261992320475,475,4109f2b958132d632c3062cbdaf4de4f
0.26214341656346773,1.8501332998275757,xcodeeval_code_translation,45.8,16.404935028403997,43,3,38,2.3012326679840847,319,d4650e0a640a1a8d8f8c54567b11ef8b
,,xcodeeval_code_translation,27.0,0.0,18,0,19,1.8306794327642788,167,a4665e9d10b3055eda90d4057883c127
,,xcodeeval_code_translation,8.4,0.0,9,0,10,2.720085317849664,86,4713b444e12661e23d68e9de7dfc9f06
0.6932030382073452,1.0456536759932835,xcodeeval_code_translation,22.799999999999997,20.338824975614745,24,3,18,1.7043772467483476,340,4731eb4df4bf98f0d46638ba253718c8
,,xcodeeval_code_translation,7.8,0.0,7,0,8,2.936242794801523,55,4737ecb3e13f71ecce2eade6f86c4167
0.06562428408117378,6.24578332901001,xcodeeval_code_translation,23.199999999999996,17.481924563646317,23,1,24,3.2693758499420538,172,e4963bcdd8ee4250457549bcc6654b9c
,,xcodeeval_code_translation,21.799999999999997,0.0,29,0,23,1.8348622939952899,208,f5129b689ceb1e48f2f66e68838ec6a9
0.05629062360918419,7.134758949279785,xcodeeval_code_translation,38.8,36.83150924742222,30,1,27,1.777253497223546,293,5167e57729cd9da0c07de532c4c2d9eb
,,xcodeeval_code_translation,45.8,0.0,58,0,40,1.4645539697291172,768,5194bdba514c1e040cc6134264004982
,,xcodeeval_code_translation,2.5999999999999996,0.0,3,0,4,2.9772590638656333,55,a5245d44518c09c79fd745204b5605b1
0.0374913441885489,1.3879960775375366,xcodeeval_code_translation,23.6,13.865929171442986,24,1,21,2.8940405426915565,181,5372a1018e63bb4b3676f4999fb49cf0
,,xcodeeval_code_translation,11.799999999999999,0.0,13,0,14,2.2145048239731935,131,cedc06029dd6b81ad05fe4df3e8007f7
,,xcodeeval_code_translation,20.0,0.0,17,0,18,2.9059058607128345,159,6078f4eee45066f993b9b89473efa371
,,xcodeeval_code_translation,14.799999999999999,0.0,22,0,17,3.0833324166762583,153,6725ff8a048b6cf041ad691bea220b2a
,,xcodeeval_code_translation,21.799999999999997,0.0,23,0,22,2.34542240820154,222,6759bfa67ce802d84848db188c827432
,,xcodeeval_code_translation,5.0,0.0,5,0,6,4.187036754158548,81,6852f035c129228f14581a7d946dc66f
0.15100126907672154,0.9500311613082886,xcodeeval_code_translation,16.0,2.355937165208161,22,1,19,2.5621556109698784,166,bc6964eaf5b35db30175aad42382eeb5
,,xcodeeval_code_translation,24.799999999999997,0.0,17,0,18,3.0331547853320613,149,aa7045bfd1bcc038516c12641bac9029
,,xcodeeval_code_translation,14.600000000000001,0.0,14,0,14,2.7054952285951037,119,ddf7238bb15ce3de36899766b3bb2b43
,,xcodeeval_code_translation,1.4,0.0,2,0,3,8.38840205857206,22,7985cd111a09c43263d1b9bb01ef889f
,,xcodeeval_code_translation,47.199999999999996,0.0,40,0,38,1.909831866383274,319,8105c3dfd8ed8ec6c97ab023cb9ada88
0.6482184574436417,0.040002737659960985,xcodeeval_code_translation,24.4,7.896053088828921,29,4,23,1.9980348417008813,201,8176b716a1ee227c4541ed9ebfeba1a2
,,xcodeeval_code_translation,7.4,0.0,9,0,8,1.9145314430586569,119,8317afee580017416322bceb8521c599
0.45633905015314336,0.19600618071854115,xcodeeval_code_translation,23.6,8.518994258716702,30,4,21,2.184801626877205,210,8675b3d2759e443bcabdfece0b4bfe38
,,xcodeeval_code_translation,8.0,0.0,10,0,9,3.5582544746727316,61,8800e5d4950213f69c83efa45ec08763
,,xcodeeval_code_translation,3.8,0.0,5,0,6,5.453368823944822,27,8923aadc04eae99fd17c77525e21a8f5
0.0,7.178250312805176,xcodeeval_code_translation,6.3999999999999995,0.0,8,1,9,3.213801197170608,60,a8948af3c3c7de013b8967401d375eb2
,,xcodeeval_code_translation,5.8,0.0,5,0,6,2.360186734122515,35,9628e646abca87fd8adab181ed93f9f4
0.25801970962844467,3.620182514190674,xcodeeval_code_translation,14.0,81.1456010453403,13,1,13,2.0381008438923818,135,9656f64464844ce39a26eee81633c2d8
0.11363521562414367,5.779350817203522,xcodeeval_code_translation,23.599999999999998,13.801282372325659,23,2,20,2.4490782231397064,201,9724fa72676d570aa4dfe5d950843349
,,xcodeeval_code_translation,6.199999999999999,0.0,6,0,7,3.4843240587070357,42,9755f849269ff5bb60d9d901fc8e89fd
0.07778598270715051,1.9116014242172241,xcodeeval_code_translation,39.599999999999994,58.5594369340688,31,1,30,2.2285407370955292,244,d9964e2f080448fea5e63b137474ffa1
,,xcodeeval_code_translation,15.399999999999999,0.0,13,0,13,2.1529948279585307,127,cfddd11442e72bb128aca516191e12be
0.20824206606210474,1.3197232484817505,xcodeeval_code_translation,24.799999999999997,27.93135643005371,21,1,21,2.141517031915526,183,012903f9ec9fff34f1b6836f440556a7
,,xcodeeval_code_translation,3.8,0.0,4,0,5,4.40366142687672,85,d13597de962f57e4aa28ef1b0eaafd64
,,xcodeeval_code_translation,38.39999999999999,0.0,33,0,31,2.2727526743407074,224,a16212a8ee7ecf65b5955c0a7f0b2455
0.012027409809984213,0.454715371131897,xcodeeval_code_translation,129.39999999999998,507.4041813701624,69,1,62,2.2339217188365357,944,24064b012331e7ff157177a4e7127d72
,,xcodeeval_code_translation,31.0,0.0,24,0,22,2.069818329316161,183,24257f0e1b18a29352d81b1dec9c7551
,,xcodeeval_code_translation,21.2,0.0,17,0,18,3.2377705641351997,107,fe26456ae3105f8652e100359ffabc37
0.0,7.178250789642334,xcodeeval_code_translation,20.2,25.223182059824467,19,1,18,1.9923587174386763,133,34016aabb28a8d2ed8ec0c27a939464c
,,xcodeeval_code_translation,25.4,0.0,42,0,23,1.4285561986325868,425,a35808de45cc5f8bc02c3c843f0cdfd5
,,xcodeeval_code_translation,3.8,0.0,5,0,6,3.8137922500053536,69,c38899e593c8c630929a64286fb37eef
,,xcodeeval_code_translation,21.4,0.0,17,0,18,2.199737869583259,123,d39540c42d75b8e44f02e04c65414ae4
0.0004550784601476686,7.178250789642334,xcodeeval_code_translation,18.0,21.86525097489357,21,1,22,2.7014893177473804,157,40326a1fa3bd7da93c39814a2334cc6a
,,xcodeeval_code_translation,9.0,0.0,7,0,8,2.8401957388135344,63,45310f5bdb2baa1db9a8880b32196f7f
,,xcodeeval_code_translation,2.5999999999999996,0.0,8,0,9,6.14228013938928,44,45780acd745424decbb3bacdc7723407
,,xcodeeval_code_translation,15.0,0.0,15,0,13,2.187228816540954,131,f50525c28ad278cd13f07534e74b3452
0.06306308576566577,1.2745014429092407,xcodeeval_code_translation,50.2,46.44358207285404,55,1,50,2.377050754726367,413,ecf52408ae8f238e9d6ce096ed0f2ca0
0.05946417170439343,4.019364893436432,xcodeeval_code_translation,21.599999999999998,16.421152107417583,20,2,19,2.2251855595508134,175,53480d2ceba43d3c89f4d087097b89e1
0.21851797713565507,1.2956230640411377,xcodeeval_code_translation,19.4,3.6974949073046446,23,2,21,3.0206777854280933,162,dda54627a3af5b7d9e4da9aa0ffaa8df
0.0001026266217592474,7.178250312805176,xcodeeval_code_translation,25.0,32.879992350935936,18,1,19,2.1497979942760477,207,58914aad81a3e497b69c35c3965a833e
,,xcodeeval_code_translation,6.999999999999999,0.0,8,0,9,3.122856181665406,46,64380ab276623090b770a26f9351a336
,,xcodeeval_code_translation,10.399999999999999,0.0,17,0,16,2.890881932711845,110,71037e030523be978284a76cf8faf135
0.13007579404217762,5.141970694065094,xcodeeval_code_translation,52.4,49.165256581269205,41,2,37,1.7080111017115462,578,cd74629ef48d2bdd2c7656dade9448d4
,,xcodeeval_code_translation,6.199999999999999,0.0,6,0,7,3.72385766662204,105,80059a83872f472643620dde67a6567b
2.2467782581886486,0.5742470373709997,xcodeeval_code_translation,59.0,3.0602632761001587,72,3,54,1.6719497821400449,682,81635c25f233d31258b831312c4d2c50
,,xcodeeval_code_translation,6.6,0.0,8,0,8,2.2671382718611266,92,82396fe414f2eb1ab06908f9d82640c2
,,xcodeeval_code_translation,13.399999999999999,0.0,12,0,13,2.558637802807985,256,84861d5e06e3a989356756414e0a1315
0.0,7.178250789642334,xcodeeval_code_translation,14.799999999999999,52.76700031757355,13,1,13,2.5132449824943475,119,085863d5f4bc6028b98959b57d3b12ee
,,xcodeeval_code_translation,21.799999999999997,0.0,20,0,20,2.944185832407253,188,ef90748cb8f7890749f4532e24fd2a02
0.059328584906920286,4.162618637084961,xcodeeval_code_translation,28.999999999999996,39.90282353386283,26,2,26,2.289123096224063,256,97233a90cfb4c4959eecbe5f2c8d6778
,,xcodeeval_code_translation,9.2,0.0,11,0,12,2.4828646038054365,82,99218d9d2de1f2b818c717731b9c9657
,,xcodeeval_code_translation,32.8,0.0,31,0,24,2.0547302034315056,185,118281fe35616e4fa6dca2b6f76ee6e6
,,xcodeeval_code_translation,27.799999999999997,0.0,19,0,20,2.6010374381729178,187,137849bddc4b7f276a15214fb19541b7
,,xcodeeval_code_translation,8.6,0.0,7,0,8,3.7535005648817874,46,193759ed065ac5ad263fe5acf2fc8fee
,,xcodeeval_code_translation,9.0,0.0,8,0,9,3.130093420197516,73,deb197856baeea47d90d7c3c1cf054b6
,,xcodeeval_code_translation,16.0,0.0,17,0,18,3.2531799922650144,113,217529ddc9dd38961a8588febf151793
,,xcodeeval_code_translation,23.6,0.0,19,0,20,2.9853987399942374,193,267078b17a8b82f2c60f86cd246fb705
0.0,7.178250312805176,xcodeeval_code_translation,22.2,46.21834568306804,22,1,19,1.8510387902066878,188,284841d6397e5efbea887bd07521e0fe
,,xcodeeval_code_translation,13.599999999999998,0.0,13,0,12,1.7650842925373351,106,322079e1665bb026d21553c5a0e4027c
0.21829081292304656,3.6013402938842773,xcodeeval_code_translation,20.799999999999997,47.095718652009964,19,1,16,2.776812260750003,119,fa382824a94cd104da08dd8872361aea
,,xcodeeval_code_translation,22.799999999999997,0.0,23,0,18,2.1044110912909524,173,488819d35b104a525d421ce5067a1dc9
-0.0001474415552557299,7.178250312805176,xcodeeval_code_translation,60.39999999999999,5.898540407419205,72,1,58,1.7628390182287368,602,bc512265f43eabb27a9ae654f6859509
,,xcodeeval_code_translation,25.199999999999996,0.0,21,0,19,2.0642044732726905,144,a714756fcc305bf5f48f90b08867040c
,,xcodeeval_code_translation,3.8,0.0,6,0,7,7.331729853813768,42,720629dd119c54ce49be68217d4b455f
,,xcodeeval_code_translation,12.399999999999999,0.0,11,0,12,3.108520641826582,75,be811690fc5ff754d448eee177d541b2
,,xcodeeval_code_translation,20.0,0.0,15,0,16,2.475637543730401,127,822882d52976b970750cca1390e7f4df
,,xcodeeval_code_translation,3.8,0.0,5,0,6,5.978293146363592,40,f859632d746d41ffe19623b6a4013c40
,,xcodeeval_code_translation,13.399999999999999,0.0,10,0,10,2.6349940289852896,103,880733a7f0091e70458c8874ce8349da
0.45359311128638585,0.0551549814020594,xcodeeval_code_translation,38.599999999999994,8.182728270534426,38,3,29,1.616251446182328,476,931646a505cb1b192a15fef50104b519
,,xcodeeval_code_translation,8.4,0.0,11,0,8,2.061998810521319,85,4674735dc3a6e2b3ee04716a42159aae
,,xcodeeval_code_translation,9.0,0.0,7,0,8,2.279147420199987,60,cb4820305a7ab90d89817aca757201ad
0.00027803821242688336,7.178250789642334,xcodeeval_code_translation,16.2,11.401890262961388,14,1,15,2.350704685869533,141,5775791c3436aa1ea2ea8fbb631f4f7f
,,xcodeeval_code_translation,105.79999999999998,0.0,73,0,71,1.837945633704578,1094,acb5791990a5f5a7d80d8c56d19e3ab1
0.13571462150308058,1.2272878885269165,xcodeeval_code_translation,22.599999999999998,18.968193985521793,22,1,20,1.9537956091431175,215,6988541b76b7480bb5454a4a99a8eb7c
,,xcodeeval_code_translation,8.0,0.0,7,0,8,2.8128062159561535,64,c7266053f2cde2a21f9fccacbbe7c3e9
,,xcodeeval_code_translation,6.999999999999999,0.0,6,0,7,3.621366533229288,56,e7473071ceb253f02961d10696eeefe5
0.12923709360874924,2.031526803970337,xcodeeval_code_translation,32.0,51.41520016267896,33,1,33,2.0605893035100378,221,d8891450cf0387e2263ebc1da9eda2c1
0.31484867268375283,2.5788909196853638,xcodeeval_code_translation,50.8,15.149369668215513,55,4,50,2.841060091387872,350,9148062c140a4c435153fd751aa205f4
0.4899393683299422,5.031442403793335,xcodeeval_code_translation,31.2,10.395543057471514,39,2,36,3.0019456460168508,257,9533811eed05a6177d907b216fec3f8b
,,xcodeeval_code_translation,27.199999999999996,0.0,22,0,22,2.1683016800573487,182,9558081b1bbf5832e8c3ee4040435aa1
,,xcodeeval_code_translation,1.4,0.0,2,0,3,8.614789226461141,22,e26542487de9a5d01d2729ace9cfd3d0
,,xcodeeval_code_translation,2.5999999999999996,0.0,3,0,4,6.927526199837817,79,d48956348fa677078f8d555e47b644d6
,,xcodeeval_code_translation,21.799999999999997,0.0,18,0,18,2.295270133119388,155,f56703740c056b211d6138baa0f20970
0.29593104922541363,4.3144450187683105,xcodeeval_code_translation,28.6,7.8562577068805695,31,2,28,2.424124858656964,289,67064532a306a1ba0bdb00a1b9a8a1a8
,,xcodeeval_code_translation,10.399999999999999,0.0,11,0,10,2.2379037820366605,160,68049747e245520f31423f52da446679
,,xcodeeval_code_translation,18.6,0.0,21,0,22,2.659551274010829,120,77593031c1f5e3857ffc101a58a71f64
,,xcodeeval_code_translation,15.799999999999999,0.0,19,0,19,3.922847821596407,135,baa99773321c750da3054ed6469efb4a
0.00017364474854642345,7.178250312805176,xcodeeval_code_translation,33.199999999999996,12.303170695900917,25,1,23,1.7602299172229314,182,c191982331fbbea8cff2cc4b44f08e82
,,xcodeeval_code_translation,8.2,0.0,7,0,8,4.602088229028174,74,b465475661f662bdff55453b223014d8
,,xcodeeval_code_translation,27.199999999999996,0.0,21,0,22,1.8199818577541065,309,a495965089dd4fb774b422da5460af12
,,xcodeeval_code_translation,0.19999999999999996,0.0,1,0,2,5.0336968457592475,27,ac526440778d15610c2ec12d8598de00
0.15331667043685324,1.9356244802474976,xcodeeval_code_translation,19.799999999999997,7.504314124584198,21,1,19,2.2698493880718615,201,680230096a69db1935fcd882454c8017
0.023905115404084104,6.541269779205322,xcodeeval_code_translation,16.6,17.307126842439175,17,1,14,2.553618723088387,111,f823797306bf57ad7a6030434fb52e6c
,,xcodeeval_code_translation,51.599999999999994,0.0,44,0,42,2.176819269909078,335,b852220675f83267bfbcbcb6c3ce921f
,,xcodeeval_code_translation,11.2,0.0,8,0,9,2.122148733253932,160,ba4310479132c4edb730f5581ca6ef32
,,xcodeeval_code_translation,2.5999999999999996,0.0,3,0,4,12.903515846023854,33,da9127508071bd48646ab63da9797905
,,xcodeeval_code_translation,6.799999999999999,0.0,9,0,10,2.708451330706768,58,15717973364af78cc5fde6c17e2e646d
0.10694927481967395,2.7791202068328857,xcodeeval_code_translation,25.0,19.820270121097565,30,1,25,2.5481195970231165,193,7016013332450cb9183c2c2c0c443929
,,xcodeeval_code_translation,21.799999999999997,0.0,27,0,26,2.5250326225303654,291,c6568677905818662f509756d674ebc5
,,xcodeeval_simplified-top50_apr,65.0,0.0,87,0,42,1.297532516997731,942,0cb83a2555716028834a6f3f2c4939fd
0.4830000669539364,0.5767129138112068,xcodeeval_simplified-top50_apr,47.39999999999999,5.037176032084972,50,4,41,1.7108018291487666,488,1a0dace4675eb7d5f4a21814c0c6c1df
0.6745532832523208,0.46714604645967484,xcodeeval_simplified-top50_apr,39.8,4.377150384088357,59,6,35,1.5666869507260592,495,1e3221574a20015050613f558d86432e
0.2834490401452402,0.10862462967634201,xcodeeval_simplified-top50_apr,45.4,50.4845003252849,40,1,37,1.9005969297450505,491,1c8ad28d9cf0492cc51ab32821f5eb78
0.44008269493735436,0.21038109945190323,xcodeeval_simplified-top50_apr,112.0,4.810276829620956,211,24,93,1.3964748004175516,1723,02cbfd35328b260c8996cec42b25e1d6
,,xcodeeval_simplified-top50_apr,60.0,0.0,48,0,41,2.077657910977409,388,aaf2fba1a77f6f9c7742f86a206003a9
0.5659563794306924,0.2699493425233023,xcodeeval_simplified-top50_apr,114.39999999999999,13.547260565683246,126,7,90,1.8120869101690782,994,b2bf3f1b0eaefeddafad22029237a6f0
,,xcodeeval_simplified-top50_apr,46.0,0.0,39,0,34,2.141864119929859,450,3bbb9d4a866e7502b6f77c0a77560a23
0.5436218749261659,0.21353965322809512,xcodeeval_simplified-top50_apr,81.39999999999999,2.409466412450355,137,11,62,1.3692113258576233,1173,3b5c205e1bba9f1efa57101bdf7bee17
0.33427868845635356,1.2714549899101257,xcodeeval_simplified-top50_apr,46.8,12.568493839353323,49,2,37,1.7709467737261042,374,4b2c5878c3c228ed67cc0e4c4b804eac
1.528238925825933e-06,7.178250312805176,xcodeeval_simplified-top50_apr,70.8,135.79247512295842,60,1,51,1.832321917600966,495,4dfbdce093c5b431e0b8e1c8bcfcc3c1
0.27668715569164365,0.2472307471689419,xcodeeval_simplified-top50_apr,103.79999999999998,14.455077076051385,116,8,82,1.745936593880234,1267,5ec03f9fa4d2ff08e70b7eec415dd92d
0.26713544414749113,0.37085384130477905,xcodeeval_simplified-top50_apr,57.0,4.846330888569355,48,1,46,2.3706471012171186,470,b5ea850ffc5fca39d01d6d4f871c4c24
,,xcodeeval_simplified-top50_apr,50.599999999999994,0.0,43,0,31,1.858753864034493,293,6d4eb9e26a39eb62a137b8fa5e9a5c56
0.5163440730728547,0.3964919179677963,xcodeeval_simplified-top50_apr,80.6,9.749342249752953,94,10,68,2.2293210994675143,614,6c3b149ab78bea6b5f2db1b7b639cbaa
0.3641459610274917,4.669277191162109,xcodeeval_simplified-top50_apr,107.19999999999999,27.697340857237577,68,1,59,1.8476737271459982,736,dd6d9005f2f1070a64443153fad62e6f
0.6151107878790881,0.5675950894753138,xcodeeval_simplified-top50_apr,75.4,36.21022144984454,67,3,58,1.9177005661192097,561,7a695f4d491f7f9c0f7537a78dcde45e
0.2538857706670227,0.30523407459259033,xcodeeval_simplified-top50_apr,62.199999999999996,42.26737559478109,49,3,43,1.8625898559431302,350,c7f9272f108b3c75e01bdd2289887786
0.3144152439799051,0.21029627323150635,xcodeeval_simplified-top50_apr,67.19999999999999,57.23168479395099,52,2,48,2.020404243945542,457,b7a77da71b8a358788ff83f3bd2493d2
0.34683272381284824,0.03702157022204725,xcodeeval_simplified-top50_apr,90.19999999999999,5.0896668200875865,111,6,58,1.4110371275350384,1142,f7b61130c5657a152329987c837cc95c
0.17746849156810143,0.5582909435033798,xcodeeval_simplified-top50_apr,61.599999999999994,70.25401441194117,57,2,43,1.9020946153963343,489,f07aeead401c530534d0eb40a99f09f5
0.24054819733013305,0.32196182012557983,xcodeeval_simplified-top50_apr,58.199999999999996,2.8277709586545825,50,2,43,2.0773529206741466,544,08ed82de1b7607b793f2d4dc16f2ebf0
0.1396679901576183,0.19950038194656372,xcodeeval_simplified-top50_apr,107.19999999999999,23.73987277294509,124,2,87,1.461988638939691,1194,d8fa83ab4bfe2d9dd2476702e0bbb6a4
0.3014972413542144,0.3887876197695732,xcodeeval_simplified-top50_apr,52.199999999999996,14.959043132141232,54,3,40,1.7395526676560336,422,9fda7f3dab2ded9b89f21d19d154cdfb
0.06022789080604307,0.32019466161727905,xcodeeval_simplified-top50_apr,51.0,106.62282642256469,40,1,35,1.769888135048634,395,9ed5fd39588ba4c0538789c081eba6e7
0.43504749364647033,0.105947857350111,xcodeeval_simplified-top50_apr,136.2,5.105892841393749,205,25,108,1.6508880055777935,1441,9ae00e2aa29b7f8c226bf6e5da311964
0.3042403129524083,2.5722874999046326,xcodeeval_simplified-top50_apr,51.0,31.499625040839117,45,3,38,2.137587680300865,362,b9cb2fa7ae11d8d5d94f7dd1282cf99a
0.29688845059854296,0.8848924376028923,xcodeeval_simplified-top50_apr,70.4,16.14866516882709,91,7,55,1.6197940410937504,903,be9d3ae8bb18671f4c1adf929f96a320
0.24101122286213666,1.573220466574033,xcodeeval_simplified-top50_apr,97.79999999999998,9.968812231905758,85,6,61,1.7685042026587414,998,17f0b3b085d51cdd07f9a9b985e4e63f
0.03630561580987062,0.6132383346557617,xcodeeval_simplified-top50_apr,47.199999999999996,113.98584236763418,42,1,35,1.6457183206028747,453,18bc1102ecab03ef5fa7fbe057d3f745
0.1579955340299905,1.8544113155868318,xcodeeval_simplified-top50_apr,143.79999999999998,22.64362224424258,137,9,95,1.5792303225683202,1427,d31d8a992a9b0c6180db36bbbf20cece
,,xcodeeval_simplified-top50_apr,75.19999999999999,0.0,57,0,50,1.530546918974112,826,53dbf5b6d93b1642e82c5577803579e7
0.11000238180354992,0.5563646852970123,xcodeeval_simplified-top50_apr,61.599999999999994,100.18200799729675,50,2,39,1.6768096772721113,503,53ce28a9aab1f9c8012536a49368320e
0.23367405531773563,0.8364253826439381,xcodeeval_simplified-top50_apr,89.19999999999999,21.41912880912423,75,4,65,2.2931605023789925,762,b55a521e32699cea4aefbfe6de9d4641
0.08500628872810485,2.407953455888977,xcodeeval_simplified-top50_apr,51.599999999999994,29.14301139387923,97,3,41,1.3688981220075338,1034,64ad7db08d34ba6a08a8e34829c14025
0.1251127753842489,0.571930319070816,xcodeeval_simplified-top50_apr,66.6,34.129167353734374,59,2,49,1.9760752944974502,461,75af54307e1fe0433eb887e3b3a418a2
0.3820084109761458,1.0325582325458527,xcodeeval_simplified-top50_apr,60.4,28.403780344408005,64,4,47,1.8358120724120441,494,abf81eda3f5cd03d20d6b5f92e28d8b8
0.1101582415827093,1.983908474445343,xcodeeval_simplified-top50_apr,137.2,31.348542877705768,123,2,84,1.423546943423043,1272,d84a554abbf4c7048ac55d535f3c768a
1.2198830038192683,0.10024950156609218,xcodeeval_simplified-top50_apr,59.99999999999999,1.030559281508128,64,3,45,1.5976939389513716,574,93f39bb270dd9dcd4c19d09094c62603
0.18924787028704604,2.390513852238655,xcodeeval_simplified-top50_apr,63.599999999999994,19.09470050712116,65,4,48,1.6724088197029903,612,ae318fa9ed75fe4d8111b446821ce642
0.0,7.178250312805176,xcodeeval_simplified-top50_apr,77.39999999999999,191.79940750449896,55,1,52,1.7336371397142896,888,383d610c3301f84eb5b6455282b05865
0.3481719766686607,0.3363072027762731,xcodeeval_simplified-top50_apr,65.2,8.87622900803884,61,3,50,1.6456431507834228,633,505f02d1d9192fea9cd936dc618c9b9f
0.33301373293624476,0.05571538219228387,xcodeeval_simplified-top50_apr,68.6,8.898314512055368,70,5,48,1.393251446053702,708,539c6b44fb15b4b829df54abc62b3fa2
1.1065982736071345,0.3379371302823226,xcodeeval_simplified-top50_apr,54.39999999999999,1.5700834915041924,59,6,48,2.498478871683012,464,ceb699d3bf7e1af97d6e43ec5f0d3891
0.4805877909563384,0.1862469706684351,xcodeeval_simplified-top50_apr,52.8,5.777371103875339,55,2,42,1.654642554926232,473,0896ae2a0f8e23ff8fd7e98a48a88478
0.37634197492626925,0.49218004528019166,xcodeeval_simplified-top50_apr,62.599999999999994,7.355751829966903,73,9,51,1.9650597578063496,599,fbc987ae303104ef45291e4e2f637541
,,xcodeeval_simplified-top50_apr,78.79999999999998,0.0,55,0,41,1.693013533447807,506,2117fbe005bec948baefc58383f2b162
0.18268580554667327,0.13499288819730282,xcodeeval_simplified-top50_apr,71.39999999999999,35.24342605751008,64,2,52,1.7141388459038804,642,3767c338ddf1520462d7c603b61a9c9c
,,xcodeeval_simplified-top50_apr,59.8,0.0,43,0,38,1.5966922931715324,515,04722af43024fceb9223708fb1a58218
0.29748821748552545,0.5417982146143914,xcodeeval_simplified-top50_apr,104.8,23.4928366527427,128,5,72,1.524455228729534,1521,7074c54af519d74f7e19d174ad8dcee1
0.22668052967672017,0.33081906009465456,xcodeeval_simplified-top50_apr,55.0,12.1738426592201,53,4,42,2.053171008748833,439,f9318a0cf62a5ddf7e3fae4e1bcf103d
0.28175543710610573,2.7599843541781106,xcodeeval_simplified-top50_apr,38.0,17.720298826073606,38,3,31,2.0890999538130033,303,ad9747c6ab9852cbbf0a3acb3d8c8e1e
0.0,7.178250312805176,xcodeeval_simplified-top50_apr,94.6,172.80602726060897,92,1,64,1.5336534136508995,1009,34201c4b3f2948fba8ad2cc2c7f23c2b
0.451564923424552,0.06172412624790821,xcodeeval_simplified-top50_apr,79.6,1.6915533437308372,119,9,56,1.4117254740780092,1028,d43243e027ea408da56e0e96c712d637
0.1441931414372114,1.1914122998714447,xcodeeval_simplified-top50_apr,54.0,47.002812632359564,39,2,36,2.2881223688148893,376,b334651cd3d5771f6ffe03b2ef3b25ce
0.3341161898707558,0.24620679303188808,xcodeeval_simplified-top50_apr,83.4,13.257813414605334,101,8,67,1.5719302628963285,1061,3612891f5f829897ce42fb1be61ccc3a
0.48944561843016726,0.36997346580028534,xcodeeval_simplified-top50_apr,74.0,5.279087613802403,74,4,58,1.5374905820717344,772,0147973776fcfedad00743eae08fcef9
0.11603105650216773,0.36792846769094467,xcodeeval_simplified-top50_apr,51.599999999999994,17.472148817032576,51,2,45,2.2197223966657913,558,420482792a94aecf98126700f79013b4
0.06211760406315859,8.392915725708008,xcodeeval_simplified-top50_code_translation,28.799999999999997,23.05280566215515,24,1,22,2.027879421163069,160,0c99e00c440eb84e6aef6d18e977b6ce
0.3509913030830729,5.58333420753479,xcodeeval_simplified-top50_code_translation,45.599999999999994,9.42269341647625,55,2,35,1.365834618828297,790,0ac60ed75da30c0bc6d4c23185bd19ec
,,xcodeeval_simplified-top50_code_translation,40.0,0.0,34,0,30,2.087350929180871,350,c0dd0a79eb63974a05de422f1526913d
,,xcodeeval_simplified-top50_code_translation,18.799999999999997,0.0,16,0,14,2.291186396499941,143,e0d3b5602a8120e061e3f0f32a21b8b2
0.07138772721130711,5.962555408477783,xcodeeval_simplified-top50_code_translation,42.4,9.32748493552208,33,1,29,2.0607755972872215,243,f0fcfe45ab60a87cc69c58238edf724a
0.08796413907643978,6.083794991175334,xcodeeval_simplified-top50_code_translation,42.0,26.87003697703282,31,3,32,2.273951139787036,275,1cbe48cdca5ba76721d4ddeed42e8a9b
,,xcodeeval_simplified-top50_code_translation,18.6,0.0,16,0,14,2.2450895435673646,122,1ffd6dc415dbce46637c4ab1cece2230
,,xcodeeval_simplified-top50_code_translation,39.0,0.0,42,0,28,1.3964928110043318,492,1ffd32a907dd7cfa3cd6c04642a7850b
0.11050670465802291,6.082150220870972,xcodeeval_simplified-top50_code_translation,38.0,30.25141135416925,31,2,28,2.3043059849804663,272,f1c5f5d2610b54c0dcb2446b6cd08764
0.05244667816805304,7.078287601470947,xcodeeval_simplified-top50_code_translation,47.99999999999999,8.452195838093758,37,1,32,2.0550627177786853,322,02d409b028d49b8cddd78ad304f1d53d
0.15230261681862095,6.830362796783447,xcodeeval_simplified-top50_code_translation,29.799999999999997,27.93091687373817,23,2,23,2.0854814863489057,241,2dd963f592f95d7eedd74446e9652f5e
,,xcodeeval_simplified-top50_code_translation,33.0,0.0,25,0,24,1.7310117133405702,298,df2fe4eb4187b3bbd472b9ab1a676a70
0.2023321455105122,5.448558330535889,xcodeeval_simplified-top50_code_translation,23.2,22.346883930265903,19,3,19,2.316856521148872,183,3da7c97257365b92f2e3c1681932df61
0.17206251614082319,4.122498194376628,xcodeeval_simplified-top50_code_translation,32.4,18.122267021487158,27,3,24,1.7694364126628417,231,3d4ab78f15cb725f09601b7bef5d2274
,,xcodeeval_simplified-top50_code_translation,23.799999999999997,0.0,22,0,18,1.8016811092901441,204,fdfacab3a62630ec4fa28ca77a3dc5cd
,,xcodeeval_simplified-top50_code_translation,24.0,0.0,26,0,20,1.738288932089688,259,04b4e54084b93151383897a73537c412
5.196200298338101e-05,7.178250312805176,xcodeeval_simplified-top50_code_translation,22.199999999999996,12.043295908719301,21,1,17,2.055745050317156,308,4a5950e17333189c0b580ffe9e0cf1ca
-0.009836735257396244,8.392915725708008,xcodeeval_simplified-top50_code_translation,33.6,52.511139057576656,26,1,26,2.3737034308937757,234,4b2e18a331e01e1ae120ac59b747c8ba
-0.002424408691015221,5.596704483032227,xcodeeval_simplified-top50_code_translation,26.799999999999997,14.021855045109987,24,1,22,2.24157185337815,360,a4fcd739a95a0a2d75114fb23e437a07
0.26826130804687953,0.6310977084717403,xcodeeval_simplified-top50_code_translation,246.2,27.56877801128264,205,15,158,1.809126403956611,1739,a4cb7276ee9d2d10d87c179a0d8518ac
,,xcodeeval_simplified-top50_code_translation,20.199999999999996,0.0,20,0,17,2.07598273332811,159,5ba2789985ca77388eac0021778b0a43
,,xcodeeval_simplified-top50_code_translation,131.39999999999998,0.0,68,0,55,1.6506406815002392,661,af05cd1432dd0d984bc69492a2cf3e82
0.26838813361698427,2.6051502227783203,xcodeeval_simplified-top50_code_translation,24.4,7.160677872598171,25,2,20,1.8697798809501223,257,c5f35180ef15a02ed6e393bfaf68100c
0.11277140606673527,6.471856594085693,xcodeeval_simplified-top50_code_translation,22.799999999999997,18.124704452231526,20,2,18,1.6416456099927343,270,f5c50c1c6c02d6dd29d047c94102d53b
,,xcodeeval_simplified-top50_code_translation,29.199999999999996,0.0,23,0,20,1.9926457560747233,169,6c28f4fc10f978740c9494cc04272c5d
0.11835363540442921,6.260199546813965,xcodeeval_simplified-top50_code_translation,26.2,17.77281253784895,21,2,21,2.3823510917222923,210,bafa6ba6d5198c3b5bd3194ce4a67de5
0.18020645346000996,8.461263656616211,xcodeeval_simplified-top50_code_translation,48.199999999999996,2.6219053268432617,35,1,35,1.9944961757800341,444,be6aaad6e636015260df5b99c668d7e8
0.14134454536624017,6.203993797302246,xcodeeval_simplified-top50_code_translation,21.2,6.5124430656433105,16,1,16,1.840518934820262,239,dae6d6e41bc2c3062a445566c056ffbf
0.3827021312550462,2.1050094763437905,xcodeeval_simplified-top50_code_translation,52.8,6.096393825020641,47,9,42,2.1055748632664093,483,ee6ea1fbc6bbb80269a7dee1b97d2100
,,xcodeeval_simplified-top50_code_translation,26.799999999999997,0.0,20,0,21,1.9233237347857142,206,07e110f85017a020f3a4d8689f76e32e
,,xcodeeval_simplified-top50_code_translation,30.599999999999998,0.0,24,0,24,2.244150012990775,228,7e3725a193502c909974a34c02996c0f
0.6595016655976113,2.636495530605316,xcodeeval_simplified-top50_code_translation,27.599999999999998,3.641647827811539,28,2,23,1.5742050848392362,397,7d29401e09cf2118834a4410f6a567d0
0.07806340006582842,5.856754541397095,xcodeeval_simplified-top50_code_translation,26.4,4.839106053113937,24,2,23,1.842516981085349,373,d7b5620c08a9a15c2ea79c6726c7a299
0.00840048162152253,8.5897216796875,xcodeeval_simplified-top50_code_translation,26.0,48.43173920735717,21,1,19,1.9174218023163998,191,ddcdf7cb77ada3407a741569bd1f2fb6
0.40120077254358866,4.185550610224406,xcodeeval_simplified-top50_code_translation,31.199999999999996,14.654260116318861,26,3,23,1.9622394631550006,312,8c71378df2d4f949f16b06a9f2677f92
0.6367447594297119,0.17613428831100464,xcodeeval_simplified-top50_code_translation,50.0,1.3922974169254303,43,2,40,1.836666338756648,458,8d6a8b7223fd746746262f8637bad705
1.9623009561643444e-05,7.178250312805176,xcodeeval_simplified-top50_code_translation,76.6,151.8332973252982,67,1,54,1.7469889070639697,596,8f87b7c9ea6cc2fc604332473d27783b
-1.5206759226752208e-05,7.178250312805176,xcodeeval_simplified-top50_code_translation,78.6,23.25988819077611,65,1,53,1.975916857619134,645,9cb3b1d773068be92c7d0d7ee78afa79
0.3495161221768605,1.7355443313717842,xcodeeval_simplified-top50_code_translation,89.0,9.428157325368375,72,6,61,1.5403975516212327,938,9d64b97a89ed6975b24992c1002821c9
0.193532369386547,2.0451109893620014,xcodeeval_simplified-top50_code_translation,77.0,36.22153154271655,63,4,51,1.8016322982007174,637,ac9a9f866695531244c58df97a767f95
2.3879114970830934e-05,7.178250312805176,xcodeeval_simplified-top50_code_translation,34.4,67.9901996999979,29,1,25,1.6791728474950562,256,f11f9d0c18311e4b39bb7e211ed5802f
,,xcodeeval_simplified-top50_code_translation,21.6,0.0,17,0,16,1.8359903811563314,181,e23d4a7f7ed661165d7436474f7c7eeb
,,xcodeeval_simplified-top50_code_translation,34.8,0.0,23,0,22,2.2388429637666905,179,25d456bc0686dd9ed325152a5fe4b41a
,,xcodeeval_simplified-top50_code_translation,33.4,0.0,42,0,29,1.773868533746442,437,26c6809c59601396f3aa49c23268240d
,,xcodeeval_simplified-top50_code_translation,86.19999999999999,0.0,72,0,54,1.5617435006432003,1109,31a7ec35764fc8b84fbb8ec5e08a4a88
0.16660548481753698,6.714901447296143,xcodeeval_simplified-top50_code_translation,21.199999999999996,33.935897424817085,17,1,17,2.1559145957603305,276,ba34a59bbadba467f7b850bb8d6c656d
0.017004058585321873,7.446823596954346,xcodeeval_simplified-top50_code_translation,32.4,47.14430345594883,51,1,23,1.25183939587869,683,35dd50b0c3b9fcfa7ffb7bcee7f864ad
0.0626089655073537,8.392915725708008,xcodeeval_simplified-top50_code_translation,32.8,3.4007768034934998,31,1,27,1.9651520554950768,383,039ff364b553b483d33c0a09a2b7aa8b
,,xcodeeval_simplified-top50_code_translation,22.599999999999998,0.0,20,0,18,1.770830302254542,214,41d53f8f4830f182da6aa21df5604e43
0.0001144079253711599,7.178250312805176,xcodeeval_simplified-top50_code_translation,23.2,5.787146672606468,20,1,19,2.041060429810205,191,b44f33d8273f9a0eb0be9a708427bbfd
0.11044585458241785,5.661775588989258,xcodeeval_simplified-top50_code_translation,25.599999999999998,13.944856822490692,32,1,20,1.3469169218053583,462,45e616896983753fce494c3763f78a63
0.48912386082299364,1.9490647252116884,xcodeeval_simplified-top50_code_translation,109.6,15.093329885601998,106,7,83,1.798710387327101,1037,52f8a5b3d9855149cdaad20eb09b3bfd
0.0,7.178250312805176,xcodeeval_simplified-top50_code_translation,28.4,39.40246520191431,24,1,23,2.575437184455124,283,b55dc5b34d55f7d7ca7226f31d700712
-0.00444725479906925,8.461263656616211,xcodeeval_simplified-top50_code_translation,59.199999999999996,97.72141214646399,37,1,36,1.8555704430486395,342,d55b00fff9e7ec22f5b7f7357032d8f4
,,xcodeeval_simplified-top50_code_translation,28.0,0.0,20,0,19,1.8364507055992578,180,56c6751974f82a6fee1a0feda9d9d845
-0.0005241637506211797,7.178250312805176,xcodeeval_simplified-top50_code_translation,19.0,4.239205360412598,15,1,16,2.1843100981091563,190,d56b8666e143e1c29d006069f64334ad
,,xcodeeval_simplified-top50_code_translation,26.799999999999997,0.0,21,0,20,2.4405685821467813,162,58b920eb30a830837436161f16bc95e6
0.09485938769752135,2.653102397918701,xcodeeval_simplified-top50_code_translation,36.39999999999999,30.22617481276393,35,1,27,1.5817654556711476,369,58ecb08bc4752f0c939380d770a533ae
0.1254440107568371,4.540991187095642,xcodeeval_simplified-top50_code_translation,85.8,35.8345452559491,61,3,58,2.047539927525993,653,58fd968dfe312006bd2119075d913dd6
,,xcodeeval_simplified-top50_code_translation,19.0,0.0,14,0,15,1.8600484583275072,170,60b53794abb605950e5cfe692b8416f5
-0.00022610554080136923,7.178250312805176,xcodeeval_simplified-top50_code_translation,40.39999999999999,0.47753995656967163,42,1,28,1.5494914638178978,647,dc62d529680f4fa1f071c9efbbd597d4
2.7478680583454848e-06,7.178250312805176,xcodeeval_simplified-top50_code_translation,80.6,202.63711321959272,55,1,54,1.7839294523423885,906,ae70f9154a77bcb542aa8112543ad3a2
,,xcodeeval_simplified-top50_code_translation,34.0,0.0,47,0,26,1.52473663771055,756,71c4e5ee34f9d2fe4641e6f37385b5ea
0.08598472872031125,6.108096599578857,xcodeeval_simplified-top50_code_translation,27.0,15.502462938427925,26,2,21,1.6576781871682815,220,c71d7447a0747a1ceb29819809adff91
,,xcodeeval_simplified-top50_code_translation,62.199999999999996,0.0,46,0,39,1.4322059887599348,569,c72c86724ab0f647cde1723ce1f08fe2
-0.00021375231230386386,7.178250312805176,xcodeeval_simplified-top50_code_translation,21.799999999999997,15.749404408037663,18,1,19,2.0495818139282926,310,e72e306d5707b9b0ce41a97578f39797
0.3378837652450714,3.3384265899658203,xcodeeval_simplified-top50_code_translation,35.0,23.89881618320942,29,1,27,2.379346903800249,281,79df8ec8e253920c8fbeb9535b0d9d1e
0.2018984464048117,5.081629753112793,xcodeeval_simplified-top50_code_translation,39.4,24.189456198364496,31,1,30,2.2725702912615655,290,eb80b09d9d445d4a33618f63c27671ee
0.5198315791135957,2.9885345697402954,xcodeeval_simplified-top50_code_translation,32.0,11.161564582958817,26,2,25,1.8793451607217404,380,83ef0f689d559c6114688cedb1bb0355
0.15044791187815862,2.669708867867788,xcodeeval_simplified-top50_code_translation,41.599999999999994,13.089699480682611,36,3,31,1.6136973990517207,492,83cecd52af6809cfa8a63d92620fb9b5
,,xcodeeval_simplified-top50_code_translation,30.4,0.0,25,0,24,2.0529804833620258,208,be86ffa4081fe10556146eaeaa8ccc6c
,,xcodeeval_simplified-top50_code_translation,48.0,0.0,33,0,33,1.7956036027451874,303,95f4934849f70c34caa633cc091f899d
,,xcodeeval_simplified-top50_code_translation,25.4,0.0,19,0,19,2.142080768674272,167,97a8d33b665c071da477ef3824bda21e
0.0,7.178250312805176,xcodeeval_simplified-top50_code_translation,95.6,234.3716617692262,69,1,50,1.628908418497065,715,287dea8398d5e1a97f03fc5914ca8133
0.4322110630333597,1.8907690445582073,xcodeeval_simplified-top50_code_translation,36.0,27.796585057862103,34,3,28,2.0952933857096063,278,d341aff596a8c42e9eabc8c51b598d9d
0.2200450456406645,5.257999897003174,xcodeeval_simplified-top50_code_translation,43.0,89.18117085611448,29,1,28,2.3822232282399214,332,353f10554b4be814f1a215802ec5a016
0.0,7.178250312805176,xcodeeval_simplified-top50_code_translation,19.2,66.40157237648964,15,1,16,2.057578084067575,204,0410d92602dba1106c848f2859f6324b
0.24789464063740282,5.518803596496582,xcodeeval_simplified-top50_code_translation,25.6,13.57864811271429,26,3,21,1.908719140199433,220,456aa2113a4810074ee8e12eac4f42f5
-5.929979359017527e-05,7.178250312805176,xcodeeval_simplified-top50_code_translation,39.4,82.46427205577493,30,1,29,1.9149065798973415,281,f523fa88725a35feb9b07051c9e654aa
0.08539522219216451,6.717185974121094,xcodeeval_simplified-top50_code_translation,23.4,4.421971991658211,18,1,18,2.3837928441314125,143,e652dd00a35c8dc5fc32cf0733b64622
0.0,7.178250312805176,xcodeeval_simplified-top50_code_translation,52.4,131.82670290395617,44,1,36,1.9467817315146696,496,af805ff642c1a193293b9f8d8fa57b15
-0.00026650425034428115,7.178250312805176,xcodeeval_simplified-top50_code_translation,13.0,53.709885742515326,13,1,12,2.158819330786287,170,da907f50aa62717837063c35cb5b18e6
0.5892320415460807,2.402192904148251,xcodeeval_simplified-top50_code_translation,31.599999999999998,7.127972052432597,33,4,24,1.50681307702738,463,960b1d8d81e310c1ac7c84ad8da3835c
0.21954410853645495,5.251440644264221,xcodeeval_simplified-top50_code_translation,24.2,9.686927024275064,21,2,19,1.7810994272963967,177,b1804fab5fca213fef024760ab105e1b
0.4556413168227485,3.6170740127563477,xcodeeval_simplified-top50_code_translation,29.199999999999996,22.988525569438934,34,2,23,1.6500375406768208,399,c2399d1f0ab3033d9ab608c13f8786e4
0.3636269018965738,3.124405026435852,xcodeeval_simplified-top50_code_translation,57.99999999999999,10.181040639430284,53,5,42,1.9360755342528875,453,e3245c29bc0d78356b770f14911a65a5
0.3374933305870405,2.8373536705970763,xcodeeval_simplified-top50_code_translation,41.0,22.298685817420484,30,5,30,1.696191297848223,421,4109f2b958132d632c3062cbdaf4de4f
0.24631325346272206,4.082566142082214,xcodeeval_simplified-top50_code_translation,36.0,14.256240170449018,32,3,27,2.1748419729576813,264,d4650e0a640a1a8d8f8c54567b11ef8b
,,xcodeeval_simplified-top50_code_translation,22.4,0.0,15,0,16,2.23764594064861,174,aa7045bfd1bcc038516c12641bac9029
,,xcodeeval_simplified-top50_code_translation,39.2,0.0,28,0,26,1.928378857702138,265,8105c3dfd8ed8ec6c97ab023cb9ada88
0.39608426331493507,2.8445621877908707,xcodeeval_simplified-top50_code_translation,19.2,6.943270903080702,17,4,16,2.3321478633287236,180,8675b3d2759e443bcabdfece0b4bfe38
0.02258900961079571,8.392915725708008,xcodeeval_simplified-top50_code_translation,35.199999999999996,52.20614739507437,23,1,22,2.0542494013114996,245,d9964e2f080448fea5e63b137474ffa1
0.014027201467675396,5.927073955535889,xcodeeval_simplified-top50_code_translation,86.39999999999998,260.7720669582486,46,1,45,2.153823628183469,617,24064b012331e7ff157177a4e7127d72
,,xcodeeval_simplified-top50_code_translation,24.599999999999998,0.0,31,0,20,1.50485563152654,344,a35808de45cc5f8bc02c3c843f0cdfd5
0.06100663871855851,2.0111379623413086,xcodeeval_simplified-top50_code_translation,41.599999999999994,46.54992052074522,33,1,30,2.3797943036189375,306,ecf52408ae8f238e9d6ce096ed0f2ca0
0.00016413431761688307,7.178250312805176,xcodeeval_simplified-top50_code_translation,48.599999999999994,6.879786342382431,47,1,38,1.7916960921036171,430,bc512265f43eabb27a9ae654f6859509
0.09584701570473125,5.027579307556152,xcodeeval_simplified-top50_code_translation,27.199999999999996,46.57224349491298,22,1,21,1.8866217334315567,203,d8891450cf0387e2263ebc1da9eda2c1
0.288682293211696,3.269223690032959,xcodeeval_simplified-top50_code_translation,31.2,9.835804052650928,25,4,24,2.5361363877477148,269,9148062c140a4c435153fd751aa205f4
0.0004748676888524525,7.178250789642334,xcodeeval_simplified-top50_code_translation,24.599999999999998,12.289173156023026,19,1,17,1.6880213721332766,148,c191982331fbbea8cff2cc4b44f08e82
,,xcodeeval_simplified_apr,37.4,0.0,34,0,30,2.2406683124787667,328,0a847d657fa59c50893184da6b9e02d2
,,xcodeeval_simplified_apr,40.199999999999996,0.0,35,0,23,1.5272162326236967,389,0ab1e2ed5574bd0349b31b93bccf983c
0.2351994503874688,0.048949167132377625,xcodeeval_simplified_apr,39.0,45.266353242099285,38,1,30,1.8745346053623397,394,0c2a4ce963877f827ffec3ac13c850df
,,xcodeeval_simplified_apr,65.0,0.0,87,0,42,1.297532516997731,942,0cb83a2555716028834a6f3f2c4939fd
0.4830000669539364,0.5767129138112068,xcodeeval_simplified_apr,47.39999999999999,5.037176032084972,50,4,41,1.7108018291487666,488,1a0dace4675eb7d5f4a21814c0c6c1df
,,xcodeeval_simplified_apr,27.799999999999997,0.0,31,0,23,1.4803220088143667,296,1faea68112aa60cf1c1479588dbb37c0
0.6745532832523208,0.46714604645967484,xcodeeval_simplified_apr,39.8,4.377150384088357,59,6,35,1.5666869507260592,495,1e3221574a20015050613f558d86432e
0.2834490401452402,0.10862462967634201,xcodeeval_simplified_apr,45.4,50.4845003252849,40,1,37,1.9005969297450505,491,1c8ad28d9cf0492cc51ab32821f5eb78
0.24711894263909198,0.46111589670181274,xcodeeval_simplified_apr,42.199999999999996,6.576243717223406,41,2,36,1.8758517143073443,403,cd01a2751776ec24575ec3f9167a5e29
0.44008269493735436,0.21038109945190323,xcodeeval_simplified_apr,112.0,4.810276829620956,211,24,93,1.3964748004175516,1723,02cbfd35328b260c8996cec42b25e1d6
-3.021543047257832e-06,7.178250312805176,xcodeeval_simplified_apr,17.0,1.9048134088516235,23,1,17,1.4709770465598457,308,2ed50efd2368ef0b23398120c0581772
,,xcodeeval_simplified_apr,60.0,0.0,48,0,41,2.077657910977409,388,aaf2fba1a77f6f9c7742f86a206003a9
0.5659563794306924,0.2699493425233023,xcodeeval_simplified_apr,114.39999999999999,13.547260565683246,126,7,90,1.8120869101690782,994,b2bf3f1b0eaefeddafad22029237a6f0
0.3305300742615864,0.4498911499977112,xcodeeval_simplified_apr,35.8,18.790380477905273,35,1,31,1.6952968139730873,324,caf2bceb41cba04631b90034f11dfcf3
0.5478275000502532,0.06108674804199836,xcodeeval_simplified_apr,37.599999999999994,2.8276833525833354,93,10,33,1.2716106082511627,792,fc2d3f812b4cb6c6ea3b66109f7e240a
,,xcodeeval_simplified_apr,46.0,0.0,39,0,34,2.141864119929859,450,3bbb9d4a866e7502b6f77c0a77560a23
1.011233198174741,0.3522329330444336,xcodeeval_simplified_apr,43.39999999999999,10.69565287977457,37,1,36,1.890639477148534,403,3f386ae38bf31cbf63779ad2cd748fe5
0.5436218749261659,0.21353965322809512,xcodeeval_simplified_apr,81.39999999999999,2.409466412450355,137,11,62,1.3692113258576233,1173,3b5c205e1bba9f1efa57101bdf7bee17
0.06953286242651302,3.9457435607910156,xcodeeval_simplified_apr,33.599999999999994,9.719466224312782,36,2,29,2.0092924139457033,278,a3ea2651ad122b6e1c2b1078ac425a2a
0.12041571529874945,0.1483355015516281,xcodeeval_simplified_apr,40.2,15.481938894838095,40,1,33,1.82205196881031,382,bb3e8ab15053e7c6e29f4fb6a5c0315f
0.07098572376322554,0.16513365507125854,xcodeeval_simplified_apr,46.599999999999994,81.99211436323822,38,1,33,1.89392288342354,338,c3f8174f6b7700c82b604afbfe414c82
0.33427868845635356,1.2714549899101257,xcodeeval_simplified_apr,46.8,12.568493839353323,49,2,37,1.7709467737261042,374,4b2c5878c3c228ed67cc0e4c4b804eac
1.528238925825933e-06,7.178250312805176,xcodeeval_simplified_apr,70.8,135.79247512295842,60,1,51,1.832321917600966,495,4dfbdce093c5b431e0b8e1c8bcfcc3c1
0.06883396028353628,0.34909239411354065,xcodeeval_simplified_apr,34.8,44.165419302880764,34,1,26,1.6726221910570531,297,5a2ca94f1bc555cca8abd7a3c57e718b
0.3370923197911233,0.15465270976225534,xcodeeval_simplified_apr,48.0,32.29063140725096,46,3,39,1.8199395308612156,312,5ae5052c84f25982eae7833b4272eac8
0.2056804653412352,0.24528077244758606,xcodeeval_simplified_apr,40.8,31.72037460654974,199,1,32,1.1920720858020917,1201,5e2bd11e0039393ff31adee0fc43597b
0.27668715569164365,0.2472307471689419,xcodeeval_simplified_apr,103.79999999999998,14.455077076051385,116,8,82,1.745936593880234,1267,5ec03f9fa4d2ff08e70b7eec415dd92d
0.26713544414749113,0.37085384130477905,xcodeeval_simplified_apr,57.0,4.846330888569355,48,1,46,2.3706471012171186,470,b5ea850ffc5fca39d01d6d4f871c4c24
0.036624207950281464,0.11511661112308502,xcodeeval_simplified_apr,40.0,87.67807132564485,38,1,29,1.7033792873259384,348,ce5de6a9ce9ca6b6e2067b292a4e2a27
0.16626434259431577,0.6806520223617554,xcodeeval_simplified_apr,39.8,46.647930920124054,33,1,31,2.0759178008173467,218,f5c0bd0fcc8a29014c284059d3ed26e1
0.2763823553682342,3.097747325897217,xcodeeval_simplified_apr,44.599999999999994,33.44677083194256,38,3,34,2.345872764090888,264,6b3b8565b17969a34304bc09d0bc9f25
,,xcodeeval_simplified_apr,50.599999999999994,0.0,43,0,31,1.858753864034493,293,6d4eb9e26a39eb62a137b8fa5e9a5c56
0.5163440730728547,0.3964919179677963,xcodeeval_simplified_apr,80.6,9.749342249752953,94,10,68,2.2293210994675143,614,6c3b149ab78bea6b5f2db1b7b639cbaa
0.5744623713834354,1.536598531263215,xcodeeval_simplified_apr,25.6,3.7962591679145894,48,7,24,1.5564834184272593,268,ae6ab21997b17c1f3bccf77ae8a05d8d
0.3641459610274917,4.669277191162109,xcodeeval_simplified_apr,107.19999999999999,27.697340857237577,68,1,59,1.8476737271459982,736,dd6d9005f2f1070a64443153fad62e6f
0.38730925567647173,0.19484104216098785,xcodeeval_simplified_apr,20.0,8.992975324392319,22,1,20,2.523107470279775,137,7a08142525d086deabf7b4f878a9bab0
0.6151107878790881,0.5675950894753138,xcodeeval_simplified_apr,75.4,36.21022144984454,67,3,58,1.9177005661192097,561,7a695f4d491f7f9c0f7537a78dcde45e
0.5289234070313307,0.43816767632961273,xcodeeval_simplified_apr,38.0,2.6924936808645725,39,2,31,1.6535756921093254,326,7b890d26150ea2a07d9143a191b29f43
,,xcodeeval_simplified_apr,36.2,0.0,34,0,26,1.4892101872781065,351,7c12ebfedb57c19c0dc26dd8f84ca23b
0.33143919680131867,0.22558261205752692,xcodeeval_simplified_apr,39.599999999999994,7.374112045237173,48,3,36,1.655251879660071,424,7e912126276d85dabf5351a78ea50597
0.13367433690537628,0.5516797304153442,xcodeeval_simplified_apr,40.0,41.998419634997845,33,1,29,2.1963506787422595,224,7d452b875f24fbcb7b84aac31e4eafe9
0.3144152439799051,0.21029627323150635,xcodeeval_simplified_apr,67.19999999999999,57.23168479395099,52,2,48,2.020404243945542,457,b7a77da71b8a358788ff83f3bd2493d2
,,xcodeeval_simplified_apr,24.0,0.0,34,0,21,1.6187704902387225,439,c7c224d908d220b5e797f2cc6365b677
0.2538857706670227,0.30523407459259033,xcodeeval_simplified_apr,62.199999999999996,42.26737559478109,49,3,43,1.8625898559431302,350,c7f9272f108b3c75e01bdd2289887786
0.17746849156810143,0.5582909435033798,xcodeeval_simplified_apr,61.599999999999994,70.25401441194117,57,2,43,1.9020946153963343,489,f07aeead401c530534d0eb40a99f09f5
0.34683272381284824,0.03702157022204725,xcodeeval_simplified_apr,90.19999999999999,5.0896668200875865,111,6,58,1.4110371275350384,1142,f7b61130c5657a152329987c837cc95c
0.24054819733013305,0.32196182012557983,xcodeeval_simplified_apr,58.199999999999996,2.8277709586545825,50,2,43,2.0773529206741466,544,08ed82de1b7607b793f2d4dc16f2ebf0
0.5200976141470861,1.5570751428604126,xcodeeval_simplified_apr,37.199999999999996,6.609169855713844,44,1,30,1.9527443070937625,359,8f2815bc7db9d00bb260d427edde2c0b
0.9011656081762339,1.36264094337821,xcodeeval_simplified_apr,33.599999999999994,14.28541734162718,39,4,26,2.0625254962527793,294,8c8e0abab26344779e4982fc138b3b2d
0.1396679901576183,0.19950038194656372,xcodeeval_simplified_apr,107.19999999999999,23.73987277294509,124,2,87,1.461988638939691,1194,d8fa83ab4bfe2d9dd2476702e0bbb6a4
1.0505656209075824,0.27187563478946686,xcodeeval_simplified_apr,36.6,2.9696160554885864,40,2,36,2.2637775541989145,449,f8e8a7ffcead933c0e4b1fbaf30401b8
0.3014972413542144,0.3887876197695732,xcodeeval_simplified_apr,52.199999999999996,14.959043132141232,54,3,40,1.7395526676560336,422,9fda7f3dab2ded9b89f21d19d154cdfb
0.06022789080604307,0.32019466161727905,xcodeeval_simplified_apr,51.0,106.62282642256469,40,1,35,1.769888135048634,395,9ed5fd39588ba4c0538789c081eba6e7
0.43504749364647033,0.105947857350111,xcodeeval_simplified_apr,136.2,5.105892841393749,205,25,108,1.6508880055777935,1441,9ae00e2aa29b7f8c226bf6e5da311964
0.3042403129524083,2.5722874999046326,xcodeeval_simplified_apr,51.0,31.499625040839117,45,3,38,2.137587680300865,362,b9cb2fa7ae11d8d5d94f7dd1282cf99a
0.29688845059854296,0.8848924376028923,xcodeeval_simplified_apr,70.4,16.14866516882709,91,7,55,1.6197940410937504,903,be9d3ae8bb18671f4c1adf929f96a320
,,xcodeeval_simplified_apr,41.199999999999996,0.0,35,0,33,2.1093834907066107,400,e12ebf4376c0db01c8797780e4851b6a
0.24101122286213666,1.573220466574033,xcodeeval_simplified_apr,97.79999999999998,9.968812231905758,85,6,61,1.7685042026587414,998,17f0b3b085d51cdd07f9a9b985e4e63f
0.03630561580987062,0.6132383346557617,xcodeeval_simplified_apr,47.199999999999996,113.98584236763418,42,1,35,1.6457183206028747,453,18bc1102ecab03ef5fa7fbe057d3f745
,,xcodeeval_simplified_apr,14.2,0.0,12,0,13,2.208467389933568,141,19ea8f94c1bfd4263a9d0b5901c14afa
,,xcodeeval_simplified_apr,24.0,0.0,34,0,16,1.361825374884911,275,27d4087baa6c2223e1dec48fec80617e
0.34592171115967046,0.12405934929847717,xcodeeval_simplified_apr,22.2,8.470071581192315,25,2,21,1.8190449484804687,189,27bb872e5d601c70a48313e6b336259c
0.1579955340299905,1.8544113155868318,xcodeeval_simplified_apr,143.79999999999998,22.64362224424258,137,9,95,1.5792303225683202,1427,d31d8a992a9b0c6180db36bbbf20cece
0.22932194940429845,0.1315501183271408,xcodeeval_simplified_apr,15.399999999999999,7.333850532770157,17,1,16,2.026741653905958,134,48b77e3c49a0819fd1bb159415e5c92e
0.11000238180354992,0.5563646852970123,xcodeeval_simplified_apr,61.599999999999994,100.18200799729675,50,2,39,1.6768096772721113,503,53ce28a9aab1f9c8012536a49368320e
,,xcodeeval_simplified_apr,75.19999999999999,0.0,57,0,50,1.530546918974112,826,53dbf5b6d93b1642e82c5577803579e7
0.23367405531773563,0.8364253826439381,xcodeeval_simplified_apr,89.19999999999999,21.41912880912423,75,4,65,2.2931605023789925,762,b55a521e32699cea4aefbfe6de9d4641
,,xcodeeval_simplified_apr,28.0,0.0,25,0,20,1.455960126640709,368,60c466895e32e72c6653069d82781ee0
0.6907521132563555,0.25867243111133575,xcodeeval_simplified_apr,35.0,7.77406619861722,40,2,28,1.9451840584365394,368,61ffd14188437ee70c6e5a41e404a6af
0.08500628872810485,2.407953455888977,xcodeeval_simplified_apr,51.599999999999994,29.14301139387923,97,3,41,1.3688981220075338,1034,64ad7db08d34ba6a08a8e34829c14025
0.2508531044251235,0.597752645611763,xcodeeval_simplified_apr,35.599999999999994,54.070760500617325,37,2,31,1.8471151629161024,362,72ac09502a33a60a332a4efff60870b7
0.1251127753842489,0.571930319070816,xcodeeval_simplified_apr,66.6,34.129167353734374,59,2,49,1.9760752944974502,461,75af54307e1fe0433eb887e3b3a418a2
0.3820084109761458,1.0325582325458527,xcodeeval_simplified_apr,60.4,28.403780344408005,64,4,47,1.8358120724120441,494,abf81eda3f5cd03d20d6b5f92e28d8b8
0.3256414345950207,0.07006559043308395,xcodeeval_simplified_apr,32.599999999999994,4.100932284937699,80,6,26,1.2794798966246579,815,acf84ff515d82a76b5d8f6119b13a138
0.1101582415827093,1.983908474445343,xcodeeval_simplified_apr,137.2,31.348542877705768,123,2,84,1.423546943423043,1272,d84a554abbf4c7048ac55d535f3c768a
1.2198830038192683,0.10024950156609218,xcodeeval_simplified_apr,59.99999999999999,1.030559281508128,64,3,45,1.5976939389513716,574,93f39bb270dd9dcd4c19d09094c62603
0.30885167117015355,0.2866384871304035,xcodeeval_simplified_apr,42.199999999999996,11.495176133699715,50,4,36,1.9300372552709015,382,97db59d2975c38aca53ff068049ed9b8
,,xcodeeval_simplified_apr,45.599999999999994,0.0,39,0,31,1.6739718561359311,355,139f3a2c1741037468140b8fc4c9a606
0.18924787028704604,2.390513852238655,xcodeeval_simplified_apr,63.599999999999994,19.09470050712116,65,4,48,1.6724088197029903,612,ae318fa9ed75fe4d8111b446821ce642
0.4471512625120489,0.002459977501848698,xcodeeval_simplified_apr,12.2,0.05937335610118074,63,5,14,1.175035979645703,636,0379c7af26d34bdce00ba8678435dafa
0.0,7.178250312805176,xcodeeval_simplified_apr,77.39999999999999,191.79940750449896,55,1,52,1.7336371397142896,888,383d610c3301f84eb5b6455282b05865
0.3481719766686607,0.3363072027762731,xcodeeval_simplified_apr,65.2,8.87622900803884,61,3,50,1.6456431507834228,633,505f02d1d9192fea9cd936dc618c9b9f
0.33301373293624476,0.05571538219228387,xcodeeval_simplified_apr,68.6,8.898314512055368,70,5,48,1.393251446053702,708,539c6b44fb15b4b829df54abc62b3fa2
0.08994873896657597,3.854384869337082,xcodeeval_simplified_apr,38.199999999999996,27.77772720530629,36,2,29,1.8236702354235446,351,652d5e6ceafdb2d97232f47f94756231
1.1065982736071345,0.3379371302823226,xcodeeval_simplified_apr,54.39999999999999,1.5700834915041924,59,6,48,2.498478871683012,464,ceb699d3bf7e1af97d6e43ec5f0d3891
0.33703507935350535,0.011123189168908235,xcodeeval_simplified_apr,29.0,7.466044511135124,82,6,26,1.266076410680242,839,793bfc8a6b300f1c186c19f088e329cb
0.4805877909563384,0.1862469706684351,xcodeeval_simplified_apr,52.8,5.777371103875339,55,2,42,1.654642554926232,473,0896ae2a0f8e23ff8fd7e98a48a88478
0.37634197492626925,0.49218004528019166,xcodeeval_simplified_apr,62.599999999999994,7.355751829966903,73,9,51,1.9650597578063496,599,fbc987ae303104ef45291e4e2f637541
0.7042658963716045,0.09253788739442825,xcodeeval_simplified_apr,34.599999999999994,6.99308454990387,33,1,30,1.6631766929872127,377,b992c4d860fd528121410bdb484d9f22
,,xcodeeval_simplified_apr,47.0,0.0,44,0,34,1.6172332565069671,444,d1578c96ad04b3f94fa9a67476bd3eb8
,,xcodeeval_simplified_apr,78.79999999999998,0.0,55,0,41,1.693013533447807,506,2117fbe005bec948baefc58383f2b162
,,xcodeeval_simplified_apr,41.39999999999999,0.0,30,0,28,1.8062147569735187,236,a2874d37a226d075e69a8dc3ec2e6d6d
-3.717282457935239e-05,7.178250312805176,xcodeeval_simplified_apr,33.199999999999996,19.358715254813433,33,1,28,1.645112214214617,272,eb3614e47317955b8fbd84a3d09898e8
0.18268580554667327,0.13499288819730282,xcodeeval_simplified_apr,71.39999999999999,35.24342605751008,64,2,52,1.7141388459038804,642,3767c338ddf1520462d7c603b61a9c9c
,,xcodeeval_simplified_apr,59.8,0.0,43,0,38,1.5966922931715324,515,04722af43024fceb9223708fb1a58218
0.3889825294055978,0.14839641191065311,xcodeeval_simplified_apr,46.199999999999996,11.994567598914728,50,4,37,1.874172837708185,379,adc5641a4f7117e9e44e9714557ed852
0.29748821748552545,0.5417982146143914,xcodeeval_simplified_apr,104.8,23.4928366527427,128,5,72,1.524455228729534,1521,7074c54af519d74f7e19d174ad8dcee1
2.133396454155445e-05,7.178250312805176,xcodeeval_simplified_apr,27.0,3.1714766025543213,31,1,27,1.9426150630941836,295,7287bdfc34d5a4dc87b080f65f724369
0.22668052967672017,0.33081906009465456,xcodeeval_simplified_apr,55.0,12.1738426592201,53,4,42,2.053171008748833,439,f9318a0cf62a5ddf7e3fae4e1bcf103d
0.28175543710610573,2.7599843541781106,xcodeeval_simplified_apr,38.0,17.720298826073606,38,3,31,2.0890999538130033,303,ad9747c6ab9852cbbf0a3acb3d8c8e1e
0.20658165864491215,3.8306237757205963,xcodeeval_simplified_apr,35.4,8.82147573120892,35,2,27,1.6761394590556435,372,9940e80eca40c4c98798415194319f3f
0.48351729294082924,0.2578895413958485,xcodeeval_simplified_apr,30.799999999999997,3.1289732984181944,86,9,28,1.2408279666104987,791,33943bdb03a4c1e11d01e43c75a45a07
0.0,7.178250312805176,xcodeeval_simplified_apr,94.6,172.80602726060897,92,1,64,1.5336534136508995,1009,34201c4b3f2948fba8ad2cc2c7f23c2b
0.451564923424552,0.06172412624790821,xcodeeval_simplified_apr,79.6,1.6915533437308372,119,9,56,1.4117254740780092,1028,d43243e027ea408da56e0e96c712d637
0.00016413431761688307,7.178250312805176,xcodeeval_simplified_apr,42.0,6.879786342382431,40,1,35,1.8111294125790582,384,48436a7f733f0c7f2640c93234130df2
0.28472948987402513,0.17006097733974457,xcodeeval_simplified_apr,29.799999999999997,8.575921127106994,32,2,27,2.2330243577764683,280,72819f5eac03756ff7053f151ca970aa
0.3746289823209945,0.09530749171972275,xcodeeval_simplified_apr,36.199999999999996,15.999815075658262,33,1,32,2.5941848125921636,309,c83171a525be8a43b6f852de621b5e71
0.1441931414372114,1.1914122998714447,xcodeeval_simplified_apr,54.0,47.002812632359564,39,2,36,2.2881223688148893,376,b334651cd3d5771f6ffe03b2ef3b25ce
,,xcodeeval_simplified_apr,36.8,0.0,34,0,31,1.9347497952466597,270,d2762683b7b033ae25e01bf09fde3aee
0.3341161898707558,0.24620679303188808,xcodeeval_simplified_apr,83.4,13.257813414605334,101,8,67,1.5719302628963285,1061,3612891f5f829897ce42fb1be61ccc3a
0.29544282400941785,0.4264988750219345,xcodeeval_simplified_apr,33.4,2.6397485733032227,39,2,28,1.3976212231131613,584,c3718098d46bf67850bc97f33942cfa6
0.5859093342884271,0.33008186270793277,xcodeeval_simplified_apr,36.0,5.556460910787185,57,6,30,1.6199972762456607,534,f4433701d734d739e8163f52ffd9b0b5
,,xcodeeval_simplified_apr,40.199999999999996,0.0,31,0,29,1.9003208184925722,267,74163044ccb5c3f201dd83282c9f7560
0.48944561843016726,0.36997346580028534,xcodeeval_simplified_apr,74.0,5.279087613802403,74,4,58,1.5374905820717344,772,0147973776fcfedad00743eae08fcef9
0.11603105650216773,0.36792846769094467,xcodeeval_simplified_apr,51.599999999999994,17.472148817032576,51,2,45,2.2197223966657913,558,420482792a94aecf98126700f79013b4
0.531018359052771,2.9247968196868896,xcodeeval_simplified_apr,44.0,10.690817177295685,38,1,37,3.4651157924981493,269,5508381044feb13e44de88c526faa461
0.06211760406315859,8.392915725708008,xcodeeval_simplified_code_translation,28.799999999999997,23.05280566215515,24,1,22,2.027879421163069,160,0c99e00c440eb84e6aef6d18e977b6ce
0.10545488686137976,3.5051822662353516,xcodeeval_simplified_code_translation,19.6,21.898875705897808,18,1,16,2.236178157213518,183,0dcc4dcdd5a6ea97cc5bd203fa8617bc
0.3509913030830729,5.58333420753479,xcodeeval_simplified_code_translation,45.599999999999994,9.42269341647625,55,2,35,1.365834618828297,790,0ac60ed75da30c0bc6d4c23185bd19ec
,,xcodeeval_simplified_code_translation,40.0,0.0,34,0,30,2.087350929180871,350,c0dd0a79eb63974a05de422f1526913d
,,xcodeeval_simplified_code_translation,18.799999999999997,0.0,16,0,14,2.291186396499941,143,e0d3b5602a8120e061e3f0f32a21b8b2
,,xcodeeval_simplified_code_translation,16.0,0.0,16,0,15,2.3218098988147076,179,e0e937b1e9ae8eb5a903c055cd27530e
0.07138772721130711,5.962555408477783,xcodeeval_simplified_code_translation,42.4,9.32748493552208,33,1,29,2.0607755972872215,243,f0fcfe45ab60a87cc69c58238edf724a
,,xcodeeval_simplified_code_translation,8.8,0.0,9,0,9,3.5095835630035297,116,1d9481fd01acbae7c8fd3d21a1daca5c
0.08796413907643978,6.083794991175334,xcodeeval_simplified_code_translation,42.0,26.87003697703282,31,3,32,2.273951139787036,275,1cbe48cdca5ba76721d4ddeed42e8a9b
,,xcodeeval_simplified_code_translation,18.6,0.0,16,0,14,2.2450895435673646,122,1ffd6dc415dbce46637c4ab1cece2230
,,xcodeeval_simplified_code_translation,39.0,0.0,42,0,28,1.3964928110043318,492,1ffd32a907dd7cfa3cd6c04642a7850b
,,xcodeeval_simplified_code_translation,12.0,0.0,11,0,11,2.978496466369952,81,b1c3b766f782f8dcdfe561631145db33
-0.0003403145318421034,7.178250789642334,xcodeeval_simplified_code_translation,7.6,5.156291864812374,8,1,8,1.9333523424238417,80,dc1fd9c8636f5c8fdeeb0a2e1890485e
,,xcodeeval_simplified_code_translation,15.799999999999999,0.0,13,0,13,1.9477051845237197,127,ee1f53138f75011c00045a88dbd80062
-0.00016763324674684554,7.178250789642334,xcodeeval_simplified_code_translation,16.799999999999997,2.997008800506592,17,1,15,2.4134220446576493,135,efd1d3c38fb117e711911e1c05668897
0.11050670465802291,6.082150220870972,xcodeeval_simplified_code_translation,38.0,30.25141135416925,31,2,28,2.3043059849804663,272,f1c5f5d2610b54c0dcb2446b6cd08764
,,xcodeeval_simplified_code_translation,14.799999999999999,0.0,14,0,13,1.8205936759092722,108,fea1c0a3bed5071cf86553c1e5fc7372
0.05244667816805304,7.078287601470947,xcodeeval_simplified_code_translation,47.99999999999999,8.452195838093758,37,1,32,2.0550627177786853,322,02d409b028d49b8cddd78ad304f1d53d
,,xcodeeval_simplified_code_translation,12.599999999999998,0.0,12,0,11,1.6294847505956311,80,2bec2326ca5bfba429dba84c103ad4ff
,,xcodeeval_simplified_code_translation,15.2,0.0,14,0,13,2.7308499423975725,107,2b63465d16c05e5d176c56add334780f
,,xcodeeval_simplified_code_translation,13.599999999999998,0.0,11,0,12,2.1894552823543,104,2ed7b5e1528e987cb519019cf00f5f6c
-0.001112477808159643,6.344980239868164,xcodeeval_simplified_code_translation,10.399999999999999,8.772879377007484,11,1,10,2.1743067875676996,96,2db5d5733e875eed176ed5122f648dc1
,,xcodeeval_simplified_code_translation,15.4,0.0,22,0,14,1.329796039192946,374,2d7d70f5fbc1ccf198a499e8a9ff6263
0.15230261681862095,6.830362796783447,xcodeeval_simplified_code_translation,29.799999999999997,27.93091687373817,23,2,23,2.0854814863489057,241,2dd963f592f95d7eedd74446e9652f5e
,,xcodeeval_simplified_code_translation,12.399999999999999,0.0,12,0,12,2.409336779879201,99,a2bb8bf277c9a7e38fd36b0ab3be74dc
,,xcodeeval_simplified_code_translation,33.0,0.0,25,0,24,1.7310117133405702,298,df2fe4eb4187b3bbd472b9ab1a676a70
,,xcodeeval_simplified_code_translation,15.799999999999999,0.0,12,0,13,2.9138613684540684,116,3ea4ebe483f09849972e54f07158f8d3
0.2023321455105122,5.448558330535889,xcodeeval_simplified_code_translation,23.2,22.346883930265903,19,3,19,2.316856521148872,183,3da7c97257365b92f2e3c1681932df61
0.17206251614082319,4.122498194376628,xcodeeval_simplified_code_translation,32.4,18.122267021487158,27,3,24,1.7694364126628417,231,3d4ab78f15cb725f09601b7bef5d2274
,,xcodeeval_simplified_code_translation,1.4,0.0,2,0,3,4.826339858481833,29,fa3bb339e049096f839cf4ba8abd08d9
,,xcodeeval_simplified_code_translation,2.5999999999999996,0.0,4,0,4,3.3260013770972963,34,fcc3ce908cd130315b937ec46155af6a
,,xcodeeval_simplified_code_translation,23.799999999999997,0.0,22,0,18,1.8016811092901441,204,fdfacab3a62630ec4fa28ca77a3dc5cd
,,xcodeeval_simplified_code_translation,24.0,0.0,26,0,20,1.738288932089688,259,04b4e54084b93151383897a73537c412
,,xcodeeval_simplified_code_translation,14.999999999999998,0.0,12,0,12,1.9809627402496466,108,4b13ad0802a7d3c3cdea191cf2d18818
5.196200298338101e-05,7.178250312805176,xcodeeval_simplified_code_translation,22.199999999999996,12.043295908719301,21,1,17,2.055745050317156,308,4a5950e17333189c0b580ffe9e0cf1ca
-0.009836735257396244,8.392915725708008,xcodeeval_simplified_code_translation,33.6,52.511139057576656,26,1,26,2.3737034308937757,234,4b2e18a331e01e1ae120ac59b747c8ba
-0.002424408691015221,5.596704483032227,xcodeeval_simplified_code_translation,26.799999999999997,14.021855045109987,24,1,22,2.24157185337815,360,a4fcd739a95a0a2d75114fb23e437a07
0.26826130804687953,0.6310977084717403,xcodeeval_simplified_code_translation,246.2,27.56877801128264,205,15,158,1.809126403956611,1739,a4cb7276ee9d2d10d87c179a0d8518ac
,,xcodeeval_simplified_code_translation,20.199999999999996,0.0,16,0,17,2.01654542367283,172,db4c686783828d5c8f44e6fd0512d7e6
0.3900061015019867,6.470899343490601,xcodeeval_simplified_code_translation,6.6,6.768659591674805,7,2,7,2.9122032351090037,63,5a179de1b51bf493e0d75176c034ec73
,,xcodeeval_simplified_code_translation,16.0,0.0,13,0,13,2.1981126331138494,122,5c1b33e5ce776e4dd5eff74b0c97b3e5
,,xcodeeval_simplified_code_translation,20.199999999999996,0.0,20,0,17,2.07598273332811,159,5ba2789985ca77388eac0021778b0a43
,,xcodeeval_simplified_code_translation,6.3999999999999995,0.0,8,0,7,2.988472812387143,54,b05f669b3301b62f96638c7011e055fd
,,xcodeeval_simplified_code_translation,131.39999999999998,0.0,68,0,55,1.6506406815002392,661,af05cd1432dd0d984bc69492a2cf3e82
0.26838813361698427,2.6051502227783203,xcodeeval_simplified_code_translation,24.4,7.160677872598171,25,2,20,1.8697798809501223,257,c5f35180ef15a02ed6e393bfaf68100c
,,xcodeeval_simplified_code_translation,19.0,0.0,16,0,16,2.5241633829328474,192,e5ce00b1347e8b301630572b939d03b9
0.11277140606673527,6.471856594085693,xcodeeval_simplified_code_translation,22.799999999999997,18.124704452231526,20,2,18,1.6416456099927343,270,f5c50c1c6c02d6dd29d047c94102d53b
0.00022270149063496363,7.178250789642334,xcodeeval_simplified_code_translation,8.8,13.743391565978527,9,1,9,2.3071246881996514,128,6b91f627402983ecbff1a2120d0c367a
,,xcodeeval_simplified_code_translation,8.8,0.0,7,0,8,2.419973706307109,50,6be160907ff766b9436587172b548403
,,xcodeeval_simplified_code_translation,29.199999999999996,0.0,23,0,20,1.9926457560747233,169,6c28f4fc10f978740c9494cc04272c5d
-0.0002812842269324594,7.178250312805176,xcodeeval_simplified_code_translation,8.8,12.742781594395638,10,1,9,1.6233877242889683,163,6d106b76c9f27c631594a7f62e253540
0.11835363540442921,6.260199546813965,xcodeeval_simplified_code_translation,26.2,17.77281253784895,21,2,21,2.3823510917222923,210,bafa6ba6d5198c3b5bd3194ce4a67de5
0.18020645346000996,8.461263656616211,xcodeeval_simplified_code_translation,48.199999999999996,2.6219053268432617,35,1,35,1.9944961757800341,444,be6aaad6e636015260df5b99c668d7e8
0.14134454536624017,6.203993797302246,xcodeeval_simplified_code_translation,21.2,6.5124430656433105,16,1,16,1.840518934820262,239,dae6d6e41bc2c3062a445566c056ffbf
0.3827021312550462,2.1050094763437905,xcodeeval_simplified_code_translation,52.8,6.096393825020641,47,9,42,2.1055748632664093,483,ee6ea1fbc6bbb80269a7dee1b97d2100
,,xcodeeval_simplified_code_translation,26.799999999999997,0.0,20,0,21,1.9233237347857142,206,07e110f85017a020f3a4d8689f76e32e
,,xcodeeval_simplified_code_translation,20.199999999999996,0.0,19,0,17,2.037212518680467,144,7b9497ed93aac689da1b6d39f6d19147
,,xcodeeval_simplified_code_translation,19.599999999999998,0.0,36,0,17,1.3774748828959318,314,7a126f31fe0dfecbc039ed1b05443872
,,xcodeeval_simplified_code_translation,30.599999999999998,0.0,24,0,24,2.244150012990775,228,7e3725a193502c909974a34c02996c0f
0.4829241999250371,1.9985569318135579,xcodeeval_simplified_code_translation,16.4,8.018794164061546,15,3,14,1.8372774553178592,170,7ff963a86c2b48dc113ede2ccedfe549
0.6595016655976113,2.636495530605316,xcodeeval_simplified_code_translation,27.599999999999998,3.641647827811539,28,2,23,1.5742050848392362,397,7d29401e09cf2118834a4410f6a567d0
0.07806340006582842,5.856754541397095,xcodeeval_simplified_code_translation,26.4,4.839106053113937,24,2,23,1.842516981085349,373,d7b5620c08a9a15c2ea79c6726c7a299
0.00840048162152253,8.5897216796875,xcodeeval_simplified_code_translation,26.0,48.43173920735717,21,1,19,1.9174218023163998,191,ddcdf7cb77ada3407a741569bd1f2fb6
-0.00017031493286291758,7.178250789642334,xcodeeval_simplified_code_translation,17.599999999999998,7.376576796174049,15,1,15,2.3849162898637633,150,8e33e2c9018262b86425f46d9687887e
0.6367447594297119,0.17613428831100464,xcodeeval_simplified_code_translation,50.0,1.3922974169254303,43,2,40,1.836666338756648,458,8d6a8b7223fd746746262f8637bad705
0.40120077254358866,4.185550610224406,xcodeeval_simplified_code_translation,31.199999999999996,14.654260116318861,26,3,23,1.9622394631550006,312,8c71378df2d4f949f16b06a9f2677f92
1.9623009561643444e-05,7.178250312805176,xcodeeval_simplified_code_translation,76.6,151.8332973252982,67,1,54,1.7469889070639697,596,8f87b7c9ea6cc2fc604332473d27783b
0.12209258047827191,7.004092693328857,xcodeeval_simplified_code_translation,17.599999999999998,25.171008778735995,16,1,15,1.8316827239929128,208,b8becf301ec0a94223050691d150e086
,,xcodeeval_simplified_code_translation,14.0,0.0,10,0,11,3.214508219181972,83,c8b5deb3507b48c6d321f7654686ca6b
,,xcodeeval_simplified_code_translation,3.8,0.0,4,0,5,2.261640753575662,61,09db9e23b44680728ab604ac7c73f0d1
,,xcodeeval_simplified_code_translation,12.399999999999999,0.0,14,0,10,2.137434223066657,84,9a61c079ea554026a7f0f5c44c32c73a
-1.5206759226752208e-05,7.178250312805176,xcodeeval_simplified_code_translation,78.6,23.25988819077611,65,1,53,1.975916857619134,645,9cb3b1d773068be92c7d0d7ee78afa79
0.3495161221768605,1.7355443313717842,xcodeeval_simplified_code_translation,89.0,9.428157325368375,72,6,61,1.5403975516212327,938,9d64b97a89ed6975b24992c1002821c9
0.193532369386547,2.0451109893620014,xcodeeval_simplified_code_translation,77.0,36.22153154271655,63,4,51,1.8016322982007174,637,ac9a9f866695531244c58df97a767f95
,,xcodeeval_simplified_code_translation,15.799999999999999,0.0,15,0,13,1.8820963042735217,145,b9adee697d1c5b42ab1bee93003405fa
0.2805077106795377,6.075331687927246,xcodeeval_simplified_code_translation,20.799999999999997,7.062454476952553,18,2,17,2.415541722662204,187,b9c7d557b23777e59c0fc3319b08e651
,,xcodeeval_simplified_code_translation,3.8,0.0,4,0,5,2.5152914387907135,72,e9f2197545ae1add43f8100c8c5c82fd
2.3879114970830934e-05,7.178250312805176,xcodeeval_simplified_code_translation,34.4,67.9901996999979,29,1,25,1.6791728474950562,256,f11f9d0c18311e4b39bb7e211ed5802f
,,xcodeeval_simplified_code_translation,19.4,0.0,15,0,15,2.3012887977849616,152,14e3c253d5e54fca356b9cec3a893a22
,,xcodeeval_simplified_code_translation,8.8,0.0,9,0,8,2.1822069809121074,89,14f2fcbebe004325f3e048c145c5315a
,,xcodeeval_simplified_code_translation,13.999999999999998,0.0,15,0,12,2.0446967268544305,163,15e72d20d3afefbaedf3df00c4b997ef
5.363221538977491e-05,7.178250789642334,xcodeeval_simplified_code_translation,18.0,32.80026728659868,15,1,16,2.870105645159832,139,b18e3ddb186726cde734e3f6e6cc9108
,,xcodeeval_simplified_code_translation,13.6,0.0,12,0,13,2.1055852839903264,142,21c199e6a18a5869cfdf1c25de9f992f
,,xcodeeval_simplified_code_translation,16.2,0.0,14,0,13,2.5643594201391418,97,21e856e1cf6b1d73d302c2c139e928de
,,xcodeeval_simplified_code_translation,21.6,0.0,17,0,16,1.8359903811563314,181,e23d4a7f7ed661165d7436474f7c7eeb
,,xcodeeval_simplified_code_translation,6.199999999999999,0.0,6,0,7,3.1520938034073067,66,25e15f0209d09a77ff1d228f164035ce
,,xcodeeval_simplified_code_translation,34.8,0.0,23,0,22,2.2388429637666905,179,25d456bc0686dd9ed325152a5fe4b41a
,,xcodeeval_simplified_code_translation,33.4,0.0,42,0,29,1.773868533746442,437,26c6809c59601396f3aa49c23268240d
,,xcodeeval_simplified_code_translation,13.599999999999998,0.0,13,0,12,1.6605957876849817,137,c29da10503c0a8e720f827d5a7f91f9d
,,xcodeeval_simplified_code_translation,16.0,0.0,15,0,14,2.389015504873566,145,c30d87f786ff5eb2f4f720f8c7e7f4ca
,,xcodeeval_simplified_code_translation,86.19999999999999,0.0,72,0,54,1.5617435006432003,1109,31a7ec35764fc8b84fbb8ec5e08a4a88
0.16660548481753698,6.714901447296143,xcodeeval_simplified_code_translation,21.199999999999996,33.935897424817085,17,1,17,2.1559145957603305,276,ba34a59bbadba467f7b850bb8d6c656d
0.017004058585321873,7.446823596954346,xcodeeval_simplified_code_translation,32.4,47.14430345594883,51,1,23,1.25183939587869,683,35dd50b0c3b9fcfa7ffb7bcee7f864ad
0.0626089655073537,8.392915725708008,xcodeeval_simplified_code_translation,32.8,3.4007768034934998,31,1,27,1.9651520554950768,383,039ff364b553b483d33c0a09a2b7aa8b
,,xcodeeval_simplified_code_translation,15.399999999999999,0.0,12,0,13,2.0545342542245986,142,40ac9de155e7ca16c845807aa73c20f8
,,xcodeeval_simplified_code_translation,16.0,0.0,13,0,14,2.0067313528671393,120,40ce966f4165d852eb859e16812cf3e9
,,xcodeeval_simplified_code_translation,22.599999999999998,0.0,20,0,18,1.770830302254542,214,41d53f8f4830f182da6aa21df5604e43
0.0001144079253711599,7.178250312805176,xcodeeval_simplified_code_translation,23.2,5.787146672606468,20,1,19,2.041060429810205,191,b44f33d8273f9a0eb0be9a708427bbfd
0.11044585458241785,5.661775588989258,xcodeeval_simplified_code_translation,25.599999999999998,13.944856822490692,32,1,20,1.3469169218053583,462,45e616896983753fce494c3763f78a63
,,xcodeeval_simplified_code_translation,2.5999999999999996,0.0,3,0,4,3.104238795194817,46,48e9b5b56d4e8cae9592594c1b76fcc4
0.48912386082299364,1.9490647252116884,xcodeeval_simplified_code_translation,109.6,15.093329885601998,106,7,83,1.798710387327101,1037,52f8a5b3d9855149cdaad20eb09b3bfd
,,xcodeeval_simplified_code_translation,20.599999999999998,0.0,17,0,17,1.933591118390671,199,55fd8965ec94c681ba409a4b32c9998f
0.0,7.178250312805176,xcodeeval_simplified_code_translation,28.4,39.40246520191431,24,1,23,2.575437184455124,283,b55dc5b34d55f7d7ca7226f31d700712
-0.00444725479906925,8.461263656616211,xcodeeval_simplified_code_translation,59.199999999999996,97.72141214646399,37,1,36,1.8555704430486395,342,d55b00fff9e7ec22f5b7f7357032d8f4
0.21546518763957115,5.9926323890686035,xcodeeval_simplified_code_translation,12.2,5.014613691717386,13,1,11,2.035918524704196,128,056bee65b63b1877e81533b108e9e16e
,,xcodeeval_simplified_code_translation,28.0,0.0,20,0,19,1.8364507055992578,180,56c6751974f82a6fee1a0feda9d9d845
-0.0005241637506211797,7.178250312805176,xcodeeval_simplified_code_translation,19.0,4.239205360412598,15,1,16,2.1843100981091563,190,d56b8666e143e1c29d006069f64334ad
,,xcodeeval_simplified_code_translation,26.799999999999997,0.0,21,0,20,2.4405685821467813,162,58b920eb30a830837436161f16bc95e6
0.09485938769752135,2.653102397918701,xcodeeval_simplified_code_translation,36.39999999999999,30.22617481276393,35,1,27,1.5817654556711476,369,58ecb08bc4752f0c939380d770a533ae
0.1254440107568371,4.540991187095642,xcodeeval_simplified_code_translation,85.8,35.8345452559491,61,3,58,2.047539927525993,653,58fd968dfe312006bd2119075d913dd6
,,xcodeeval_simplified_code_translation,19.0,0.0,14,0,15,1.8600484583275072,170,60b53794abb605950e5cfe692b8416f5
-0.00022610554080136923,7.178250312805176,xcodeeval_simplified_code_translation,40.39999999999999,0.47753995656967163,42,1,28,1.5494914638178978,647,dc62d529680f4fa1f071c9efbbd597d4
,,xcodeeval_simplified_code_translation,12.399999999999999,0.0,11,0,11,2.5583040796505823,97,66fb3dc782c07dbc3cb71f6106e1e96a
2.7478680583454848e-06,7.178250312805176,xcodeeval_simplified_code_translation,80.6,202.63711321959272,55,1,54,1.7839294523423885,906,ae70f9154a77bcb542aa8112543ad3a2
,,xcodeeval_simplified_code_translation,34.0,0.0,47,0,26,1.52473663771055,756,71c4e5ee34f9d2fe4641e6f37385b5ea
0.08598472872031125,6.108096599578857,xcodeeval_simplified_code_translation,27.0,15.502462938427925,26,2,21,1.6576781871682815,220,c71d7447a0747a1ceb29819809adff91
,,xcodeeval_simplified_code_translation,62.199999999999996,0.0,46,0,39,1.4322059887599348,569,c72c86724ab0f647cde1723ce1f08fe2
-0.00021375231230386386,7.178250312805176,xcodeeval_simplified_code_translation,21.799999999999997,15.749404408037663,18,1,19,2.0495818139282926,310,e72e306d5707b9b0ce41a97578f39797
,,xcodeeval_simplified_code_translation,10.6,0.0,10,0,10,2.4201002922874766,111,77a3fb0e20d021bfe60f8af1db95841f
,,xcodeeval_simplified_code_translation,1.4,0.0,2,0,3,5.6276708579325145,19,78b4306bc97fa1f37c26b8d3d122c19d
,,xcodeeval_simplified_code_translation,10.0,0.0,10,0,9,2.7902586150357926,95,79c3baa6826c255c7741fbcee5d263cf
0.3378837652450714,3.3384265899658203,xcodeeval_simplified_code_translation,35.0,23.89881618320942,29,1,27,2.379346903800249,281,79df8ec8e253920c8fbeb9535b0d9d1e
0.2018984464048117,5.081629753112793,xcodeeval_simplified_code_translation,39.4,24.189456198364496,31,1,30,2.2725702912615655,290,eb80b09d9d445d4a33618f63c27671ee
,,xcodeeval_simplified_code_translation,19.0,0.0,16,0,14,2.190821652805509,193,82f92457bd36ff4a0164bd66505d3f9d
0.15044791187815862,2.669708867867788,xcodeeval_simplified_code_translation,41.599999999999994,13.089699480682611,36,3,31,1.6136973990517207,492,83cecd52af6809cfa8a63d92620fb9b5
0.5198315791135957,2.9885345697402954,xcodeeval_simplified_code_translation,32.0,11.161564582958817,26,2,25,1.8793451607217404,380,83ef0f689d559c6114688cedb1bb0355
,,xcodeeval_simplified_code_translation,30.4,0.0,25,0,24,2.0529804833620258,208,be86ffa4081fe10556146eaeaa8ccc6c
,,xcodeeval_simplified_code_translation,8.6,0.0,8,0,9,2.9366469859207696,109,87fbf961822e0514b4df71a0fc82797b
,,xcodeeval_simplified_code_translation,10.6,0.0,9,0,10,3.313952808361109,90,94e0c39ff2bf65bee371457a233d0446
,,xcodeeval_simplified_code_translation,48.0,0.0,33,0,33,1.7956036027451874,303,95f4934849f70c34caa633cc091f899d
,,xcodeeval_simplified_code_translation,25.4,0.0,19,0,19,2.142080768674272,167,97a8d33b665c071da477ef3824bda21e
,,xcodeeval_simplified_code_translation,12.399999999999999,0.0,10,0,11,1.7780386858479091,119,180abf06c48b6a48f5fa6258f957614d
,,xcodeeval_simplified_code_translation,18.0,0.0,28,0,16,1.4491718898784616,441,a186db501ba5f6460a451106c2f1729f
0.0,7.178250312805176,xcodeeval_simplified_code_translation,95.6,234.3716617692262,69,1,50,1.628908418497065,715,287dea8398d5e1a97f03fc5914ca8133
,,xcodeeval_simplified_code_translation,5.8,0.0,5,0,6,3.830159047905981,36,0295a1be9f2362a0836cef7cffce0e75
0.0,7.178250312805176,xcodeeval_simplified_code_translation,11.799999999999999,12.036576449871063,13,1,11,1.6827792146903022,193,296d30555934bd8078d947911b5cba69
0.4322110630333597,1.8907690445582073,xcodeeval_simplified_code_translation,36.0,27.796585057862103,34,3,28,2.0952933857096063,278,d341aff596a8c42e9eabc8c51b598d9d
0.2200450456406645,5.257999897003174,xcodeeval_simplified_code_translation,43.0,89.18117085611448,29,1,28,2.3822232282399214,332,353f10554b4be814f1a215802ec5a016
0.0,7.178250312805176,xcodeeval_simplified_code_translation,19.2,66.40157237648964,15,1,16,2.057578084067575,204,0410d92602dba1106c848f2859f6324b
0.24789464063740282,5.518803596496582,xcodeeval_simplified_code_translation,25.6,13.57864811271429,26,3,21,1.908719140199433,220,456aa2113a4810074ee8e12eac4f42f5
-5.929979359017527e-05,7.178250312805176,xcodeeval_simplified_code_translation,39.4,82.46427205577493,30,1,29,1.9149065798973415,281,f523fa88725a35feb9b07051c9e654aa
,,xcodeeval_simplified_code_translation,13.599999999999998,0.0,14,0,11,1.9217531387815123,131,542a9f2db1aa74ac9dfede338b04b3ea
,,xcodeeval_simplified_code_translation,2.5999999999999996,0.0,3,0,4,4.666768782889237,46,00552bcd8b44d1a45d505805b0fd578a
0.08539522219216451,6.717185974121094,xcodeeval_simplified_code_translation,23.4,4.421971991658211,18,1,18,2.3837928441314125,143,e652dd00a35c8dc5fc32cf0733b64622
,,xcodeeval_simplified_code_translation,9.6,0.0,10,0,9,2.1649986768719325,107,f666aa51937879517471ed8bccc769c6
,,xcodeeval_simplified_code_translation,11.2,0.0,11,0,11,2.2047314925070967,107,694d4a0652888d4431560b574af6a363
0.0,7.178250312805176,xcodeeval_simplified_code_translation,52.4,131.82670290395617,44,1,36,1.9467817315146696,496,af805ff642c1a193293b9f8d8fa57b15
0.00017090554659565289,7.178250789642334,xcodeeval_simplified_code_translation,13.599999999999998,14.55176443606615,12,1,12,2.499063621129153,90,843d2f42f3dea3c7df5939ba06854bbb
,,xcodeeval_simplified_code_translation,6.6,0.0,6,0,7,2.6032570398158046,56,f892d01f59dd1de30e9252936ba2824c
-0.00026650425034428115,7.178250312805176,xcodeeval_simplified_code_translation,13.0,53.709885742515326,13,1,12,2.158819330786287,170,da907f50aa62717837063c35cb5b18e6
0.5892320415460807,2.402192904148251,xcodeeval_simplified_code_translation,31.599999999999998,7.127972052432597,33,4,24,1.50681307702738,463,960b1d8d81e310c1ac7c84ad8da3835c
,,xcodeeval_simplified_code_translation,16.4,0.0,13,0,14,2.5310254251925053,153,1149f2e35cbaa6ac6ab43cb75ad48b67
,,xcodeeval_simplified_code_translation,13.2,0.0,11,0,12,3.219732103354315,131,1383c2a71c01dd86f2785ecfc6b3d65b
,,xcodeeval_simplified_code_translation,17.599999999999998,0.0,12,0,13,2.1663844854458536,146,f1503ec92de8ceb9745350693f282cb5
0.21954410853645495,5.251440644264221,xcodeeval_simplified_code_translation,24.2,9.686927024275064,21,2,19,1.7810994272963967,177,b1804fab5fca213fef024760ab105e1b
0.0,7.178250789642334,xcodeeval_simplified_code_translation,8.0,20.754545480012894,8,1,8,2.2938720194633726,111,e1844c704811d4602f613567f22e2a89
0.4556413168227485,3.6170740127563477,xcodeeval_simplified_code_translation,29.199999999999996,22.988525569438934,34,2,23,1.6500375406768208,399,c2399d1f0ab3033d9ab608c13f8786e4
0.3636269018965738,3.124405026435852,xcodeeval_simplified_code_translation,57.99999999999999,10.181040639430284,53,5,42,1.9360755342528875,453,e3245c29bc0d78356b770f14911a65a5
0.3374933305870405,2.8373536705970763,xcodeeval_simplified_code_translation,41.0,22.298685817420484,30,5,30,1.696191297848223,421,4109f2b958132d632c3062cbdaf4de4f
0.24631325346272206,4.082566142082214,xcodeeval_simplified_code_translation,36.0,14.256240170449018,32,3,27,2.1748419729576813,264,d4650e0a640a1a8d8f8c54567b11ef8b
0.6749731350970655,2.497850057358543,xcodeeval_simplified_code_translation,18.2,12.906542411694923,18,3,15,1.6650021235188615,340,4731eb4df4bf98f0d46638ba253718c8
-0.031051204527708858,8.069576263427734,xcodeeval_simplified_code_translation,19.4,15.785624876618385,17,1,16,3.0631216222495743,166,5372a1018e63bb4b3676f4999fb49cf0
,,xcodeeval_simplified_code_translation,17.0,0.0,14,0,15,2.863073673344261,143,6078f4eee45066f993b9b89473efa371
,,xcodeeval_simplified_code_translation,22.4,0.0,15,0,16,2.23764594064861,174,aa7045bfd1bcc038516c12641bac9029
,,xcodeeval_simplified_code_translation,39.2,0.0,28,0,26,1.928378857702138,265,8105c3dfd8ed8ec6c97ab023cb9ada88
0.39608426331493507,2.8445621877908707,xcodeeval_simplified_code_translation,19.2,6.943270903080702,17,4,16,2.3321478633287236,180,8675b3d2759e443bcabdfece0b4bfe38
,,xcodeeval_simplified_code_translation,5.199999999999999,0.0,7,0,6,3.2588355311199773,61,8800e5d4950213f69c83efa45ec08763
,,xcodeeval_simplified_code_translation,5.3999999999999995,0.0,6,0,6,2.497888557362754,41,9628e646abca87fd8adab181ed93f9f4
,,xcodeeval_simplified_code_translation,5.0,0.0,5,0,6,2.912402192190351,44,9755f849269ff5bb60d9d901fc8e89fd
0.02258900961079571,8.392915725708008,xcodeeval_simplified_code_translation,35.199999999999996,52.20614739507437,23,1,22,2.0542494013114996,245,d9964e2f080448fea5e63b137474ffa1
,,xcodeeval_simplified_code_translation,6.6,0.0,8,0,7,3.348103792333609,99,d13597de962f57e4aa28ef1b0eaafd64
0.014027201467675396,5.927073955535889,xcodeeval_simplified_code_translation,86.39999999999998,260.7720669582486,46,1,45,2.153823628183469,617,24064b012331e7ff157177a4e7127d72
,,xcodeeval_simplified_code_translation,15.6,0.0,13,0,14,3.709244790464046,96,fe26456ae3105f8652e100359ffabc37
0.0,7.178250789642334,xcodeeval_simplified_code_translation,19.0,23.14983492344618,19,1,17,1.8257449892123505,136,34016aabb28a8d2ed8ec0c27a939464c
,,xcodeeval_simplified_code_translation,24.599999999999998,0.0,31,0,20,1.50485563152654,344,a35808de45cc5f8bc02c3c843f0cdfd5
0.06100663871855851,2.0111379623413086,xcodeeval_simplified_code_translation,41.599999999999994,46.54992052074522,33,1,30,2.3797943036189375,306,ecf52408ae8f238e9d6ce096ed0f2ca0
,,xcodeeval_simplified_code_translation,10.399999999999999,0.0,10,0,10,2.4178836686589578,101,71037e030523be978284a76cf8faf135
0.0,7.178250789642334,xcodeeval_simplified_code_translation,13.399999999999999,32.99720649421215,11,1,12,2.343826305973155,117,085863d5f4bc6028b98959b57d3b12ee
,,xcodeeval_simplified_code_translation,6.6,0.0,6,0,7,2.8409113201014256,71,99218d9d2de1f2b818c717731b9c9657
,,xcodeeval_simplified_code_translation,6.999999999999999,0.0,6,0,7,2.3647331274319745,43,193759ed065ac5ad263fe5acf2fc8fee
,,xcodeeval_simplified_code_translation,14.6,0.0,12,0,13,3.110812362212002,107,217529ddc9dd38961a8588febf151793
0.0,7.178250312805176,xcodeeval_simplified_code_translation,21.0,45.02611821517348,21,1,17,1.7400402892318652,186,284841d6397e5efbea887bd07521e0fe
,,xcodeeval_simplified_code_translation,10.799999999999999,0.0,10,0,10,1.905051840924661,132,322079e1665bb026d21553c5a0e4027c
0.1714345428902705,7.776822566986084,xcodeeval_simplified_code_translation,16.199999999999996,30.310301020741463,15,1,12,2.6408734635112956,119,fa382824a94cd104da08dd8872361aea
,,xcodeeval_simplified_code_translation,17.2,0.0,17,0,14,2.097762920195934,135,488819d35b104a525d421ce5067a1dc9
0.00016413431761688307,7.178250312805176,xcodeeval_simplified_code_translation,48.599999999999994,6.879786342382431,47,1,38,1.7916960921036171,430,bc512265f43eabb27a9ae654f6859509
,,xcodeeval_simplified_code_translation,14.599999999999998,0.0,11,0,11,3.1099590320672674,94,880733a7f0091e70458c8874ce8349da
,,xcodeeval_simplified_code_translation,6.999999999999999,0.0,8,0,7,2.2407090558713176,77,4674735dc3a6e2b3ee04716a42159aae
8.022611269332242e-05,7.178250789642334,xcodeeval_simplified_code_translation,12.599999999999998,11.372969597578049,11,1,12,2.4285237740495647,115,5775791c3436aa1ea2ea8fbb631f4f7f
,,xcodeeval_simplified_code_translation,5.3999999999999995,0.0,6,0,6,3.228572001346139,65,e7473071ceb253f02961d10696eeefe5
0.09584701570473125,5.027579307556152,xcodeeval_simplified_code_translation,27.199999999999996,46.57224349491298,22,1,21,1.8866217334315567,203,d8891450cf0387e2263ebc1da9eda2c1
0.288682293211696,3.269223690032959,xcodeeval_simplified_code_translation,31.2,9.835804052650928,25,4,24,2.5361363877477148,269,9148062c140a4c435153fd751aa205f4
,,xcodeeval_simplified_code_translation,14.2,0.0,15,0,13,2.1122680974647863,169,f56703740c056b211d6138baa0f20970
,,xcodeeval_simplified_code_translation,10.2,0.0,13,0,10,1.8548619146986427,166,68049747e245520f31423f52da446679
,,xcodeeval_simplified_code_translation,17.4,0.0,14,0,15,2.7092596982663375,106,77593031c1f5e3857ffc101a58a71f64
0.0004748676888524525,7.178250789642334,xcodeeval_simplified_code_translation,24.599999999999998,12.289173156023026,19,1,17,1.6880213721332766,148,c191982331fbbea8cff2cc4b44f08e82
,,xcodeeval_simplified_code_translation,3.8,0.0,4,0,5,5.692051703351616,66,b465475661f662bdff55453b223014d8
-6.3662083624903836e-06,7.178250789642334,xcodeeval_simplified_code_translation,14.0,14.696358978748322,15,1,13,2.5211330006512322,109,f823797306bf57ad7a6030434fb52e6c
