dataset,task_id,prior_tokens,my_tokens,mae,max_error,spearman_corr,pearson_corr,is_length_match,status
XcodeEval(APR),32aca3cfc4f70642de04320e1ed639d6,385,381,0.14626278935533182,2.297784898430109,0.7220654699782807,0.8765761479436792,False,Error
XcodeEval(APR),c3f8174f6b7700c82b604afbfe414c82,341,360,0.8983435205769755,5.154998255893588,0.1595888980688741,0.14832851785702544,False,Error
XcodeEval(APR),3496aa9ddd504949ee317757b0d41b28,737,760,0.2581529168386953,5.506457209587097,0.5840753693213292,0.4448018924125121,False,Error
XcodeEval(APR),1faea68112aa60cf1c1479588dbb37c0,295,293,0.6025131609618232,4.438440777361393,0.49490249136262116,0.21777563774715614,False,Error
XcodeEval(APR),177b440ef2d6a394c5161ba7dee700f7,310,322,0.8220021437613233,4.747966706752777,0.13185213232724718,0.2674601630814432,False,Error
XcodeEval(APR),33943bdb03a4c1e11d01e43c75a45a07,767,773,0.26231860960354697,4.306316316127777,0.6672151744955934,0.3598057269482662,False,Error
XcodeEval(APR),2ed50efd2368ef0b23398120c0581772,361,371,0.4959092018887184,4.264855265617371,0.5356391851976552,0.300551911489576,False,Error
XcodeEval(APR),72819f5eac03756ff7053f151ca970aa,295,439,0.8533162914619039,5.197509475052357,0.08904568698757563,0.06790061155190313,False,Error
XcodeEval(APR),0896ae2a0f8e23ff8fd7e98a48a88478,460,461,0.515331345031534,4.57816250436008,0.37504825061842784,0.2868495475314463,False,Error
XcodeEval(APR),fc98b0e4447eaebcecd11d9edbe22792,351,396,0.8470825405504178,5.332645058631897,0.13088106338106337,0.22047601752070686,False,Error
XcodeEval(APR),9cc62098072ee7ee6a1ad8c681c70984,302,314,0.6423746613154977,5.086954951286316,0.5027076270364931,0.44295848575078933,False,Error
XcodeEval(APR),27bb872e5d601c70a48313e6b336259c,466,505,0.8526917143453868,5.6219302816316485,0.1864604533282184,0.16337291886652594,False,Error
XcodeEval(APR),d27bb43d78958db0b12fa86e51619f28,279,281,0.626774313018447,3.604729324579239,0.2965001270872703,0.48430549466188544,False,Error
XcodeEval(APR),1f94fcba72e7fb12eea1147cd97ae811,1464,1707,0.5889952442116592,6.467303291428834,0.25019736540937293,0.12948111749119762,False,Error
XcodeEval(APR),575924d1f165ce6183cc6bc5a176a527,707,683,0.8699713670614545,5.93744957447052,0.03381405450699263,0.10423258331615429,False,Error
XcodeEval(APR),4fc0fcdef3f6c3e4f9b573dfcec0bbac,1295,1612,0.899452946165466,6.7129791371989995,0.03853864081367004,0.04091627681194547,False,Error
XcodeEval(APR),0310c466d84df55e3d344715b6edee1b,552,546,0.760358751611187,5.605110138654709,0.22066125009284523,0.20124587105711322,False,Error
XcodeEval(APR),a7620b0d90cdf49fb01683962a1581fa,719,708,0.30351850248927165,3.577671706676483,0.6327762174442275,0.5571291566189511,False,Error
XcodeEval(APR),dd6d9005f2f1070a64443153fad62e6f,680,839,1.047899876467144,5.608756601810455,0.11487088499962408,0.08716114514279279,False,Error
XcodeEval(APR),08fd0bac40d7c8c92af6dc49c1bd42fe,297,353,0.5810894086417626,4.776468902826309,0.33048469457865437,0.40949067224929014,False,Error
XcodeEval(APR),04722af43024fceb9223708fb1a58218,540,510,0.545406408744919,4.204023957252502,0.21984963643933772,0.37861646008158906,False,Error
XcodeEval(APR),0a4af5403bfb848d37aff50dbeefd085,264,250,0.7771573637127877,5.344650566577911,0.1790348005568089,0.2671876699797055,False,Error
XcodeEval(APR),4343686f06548766f56bdb66a3e03499,269,296,0.973973593525727,5.127561032772064,-0.0026120944225588288,0.06341457284481403,False,Error
XcodeEval(APR),e5e40485a3967a6a8710c1ec1d02e88f,366,418,0.7769344242751188,5.829329174011946,-0.009110595618420914,0.09784640849372925,False,Error
XcodeEval(APR),1121e9fee053852bc3e62a5ba5baf808,951,972,0.30734761068655986,4.9756555035710335,0.9102294705031274,0.3981658593282221,False,Error
XcodeEval(APR),3cbf5d1d37a9faa75a12c55847ae115b,1292,1427,0.6231479620744006,4.724774606525898,0.1426220617423107,0.16957168566156422,False,Error
XcodeEval(APR),72ac09502a33a60a332a4efff60870b7,366,391,0.6602318905814948,4.11155179142952,0.23819046156312584,0.33766232956610653,False,Error
XcodeEval(APR),eb3614e47317955b8fbd84a3d09898e8,245,230,0.5553845578440182,3.2493876293301582,0.2375560645923281,0.47072681328713123,False,Error
XcodeEval(APR),b6bc550da779a70fcabdc7fd57c7db63,817,825,0.6390424961126734,5.43948258459568,0.32173875616330033,0.21793844196999992,False,Error
XcodeEval(APR),7287bdfc34d5a4dc87b080f65f724369,301,366,0.7565760942256431,5.969697147607803,0.10078766143759214,0.258184222479771,False,Error
XcodeEval(APR),f383b9b8b56a4ecc3afd643772bdf6aa,598,598,0.40652398380115967,3.9234582409262657,0.5018104800864867,0.6275327654461588,True,Error
XcodeEval(APR),5e8729ee5f3adf6329c30626bbd23797,457,406,0.7764524187338699,5.480871059000492,0.13801127594231044,0.24758731398471534,False,Error
XcodeEval(APR),f8e8a7ffcead933c0e4b1fbaf30401b8,414,416,0.7801233962928181,4.442101612687111,0.3146802601499799,0.24000143608534147,False,Error
XcodeEval(APR),a88b8e3de7e102d4c16b557fe050a0e0,623,569,0.6463248162564735,3.1487520933151245,0.10230171148061248,0.27849591784696764,False,Error
XcodeEval(APR),7b890d26150ea2a07d9143a191b29f43,320,318,0.6270378943614708,3.105911001563072,0.3202565379467822,0.40505729956447367,False,Error
XcodeEval(APR),9940e80eca40c4c98798415194319f3f,348,339,0.7559040214249639,5.352015674114227,0.1669972801394737,0.20297841131534797,False,Error
XcodeEval(APR),7577b290ca5a6349ddb31b22b56b4933,543,548,0.6475499009018469,4.975598394870758,0.3938739631140218,0.4139360642673797,False,Error
XcodeEval(APR),7c4ae8e5241f26a450e536540622744e,392,355,0.6409051803098074,5.2909565679728985,0.32132444256090725,0.258709239317537,False,Error
XcodeEval(APR),97619024febb1ad3377a5567a72980fc,348,365,0.421193090798708,3.273208238184452,0.3609905161949631,0.4620612446142893,False,Error
XcodeEval(APR),234b967d933b3f9b697da9238b9c01b9,481,484,0.40541663701915165,4.086503386497498,0.491051987991822,0.4162413523076236,False,Error
XcodeEval(APR),552492a4bbeaa3b3109ada314f6b4399,610,713,0.7000105249360905,6.121074616909027,0.19710558255715394,0.22935087193176806,False,Error
XcodeEval(APR),ceb699d3bf7e1af97d6e43ec5f0d3891,503,540,0.8295281698709901,5.4426542818546295,0.2032863528372546,0.11569743052187459,False,Error
XcodeEval(APR),23bb56e411ef969a14f32bb681b4bf0d,292,282,0.6433112902685683,4.205804288387299,0.1946598615521644,0.36154982886159215,False,Error
XcodeEval(APR),ae318fa9ed75fe4d8111b446821ce642,631,638,0.5923589251152492,4.086602754890919,0.3810824403985751,0.3249719249068098,False,Error
XcodeEval(APR),39230d34c3e78b307b5b3653585ca63b,539,528,0.41513295036610076,3.8188233375549316,0.39660050029136384,0.43702762855928845,False,Error
XcodeEval(APR),383d610c3301f84eb5b6455282b05865,960,1058,0.5358198025014038,4.855126321315765,0.15956675571479567,0.19006547738418905,False,Error
XcodeEval(APR),c7cb2decc9277325426e89c84b5338d6,1538,1496,0.9855144681392402,6.204290688037872,0.08055424783715123,0.05440553227972369,False,Error
XcodeEval(APR),6b3b8565b17969a34304bc09d0bc9f25,295,295,0.001236314244442067,0.0094224214553833,0.999985042115793,0.9999983074453558,True,Acceptable
XcodeEval(APR),61623f21aebc6e298f8c6bff0cb523f6,965,990,0.2973437971179241,5.939398609101772,0.5721347521490353,0.3074695283802025,False,Error
XcodeEval(APR),d1578c96ad04b3f94fa9a67476bd3eb8,435,390,0.5644477703832448,4.952405691146851,0.26520874309091197,0.3949120667763775,False,Error
XcodeEval(APR),1e3221574a20015050613f558d86432e,440,452,0.7073100468926978,5.644259870052338,0.18616352732851268,0.15983231790813485,False,Error
XcodeEval(APR),74163044ccb5c3f201dd83282c9f7560,272,280,0.7755375256323639,3.8114662170410156,0.21168217499886693,0.5528385174787066,False,Error
XcodeEval(APR),6f811590428294dadfc0fa95af0da101,1219,1732,0.8411915093433827,6.6089012417942286,0.03295818177253117,0.005254956977056771,False,Error
XcodeEval(APR),eafd18db2a9e7c8a1a59b3f4b310df1d,357,350,0.8002357532030769,5.6781985610723495,0.1910414195801015,0.29993775446260285,False,Error
XcodeEval(APR),3379e2d3c12c390c557ffb18fdfd19d6,492,421,0.8772682105533938,5.316237130202353,0.0023777091974005213,0.02324530262025058,False,Error
XcodeEval(APR),89cc8a702bc127a19bd5dcb22028e9b7,631,629,0.8236765585505124,6.058599263429642,0.09107296559525857,0.10832757582461024,False,Error
XcodeEval(APR),0ab1e2ed5574bd0349b31b93bccf983c,345,346,0.39137642887839375,3.418747916817665,0.3597961974786233,0.4425162364635412,False,Error
XcodeEval(APR),99dd150b0c283fc3347aafac29cf2798,700,689,0.3912475335929429,4.068766236305237,0.18410795235251037,0.37052436655104776,False,Error
XcodeEval(APR),278bfbdac1b6beb0db8767b4f65cf7e4,942,987,0.5205115276179999,6.022828876040876,0.3068910660801315,0.1343126670726549,False,Error
XcodeEval(APR),67aabc9d9b37adb2ceb79419a88b6b6c,960,1320,0.7452060563515375,5.62147325463593,0.022304114913319132,0.057700450964046836,False,Error
XcodeEval(APR),1032e7360b2262cb76e00a2c9e0a922e,393,454,0.8175388161660558,4.808825075626373,0.04765911479483102,0.0837788457691181,False,Error
XcodeEval(APR),76877da388bb362a2ef76e6236a73e59,444,436,0.6097280859790071,5.359850838780403,0.3600676725857255,0.21073238856517276,False,Error
XcodeEval(APR),58da40a588e738aa166a3a1bb7e70528,807,805,0.6096402597541325,5.667673632502556,0.17834395827529737,0.272839319542233,False,Error
XcodeEval(APR),5d0cbf0f6d4bc37001f0e333dd97d80d,247,290,0.9068943602353455,5.092043474316597,-0.03175398248693209,0.043007421315078495,False,Error
XcodeEval(APR),f5c0bd0fcc8a29014c284059d3ed26e1,222,239,0.6086665981591822,5.667373761534691,0.20696627475841406,0.19759799680378784,False,Error
XcodeEval(APR),40708eb7d0403161ed599061c6b16267,445,482,0.8105078562511735,4.966019237414002,0.11187911849976645,0.08392349233146736,False,Error
XcodeEval(APR),bb3e8ab15053e7c6e29f4fb6a5c0315f,345,341,0.7300630161740825,4.8502174615859985,0.2304352826174458,0.24633226319490073,False,Error
XcodeEval(APR),0f71c4368a228f47e3b753015a08f619,792,1542,0.9173458641918585,6.712979136034846,0.037805465485720814,0.04526976144557085,False,Error
XcodeEval(APR),85b273dc341511dc0e2621a30a2ed680,605,618,0.6671137075978986,4.9058346301317215,0.26462944307675795,0.20552607789872263,False,Error
XcodeEval(APR),11af814f5b8622f61c00969d6c397c5e,530,521,0.6737333751737629,5.280597887933254,0.19454570293474258,0.16916327598462041,False,Error
XcodeEval(APR),3b5c205e1bba9f1efa57101bdf7bee17,1158,1247,0.39943189573732496,4.722478315234184,0.5464494256291161,0.2744671957923358,False,Error
XcodeEval(APR),c7f471bc01ac59d96c1c72bda1aafc7b,457,467,0.6757377722276134,6.767783880233765,0.1650380178705869,0.2822312736848209,False,Error
XcodeEval(APR),e2776114d36b1bc1a60f09285ccf7a36,310,307,0.8406870086079749,4.693743586540222,0.15975178937432244,0.18732825543757942,False,Error
XcodeEval(APR),b8e59010541e7ca6007c3d10db63c99e,1665,1981,0.7345712767068945,6.924775764346123,0.22687576849866767,0.024022143438674162,False,Error
XcodeEval(APR),189f169db892f6f1a031eeee843d2145,287,286,0.4022742514791605,3.509439989924431,0.511464145610487,0.5101952580106555,False,Error
XcodeEval(APR),75af54307e1fe0433eb887e3b3a418a2,465,465,0.5898048894069288,4.614811062812805,0.2741690815259683,0.4394057894673564,True,Error
XcodeEval(APR),f26e4964c6743b90e2189ddfc91717b0,428,427,0.5044161413514886,4.778717041015625,0.47499922162051517,0.46291577108221543,False,Error
XcodeEval(APR),85372f00ccb7f11007f714d9f94d2aec,1124,1162,0.7324968385511053,6.250627815723419,0.15968288635444164,0.12267232995825068,False,Error
XcodeEval(APR),61ffd14188437ee70c6e5a41e404a6af,458,468,0.7429802215520361,5.662911459803581,0.1690682229083365,0.20659956533765866,False,Error
XcodeEval(APR),9fda7f3dab2ded9b89f21d19d154cdfb,429,910,0.9478890821191163,6.911835666745901,0.04597024362292783,0.10155830171592888,False,Error
XcodeEval(APR),abf81eda3f5cd03d20d6b5f92e28d8b8,473,476,0.30806383298587914,4.6066612005233765,0.7102784429114243,0.7677030893620379,False,Error
XcodeEval(APR),8a07f30ccaf81023fce598691a7de17a,852,841,0.7363843828599144,4.969362635165453,0.15190031822603609,0.13943949266178796,False,Error
XcodeEval(APR),48b77e3c49a0819fd1bb159415e5c92e,123,461,0.8623475052664299,5.205143600702286,0.16265106860481615,0.25180741521435035,False,Error
XcodeEval(APR),259af1aa915366a5331b47a44a7c8325,1073,2444,0.4682901587374861,5.819681657478213,0.5267392795688756,0.1810541145756338,False,Error
XcodeEval(APR),8ca3dcb083fbd8da9934523e28edf339,227,261,0.7233624828134207,5.3350129425525665,0.22366625698392803,0.4409689940242788,False,Error
XcodeEval(APR),8802713b64df24461c8143495c4b405b,477,579,0.8055964649281029,5.599085241556168,0.15464431608279217,0.30567844093122754,False,Error
XcodeEval(APR),f7287fce191127406467cf67d27f6129,984,1074,0.6946748414427826,5.39677107334137,0.19591797716057216,0.15664776915019513,False,Error
XcodeEval(APR),ad9747c6ab9852cbbf0a3acb3d8c8e1e,346,343,0.4192804364194284,3.904640421271324,0.5059343898426655,0.5712754185867728,False,Error
XcodeEval(APR),bf49ecac7b1191ef86baee2fd171cb8c,486,502,0.6213323018070954,4.000207208096981,0.24770571710600076,0.37674910977528464,False,Error
XcodeEval(APR),4dfbdce093c5b431e0b8e1c8bcfcc3c1,520,524,0.6580964250928866,4.893525116145611,0.31550392624915824,0.27659241828342956,False,Error
XcodeEval(APR),5e2bd11e0039393ff31adee0fc43597b,1201,866,0.2516814150406464,4.939746765419841,0.047039838556595145,0.5484590093177316,False,Error
XcodeEval(APR),53dbf5b6d93b1642e82c5577803579e7,761,644,0.5452186580109613,4.054881773889065,0.1348041520488987,0.25640893459988395,False,Error
XcodeEval(APR),ed642ee9236ac9879543f604fa2e3e69,396,357,0.6513617934387814,2.4751183465123177,0.21816589293428754,0.44750664331214773,False,Error
XcodeEval(APR),e78848ddcb130862a7b62d6e7216f210,355,349,0.6448513713577244,3.9255250953137875,0.32553587307860593,0.37501091481767923,False,Error
XcodeEval(APR),277d693cebd4ea5be8e06dab41c7220f,456,409,0.6074338789692281,4.082709141075611,0.23824301143917523,0.33749572140870987,False,Error
XcodeEval(APR),8c8e0abab26344779e4982fc138b3b2d,272,414,1.3463569483548568,7.019966185092926,-0.07907281561503397,-0.023143062093733836,False,Error
XcodeEval(APR),17f0b3b085d51cdd07f9a9b985e4e63f,1014,1062,0.6611983877996118,5.789504438638687,0.3760434950764382,0.25462142663228227,False,Error
XcodeEval(APR),1be7c4d0f37ca584f9115b749b15a16f,812,797,0.4770706085921161,4.060942620038986,0.5145401823506075,0.3123247589138484,False,Error
XcodeEval(APR),5ae5052c84f25982eae7833b4272eac8,292,291,0.01699001694904621,0.2934553623199463,0.9987314279592305,0.999343009246414,False,Error
XcodeEval(APR),7d9791c45a5f8a6e4cc5e65e176f4786,409,422,0.8586618852252846,5.0739270420745015,0.08375959841865066,0.13241300635108194,False,Error
XcodeEval(APR),adc5641a4f7117e9e44e9714557ed852,397,638,0.9027792174622454,5.44381607323885,0.15929563856224874,0.29383071850783465,False,Error
XcodeEval(APR),e12ebf4376c0db01c8797780e4851b6a,372,374,0.8179699152928914,4.7354539930820465,0.18826990915581882,0.19754359002779778,False,Error
XcodeEval(APR),a8b7994d627ca39641c3ea25ad1d1d08,329,352,0.7074692030479752,5.032111167907715,0.1774095390857197,0.26924601261251124,False,Error
XcodeEval(APR),a12ca9bacbbdf3ccdf6aa8319219a867,641,928,1.020575984618692,5.033268466591835,-0.009293124061411057,0.04199980868391284,False,Error
XcodeEval(APR),2853a7d1fd4eb9d4a1932302026e8b90,449,477,0.8317987205536377,6.149843629449606,0.13017817371937637,0.267786035547823,False,Error
XcodeEval(APR),ae6ab21997b17c1f3bccf77ae8a05d8d,276,258,0.6661894065255747,5.112696947529912,0.3965143705438701,0.24676318325228852,False,Error
XcodeEval(APR),2117fbe005bec948baefc58383f2b162,420,402,0.4902932273515903,4.224530398845673,0.30608499675961015,0.48059562417112045,False,Error
XcodeEval(APR),08ed82de1b7607b793f2d4dc16f2ebf0,511,531,0.7022263444449803,4.4824440479278564,0.2538146979682283,0.3310729223002076,False,Error
XcodeEval(APR),7074c54af519d74f7e19d174ad8dcee1,1522,1922,0.6335259858140061,6.177001059055328,0.21234531574824714,0.13893567485801706,False,Error
XcodeEval(APR),760040564369a03a9bc8a78dbca24921,1013,1037,0.26664829876563406,4.20972415804863,0.6757745584040538,0.4402276858220274,False,Error
XcodeEval(APR),c7c224d908d220b5e797f2cc6365b677,428,431,0.4374218043857896,4.278425429016352,0.6112491767463424,0.5158775337018645,False,Error
XcodeEval(APR),d96192b5f0318162b0eaba3d13bb2829,404,417,0.5242773401353561,4.257186144590378,0.274913215060133,0.20573646210716956,False,Error
XcodeEval(APR),c261699b5a2d15aeb5297b4baef38d3c,229,336,1.0803825711611836,5.97864056378603,-0.0058777092722312714,0.016845724282049918,False,Error
XcodeEval(APR),61ae92d35659b2991d575ae82cc9b8d0,936,959,0.2445961521146178,4.662911217659712,0.6783570772458964,0.4975780441993915,False,Error
XcodeEval(APR),62964ce1c48adc8128af1998d5046a75,1309,1324,0.6788364079559246,5.42155297845602,0.19796985331769035,0.15680235799607528,False,Error
XcodeEval(APR),cf41ec74b91f9151840ddee8d5a8bf2c,381,388,0.751720529267188,6.192320704460144,0.14472827160038446,0.14049630917112269,False,Error
XcodeEval(APR),345abc187effe006c08531f1c216c2f0,668,630,0.815601836395529,4.463922396302223,0.15531966330884947,0.06768082187352445,False,Error
XcodeEval(APR),fc2d3f812b4cb6c6ea3b66109f7e240a,792,1036,0.6221042286374374,6.475081887096167,0.03977327377878661,0.1515115399093838,False,Error
XcodeEval(APR),420482792a94aecf98126700f79013b4,565,593,0.744772197415566,4.9576020310632885,0.24476767666014868,0.19075000269023204,False,Error
XcodeEval(APR),a3ea2651ad122b6e1c2b1078ac425a2a,261,262,0.4892785948990234,3.886299431324005,0.4739310614804166,0.487998628151787,False,Error
XcodeEval(APR),d8fa83ab4bfe2d9dd2476702e0bbb6a4,1122,1198,0.6772342496977496,4.778340049088001,0.07900091092128142,0.08751240769330683,False,Error
XcodeEval(APR),db0918c4d0194e87b438e5a895ddf7ab,764,1303,0.9901469214801086,6.429725408554077,0.005602375442707944,-0.033879927531798554,False,Error
XcodeEval(APR),f2214853a2e5bf90eaec98a49bb2ac92,737,887,1.1777101305150692,6.020833434537053,0.016454229862928677,0.05704925468463744,False,Error
XcodeEval(APR),53ce28a9aab1f9c8012536a49368320e,421,414,0.8121452212270691,6.141009721904993,0.22650374104059148,0.21294415646433174,False,Error
XcodeEval(APR),d43243e027ea408da56e0e96c712d637,1027,1125,0.4437048226715127,5.389677496161312,0.6250566069791645,0.265884907112496,False,Error
XcodeEval(APR),0c4e8ea1b73ad99ef27d3b3af7409b15,333,326,0.4464419312586585,3.988881081342697,0.3258679228128206,0.6251837556510761,False,Error
XcodeEval(APR),aaf2fba1a77f6f9c7742f86a206003a9,395,421,0.7411877857521176,4.015391021966934,0.11376750217590673,0.24874843607392833,False,Error
XcodeEval(APR),0147973776fcfedad00743eae08fcef9,669,825,0.76770493462332,4.964609183371067,0.07424688805910032,0.1575464969171368,False,Error
XcodeEval(APR),2b8a1baf96a4d99d6f67599cef777139,626,837,0.7578303626216537,5.672929435968399,0.080196279254628,0.2255298006876405,False,Error
XcodeEval(APR),c83171a525be8a43b6f852de621b5e71,342,344,0.8751785997859589,4.772844597697258,0.23767045238927714,0.25227033257381287,False,Error
XcodeEval(APR),7f5b4ee9f3c6f5861fa59c892bbd57d3,546,514,0.38448289836890964,2.537222944200039,0.4085207225561417,0.5828427353972092,False,Error
XcodeEval(APR),d2762683b7b033ae25e01bf09fde3aee,281,275,0.6621290551126003,3.2659688740968704,0.25517151842128044,0.33414292515470834,False,Error
XcodeEval(APR),afb3d6257bfe97d9995b2031696b4274,152,323,0.856611743912493,4.740105420351028,0.1280387372795057,0.10269540894157804,False,Error
XcodeEval(APR),3f386ae38bf31cbf63779ad2cd748fe5,370,380,0.7921969770208455,5.170271039009094,0.2653401017874097,0.304346002704351,False,Error
XcodeEval(APR),60c466895e32e72c6653069d82781ee0,464,447,0.3762301829824812,4.195354461669922,0.3805138839326021,0.4188304543429585,False,Error
XcodeEval(APR),4b2c5878c3c228ed67cc0e4c4b804eac,340,370,0.7878247566795086,5.696406085044146,0.26483121419226613,0.36586567740465437,False,Error
XcodeEval(APR),3612891f5f829897ce42fb1be61ccc3a,1041,1070,0.5380600994910618,5.533962577581406,0.31192562560871684,0.21035315956462647,False,Error
XcodeEval(APR),0a259a386930adfffdd7990a4b7e2450,987,865,0.3102699760147074,5.566259317100048,0.3665270899061231,0.3252258028125417,False,Error
XcodeEval(APR),97db59d2975c38aca53ff068049ed9b8,419,406,0.7776675913408353,5.186893135309219,0.09529341253479184,0.12689416406676252,False,Error
XcodeEval(APR),5eaae85001c311d8a5777b85cd772b91,880,872,0.31324417046737707,6.074168742634356,0.628627989706829,0.29887501861016263,False,Error
XcodeEval(APR),f5e6604f3e1e34c9eb3366f1fd41479c,535,474,0.6117462391084854,4.084601253271103,0.17281947341659476,0.17459940556466924,False,Error
XcodeEval(APR),af26b8653bf004c2482d9b849c26f7b4,620,611,0.6223210343765628,4.305828170850873,0.1535769017703403,0.26137769620421014,False,Error
XcodeEval(APR),539c6b44fb15b4b829df54abc62b3fa2,759,804,0.5715319249463484,4.459125008434057,0.21304855550914373,0.10493951257457317,False,Error
XcodeEval(APR),974628d203147b735470453995aa1285,520,669,0.7915737591325663,5.637240199372172,0.025921864185319294,0.09304120957979453,False,Error
XcodeEval(APR),5508381044feb13e44de88c526faa461,274,297,0.6259687886773915,5.975249094888568,0.4676389304126531,0.5301883024169403,False,Error
XcodeEval(APR),0379c7af26d34bdce00ba8678435dafa,633,764,0.08613389801965493,4.093144655227661,0.9941982728096298,0.6685080778809391,False,Error
XcodeEval(APR),18bc1102ecab03ef5fa7fbe057d3f745,417,410,0.6538416874416104,4.2699021100997925,0.21318735083376386,0.277780523610882,False,Error
XcodeEval(APR),509d59a56f6a6a9e67f5a55441fde43f,1034,983,0.4189568147838844,3.7825964093208313,0.38643593516384267,0.4148785502459105,False,Error
XcodeEval(APR),92f498db3e82e53bd111a2d52dc589ee,954,1042,0.713990035248144,5.39677107334137,0.16508365778780396,0.1504315593886098,False,Error
XcodeEval(APR),e1ddbb7cff37072df2770baa68fde0bf,823,625,0.6721264838382601,5.243249274790287,0.1797294666994348,0.1906793008302689,False,Error
XcodeEval(APR),b2bf3f1b0eaefeddafad22029237a6f0,1043,1060,0.8049501536147489,5.865576043725014,0.2197247096678716,0.1204913000687042,False,Error
XcodeEval(APR),b7a77da71b8a358788ff83f3bd2493d2,478,496,0.8753212983758972,5.202691489830613,0.07387416845804352,0.04146983470369092,False,Error
XcodeEval(APR),b9cb2fa7ae11d8d5d94f7dd1282cf99a,381,430,0.5738339414716187,3.9865758419036865,0.3459958384232006,0.4764717154005869,False,Error
XcodeEval(APR),c3b6bb4616bed8f2f2ed851ba16f77c9,184,244,0.9470802163205403,6.254545822739601,-0.13560131763980657,0.020627364531732674,False,Error
XcodeEval(APR),652d5e6ceafdb2d97232f47f94756231,376,632,0.7834629091060166,4.880215495824814,-0.027082792482645748,0.06630954884490378,False,Error
XcodeEval(APR),f3f22dc4ffd493236c3f94c9b219022f,869,801,0.6180319799270418,5.598383166245185,0.17560079202742207,0.1276125283123412,False,Error
XcodeEval(APR),ec7f93bef76bde4921c6b544a7eeafef,225,376,0.5043354306701157,2.7241751551628113,0.3758322798145807,0.6047584788154778,False,Error
XcodeEval(APR),b992c4d860fd528121410bdb484d9f22,401,401,0.6224275438149548,3.9142102748155594,0.2397694197342465,0.17888458336951654,True,Error
XcodeEval(APR),5ec03f9fa4d2ff08e70b7eec415dd92d,1257,1282,0.64394315957386,5.533962696790695,0.28648774683308015,0.17477342155706715,False,Error
XcodeEval(APR),48436a7f733f0c7f2640c93234130df2,485,529,0.6694430797773692,3.9924030900001526,0.02512977320849861,0.1650511983926055,False,Error
XcodeEval(APR),34201c4b3f2948fba8ad2cc2c7f23c2b,1102,1292,0.6468524078182449,5.83499500900507,-0.02130270359232908,-0.019389218835281448,False,Error
XcodeEval(APR),e776f48b614daa7a85f5d9bd48f08278,323,324,0.62417760283049,4.029830768704414,0.3602523643578967,0.405238166333086,False,Error
XcodeEval(APR),cc44585450d530e82d43b5471d998a2f,259,288,0.7289236970677339,3.7633402049541473,0.22059593454942292,0.45374634731875785,False,Error
XcodeEval(APR),24a74727b973aa1b2b9e2038dfadb3aa,451,546,1.2584393575138098,6.341723404824734,0.03696943534198012,0.03692774841895747,False,Error
XcodeEval(APR),05c4264379484a1178d718ca95edf791,666,802,0.8325741490700167,5.16696660220623,0.017737707045684635,0.0660108820123599,False,Error
XcodeEval(APR),78e05e9a4e08ca3f4b02b6792b00c79a,317,309,0.4942615455367623,4.037860380485654,0.1840784020239078,0.24674100738652702,False,Error
XcodeEval(APR),1c8ad28d9cf0492cc51ab32821f5eb78,500,559,0.965252451871027,5.625213112216443,-0.0396377905511622,0.043735686554483864,False,Error
XcodeEval(APR),6e483c2213298e68f16826d05b83d3f0,1053,1055,0.6705697690091016,5.796540116891265,0.2865726539509557,0.2780975567518541,False,Error
XcodeEval(APR),27d4087baa6c2223e1dec48fec80617e,297,296,0.0006781166255776141,0.03242683410644531,0.9999602067398676,0.9999947839024486,False,Error
XcodeEval(APR),c3718098d46bf67850bc97f33942cfa6,526,581,0.721620714041947,6.368671780452132,0.012085132348045315,0.13148187233567407,False,Error
XcodeEval(APR),3767c338ddf1520462d7c603b61a9c9c,684,896,0.656402308056359,5.443175762891769,0.1447510634105221,0.11862724043810603,False,Error
XcodeEval(APR),9c53e3b83ca39b0799420b580da3d144,412,425,0.819770405613772,5.633499911054969,-0.004908334009684202,0.09087283469398519,False,Error
XcodeEval(APR),82a7fe09a7f4034354b090c185e9b71e,526,523,0.44379157050429036,3.6560634300112724,0.44851862160231026,0.30534334516705597,False,Error
XcodeEval(APR),fa76a297955318641e881991bef953f6,418,431,0.7521252313748341,4.9880053997039795,0.30724807964661605,0.36163135634927757,False,Error
XcodeEval(APR),acf84ff515d82a76b5d8f6119b13a138,797,823,0.2990526885217132,4.896308779716492,0.6169974740448785,0.41008636177457103,False,Error
XcodeEval(APR),6c9e4c09de11e26baeccd29c11cc0e90,1816,1879,0.4699334594368971,6.835048550274223,0.4526933135292446,0.20369983015460486,False,Error
XcodeEval(APR),0c2a4ce963877f827ffec3ac13c850df,345,371,0.6817723064278455,3.791522704064846,0.17682864106325658,0.28644095640890077,False,Error
XcodeEval(APR),793bfc8a6b300f1c186c19f088e329cb,821,823,0.3588351681464978,7.0582178216427565,0.6431842650974497,0.36051382070019494,False,Error
XcodeEval(APR),b55a521e32699cea4aefbfe6de9d4641,762,744,0.8403055203198555,4.605294287204742,0.07403095704237603,0.12357915053798915,False,Error
XcodeEval(APR),8f0942a2e6d2ff2e0629d5fbe88fb9f4,408,402,0.7831078060295674,4.015527173876762,0.18119352926893534,0.21915476256535815,False,Error
XcodeEval(APR),be9d3ae8bb18671f4c1adf929f96a320,895,960,0.5198886463697386,6.546577699482441,0.33758260376438826,0.2304695595067795,False,Error
XcodeEval(APR),89addcdf4f25591a002254c1eaf15137,3027,2944,0.568099717729951,5.816035412251949,0.4334560533413271,0.15237127391951935,False,Error
XcodeEval(APR),f335efafb7ff0c573792a20ef2614799,1112,1153,0.43521166511087367,5.194300994277,0.6644128228293362,0.3828541356418472,False,Error
XcodeEval(APR),71ca3182f5418b3677845cb4ead2550f,427,407,0.6600208367363073,4.33509236574173,0.2018729036984615,0.2260917217560261,False,Error
XcodeEval(APR),20b75365468f914cf8b249d26ee51113,361,359,0.40025657239761775,4.130898807197809,0.7065843461301048,0.6562486788372268,False,Error
XcodeEval(APR),b334651cd3d5771f6ffe03b2ef3b25ce,389,662,0.9006668806556675,4.675493694841862,0.027765942482503587,0.21210371004884937,False,Error
XcodeEval(APR),a6d672ff263a48e676f3e86a5cbd8c68,459,449,0.9055172487334213,5.844034910202026,0.16294039664863716,0.14682807762154357,False,Error
XcodeEval(APR),d4b28538ec7c2abb43542521f6a528c1,384,435,1.1783932296540722,5.9378490298986435,0.06514996100505238,0.10917941881794972,False,Error
XcodeEval(APR),c7f9272f108b3c75e01bdd2289887786,370,416,0.9642701581435127,5.0742282345891,0.09519746556101824,0.13269906247257787,False,Error
XcodeEval(APR),6e80276c451b80aef12a9bd40bd8fad5,489,447,0.4714674352349451,4.010161593556404,0.2023949703124395,0.39466316100126814,False,Error
XcodeEval(APR),7e912126276d85dabf5351a78ea50597,403,441,0.7812432966850208,6.541628970298916,0.03724614526561355,-0.029489425561103025,False,Error
XcodeEval(APR),7d8c237809774b9cddab5fdcbe2828f1,366,487,0.7539840253207405,4.986430682241917,0.14401985986240792,0.10365690093911943,False,Error
XcodeEval(APR),cd01a2751776ec24575ec3f9167a5e29,365,362,0.8083730901442584,6.181211970746517,0.2802046378180533,0.18014944804962446,False,Error
XcodeEval(APR),ad87baab899ba039e8294973cbc4523d,717,809,0.3376328720624875,4.66575887799263,0.5005216696371407,0.6580350015255978,False,Error
XcodeEval(APR),aadfd4a381651013a12982168fa5fb89,279,284,0.45505727704707866,2.622117340564728,0.3474726209815558,0.510719028069234,False,Error
XcodeEval(APR),f9318a0cf62a5ddf7e3fae4e1bcf103d,445,462,0.754385188941352,5.9964412078261375,0.25385047824814166,0.3299190108639052,False,Error
XcodeEval(APR),0cc18af88d3b9ee747c5c33380c88a1a,958,978,0.28517862153715656,5.93939696252346,0.5688140017372776,0.326325580062023,False,Error
XcodeEval(APR),d0881adf4b3f205e96971e16042559e0,279,448,1.1073422748562096,5.542310073971748,0.08726917083844446,0.2843512946579025,False,Error
XcodeEval(APR),01777b686fb5dc304de894718cc7228d,906,901,0.5193922079136475,4.81768673658371,0.38083325335321755,0.39580719829659483,False,Error
XcodeEval(APR),fbc987ae303104ef45291e4e2f637541,571,687,0.9419299016986776,5.130649447441101,0.05383216654301545,0.06592138152615608,False,Error
XcodeEval(APR),86ecfa4de6fe1fa1f1a66d99607f880d,403,433,0.5020636101819519,3.105991829186678,0.3721688342309288,0.463054918360691,False,Error
XcodeEval(APR),3bbb9d4a866e7502b6f77c0a77560a23,445,416,0.6963009211378028,3.6443455666303635,0.29071215687320395,0.30298253416141474,False,Error
XcodeEval(APR),505f02d1d9192fea9cd936dc618c9b9f,658,663,0.4754660994201576,6.42433600127697,0.37131919855538176,0.3585694679013305,False,Error
XcodeEval(APR),af1f0d31a17baec242ce9718628ae948,1282,1048,0.5695113265570426,3.8026345670223236,0.011107329890256165,0.16294546727307485,False,Error
XcodeEval(APR),a21eb67bc9523774629550cc96c54883,528,539,0.8035326729264908,5.150389730930328,0.1430867703228285,0.17611163055377538,False,Error
XcodeEval(APR),4be6f07595f29a3a119b84d877518f0f,760,818,0.7020315285603015,5.967995159327984,0.15178535354294698,0.14352844474761045,False,Error
XcodeEval(APR),35ecaadb5627c0de42ecfb98df6c6847,551,1072,0.6517053877071946,4.793563932180405,0.11486876179135312,0.3001041505539429,False,Error
XcodeEval(APR),f07aeead401c530534d0eb40a99f09f5,485,497,0.5954852531901704,4.139433279633522,0.373434332915745,0.42697466180947086,False,Error
XcodeEval(APR),3d5e411ca4e69197adb1d22530c299e9,516,524,0.5944123588071039,4.52387073636055,0.34118402842527684,0.33207842995678183,False,Error
XcodeEval(APR),1a0dace4675eb7d5f4a21814c0c6c1df,512,498,0.759438039993972,4.718264162540436,0.13076517875391033,0.20385835881239495,False,Error
XcodeEval(APR),8f2815bc7db9d00bb260d427edde2c0b,431,463,0.6735934681213718,5.316037826240063,0.32788944045756213,0.2958317064533723,False,Error
XcodeEval(APR),6c3b149ab78bea6b5f2db1b7b639cbaa,626,647,0.7313971564222816,5.593756765127182,0.29671995964351777,0.34847785914424023,False,Error
XcodeEval(APR),f4433701d734d739e8163f52ffd9b0b5,596,591,0.6098370350276431,5.780607491731644,0.4243379854947436,0.296817567176841,False,Error
XcodeEval(APR),a348277a84315febe2270aaac7f1754c,393,424,1.0168387132338972,6.7978370860219,0.08986131748781971,0.11728402510913352,False,Error
XcodeEval(APR),935cff1eac1c15f51ed1bb68655d1cab,1073,1140,0.3464452321263041,5.351137042045593,0.37371501036368754,0.3602799998288878,False,Error
XcodeEval(APR),24a7474e77a45f93e0b9c765983383da,533,576,0.3383712980268946,4.556024923920631,0.28130305315114423,0.3548469262601559,False,Error
XcodeEval(APR),9519362299942a1f12d5f7ecf10d30a0,801,844,0.2737060161617392,5.54188059642911,0.669574869007257,0.4596581566607046,False,Error
XcodeEval(APR),23ed15fe1123b92ab148d441727eb10f,500,477,0.6463935395373974,4.157419851049781,0.17938714129371647,0.20571958149678032,False,Error
XcodeEval(APR),f7b61130c5657a152329987c837cc95c,1126,1163,0.4364969438958001,5.240784556604922,0.6632140721606427,0.31845033800245615,False,Error
XcodeEval(APR),d31d8a992a9b0c6180db36bbbf20cece,1529,1587,0.5378367718923561,6.155711712315679,0.31900994757012385,0.2545180632017439,False,Error
XcodeEval(APR),78f799f7b1d9c5748df38ff437963c80,5048,5373,0.5028852462761891,6.457541107665747,0.2515236020334889,0.08643582294196026,False,Error
XcodeEval(APR),9ed5fd39588ba4c0538789c081eba6e7,412,507,0.5848764553513531,3.503652513027191,0.15328999082507885,0.4319773183934751,False,Error
XcodeEval(APR),7a695f4d491f7f9c0f7537a78dcde45e,573,579,0.31417588972735233,3.3966957461088896,0.6299023413057381,0.7140255298875702,False,Error
XcodeEval(APR),6d4eb9e26a39eb62a137b8fa5e9a5c56,297,284,0.5683868311437398,3.102184474468231,0.3140900077796142,0.43501773919689646,False,Error
XcodeEval(APR),8c6a924f4c707fc096e56274fdc902e6,771,868,0.7519537992261499,5.122760534286499,0.1284218191034586,0.18218518356046307,False,Error
XcodeEval(APR),7c12ebfedb57c19c0dc26dd8f84ca23b,351,351,0.000936715165816481,0.005577206611633301,0.9999475524475523,0.9999979698958276,True,Acceptable
XcodeEval(APR),1446b5b520e817f147196be9a4968053,498,464,0.8864604731933751,5.310632109642029,0.059994186004607944,0.031996703613556686,False,Error
XcodeEval(APR),b9cef60e442f8aa9bfe6a91597b487cd,864,940,0.4713492924484618,5.761577844619751,0.47788131720760196,0.31943642884540335,False,Error
XcodeEval(APR),d08c0a69f626700f30c71c25ebfa4000,682,728,0.8239791674202832,5.371898613870144,0.1565992542962006,0.13653850666887704,False,Error
XcodeEval(APR),2c9d9cfa45878b5292a3266125e1a7cc,1098,1116,0.5075738046584342,5.310547452419996,0.6452712602847827,0.2848888068934693,False,Error
XcodeEval(APR),1e5dbacad5f2fd4f783ccbb15f23b6ae,1046,1253,0.8091751560200698,6.35466680675745,0.054910777701551554,0.09387935580169737,False,Error
XcodeEval(APR),bd3e33525a75c2256e4b8db404b4d818,1242,2046,0.9675321496221684,6.049622058868408,0.11134565394757827,0.08983914850461469,False,Error
XcodeEval(APR),08945c615abd9ac761e9c317a2b6389e,5253,5935,6.343368115618666,9.458202878944576,-0.06827992329059596,-0.028763489015513437,False,Error
XcodeEval(APR),bcae166f10457d58259a618890163845,758,853,0.8935243919638669,7.663329243659973,0.00531637725984126,-0.029900943415955214,False,Error
XcodeEval(APR),6480d32924f1eb0a1f7ce684dabaf220,2179,2505,0.6189890834289612,5.549603886902332,0.4037101543900655,0.12539396505179776,False,Error
XcodeEval(APR),93f39bb270dd9dcd4c19d09094c62603,570,627,0.6077577888577556,3.8642737865448,0.29294230871099863,0.3510336114056184,False,Error
XcodeEval(APR),fb4041fb49101401f22c4c0a80da4a3f,668,671,0.27402083468711014,5.66913066804409,0.4842363330029086,0.40405251077684134,False,Error
XcodeEval(APR),51c40b142e5fd45ba62b6ddeb5c7e20a,254,243,0.5370814735184849,4.107283383607864,0.2480994746270454,0.3543485939701261,False,Error
XcodeEval(APR),94df2866a8198f91d37ecec44b0ed969,611,639,0.12586548025776773,5.3621383756399155,0.37565020588472037,0.46726900223898205,False,Error
XcodeEval(APR),22f1cf57323c43c404bfc65204c8efd2,749,783,0.4830980138224954,4.2500951141119,0.290278260497062,0.30620304698229317,False,Error
XcodeEval(APR),64ad7db08d34ba6a08a8e34829c14025,994,1008,0.42037257055279525,4.65532601531595,0.34734727574788477,0.3343824585225941,False,Error
XcodeEval(APR),6b7e960192d33cd0ef5ba4262a528628,235,247,0.6111453800640525,4.385145913809538,0.36293378457100056,0.5382389842480566,False,Error
XcodeEval(APR),d84a554abbf4c7048ac55d535f3c768a,1171,1253,0.7131363705978081,5.232220903038979,0.04920830755988129,0.041408144936623946,False,Error
XcodeEval(APR),02cbfd35328b260c8996cec42b25e1d6,1914,2124,0.6502024379882808,6.3050010204315186,0.07997195382954146,0.06482275932484317,False,Error
XcodeEval(APR),19ea8f94c1bfd4263a9d0b5901c14afa,144,504,0.6886302438409379,3.369944788515568,0.3336910216220561,0.3262482795910816,False,Error
XcodeEval(APR),46e0483a5f522265a3385fad58058efd,931,998,0.5461112601464886,6.546577200293541,0.31537975493905757,0.1461739790873881,False,Error
XcodeEval(APR),a2874d37a226d075e69a8dc3ec2e6d6d,244,298,0.8097152934647279,5.4114678502082825,0.07398733628241823,0.15828796637616954,False,Error
XcodeEval(APR),0cb83a2555716028834a6f3f2c4939fd,926,968,0.34204482631084004,5.160535044968128,0.41244727711208445,0.2925794890129578,False,Error
XcodeEval(APR),9ae00e2aa29b7f8c226bf6e5da311964,1587,2217,0.7569440011491176,5.859927535057068,-0.07422052699565963,-0.03167551403054956,False,Error
XcodeEval(APR),f974ef0d5cd4b19c44d38d6a3264f004,683,661,0.7191210401677012,5.241618037223816,0.18892450703265593,0.20044451338960562,False,Error
XcodeEval(APR),5a2ca94f1bc555cca8abd7a3c57e718b,323,309,0.5993799497237773,4.560725420713425,0.2194313046802868,0.4196947409124294,False,Error
XcodeEval(APR),d4e8227384b77cede13cd76b75d1e499,616,600,0.6274718467666147,5.783920805901289,0.1739168164356012,0.29297400195815104,False,Error
XcodeEval(APR),7a08142525d086deabf7b4f878a9bab0,157,1919,1.1494793265399517,5.615777477622032,0.044176657012261304,0.1385739787720449,False,Error
XcodeEval(APR),1a527ed46ec62cfe9f1920fbe7c55dca,557,559,0.3722172680718881,4.937769800424576,0.4335767385396715,0.52876821055275,False,Error
XcodeEval(APR),771cd1f2ef663e43d6779ada83e55d8f,854,878,0.7315737101127793,5.5142601281404495,0.1279649742232698,0.10694098570542884,False,Error
XcodeEval(APR),5e9c7fb6230a67a0d18a18fed4bad539,460,469,0.7415811076284508,4.911268722265959,0.12250546922532102,0.2055323723252184,False,Error
XcodeEval(APR),956f08440deb9c315a57520532700747,384,374,0.6668534054200509,4.393550246953964,0.463569095783573,0.5051467062744772,False,Error
XcodeEval(APR),8cf8cccd5062af16ed0e5a8f0fbc95d7,367,379,0.34502433367455454,4.265524506568909,0.36717228166191174,0.6367045946306003,False,Error
XcodeEval(APR),139f3a2c1741037468140b8fc4c9a606,363,402,0.4914918526059104,3.4200186282396317,0.17205446487214443,0.42952134345767945,False,Error
XcodeEval(APR),e8897feace492d487838cc5ef1c18b5c,528,515,0.5604584419937099,4.2670429944992065,0.2749324622908967,0.2501107314739678,False,Error
XcodeEval(APR),caf2bceb41cba04631b90034f11dfcf3,310,310,0.6510681775623872,4.479274399578571,0.23268645338526903,0.25196060255509956,True,Error
XcodeEval(APR),7d452b875f24fbcb7b84aac31e4eafe9,231,312,1.2079501875123873,5.816502638161182,0.040998656515897895,-0.001753578607248736,False,Error
XcodeEval(APR),b5ea850ffc5fca39d01d6d4f871c4c24,492,447,0.85067459734488,4.8484936356544495,0.04914194136438094,0.10194357627728387,False,Error
XcodeEval(APR),d2fb78be092c18bda86a19d018485248,3077,2927,0.0646717551394035,4.373059302568436,0.5263090713297618,0.68207246502439,False,Error
XcodeEval(APR),0f2e072d7046b8ca609211c9046f550d,861,1076,0.3626477714946819,5.316226854920387,0.7024925873820331,0.3013407473982322,False,Error
XcodeEval(APR),cb37d2718d1ec19c389a8ee712990435,347,487,1.0075079055485565,5.731955513358116,0.03891179212579248,0.24188069472048418,False,Error
XcodeEval(APR),0a9a248623cccedd9e3532b2f1abf9f9,315,302,0.2502976327468425,2.7092749774456024,0.7368812589164133,0.821798944378036,False,Error
XcodeEval(APR),2f40947c7d85105c15f76185179c0d4d,352,317,0.692278952514077,5.763863950967789,0.14998617472287287,0.2897460501558394,False,Error
XcodeEval(APR),cc5af6190dc013b8ec6c4d9493d93dc1,388,431,0.6484474111972472,5.259719610214233,0.026232050287238542,0.061158007240761064,False,Error
XcodeEval(APR),ce5de6a9ce9ca6b6e2067b292a4e2a27,370,376,0.6281820997010564,5.115739047527313,0.3549890696692353,0.25296616233803393,False,Error
XcodeEval(APR),0a847d657fa59c50893184da6b9e02d2,329,328,0.3232375157843685,3.7634397447109222,0.5938736353984662,0.7050479553512493,False,Error
XcodeEval(Code Translation),b8e0bef1adb9f892f0375c0cccf2e56c,225,205,0.6508419724681028,3.886073589324951,0.15484531487233774,0.23982698083798704,False,Error
XcodeEval(Code Translation),f5129b689ceb1e48f2f66e68838ec6a9,205,208,0.505207434169403,3.772244453430176,0.45454026270702447,0.5255325047415205,False,Error
XcodeEval(Code Translation),4674735dc3a6e2b3ee04716a42159aae,85,85,0.0013106313917566749,0.012769699096679688,0.9999804572991988,0.9999965781576143,True,Error
XcodeEval(Code Translation),0b89808a1534e5dd349fcd06e195071f,374,578,1.2707534142326935,6.986491470132023,0.03410061504494559,-0.013337545303733373,False,Error
XcodeEval(Code Translation),09db9e23b44680728ab604ac7c73f0d1,93,94,0.2717208704680845,3.7123382091522217,0.8751902360418966,0.7745135970515113,False,Error
XcodeEval(Code Translation),c5f35180ef15a02ed6e393bfaf68100c,204,212,0.8143680338098955,4.951808869838715,0.2273063304379784,0.255032987579447,False,Error
XcodeEval(Code Translation),c2399d1f0ab3033d9ab608c13f8786e4,385,414,0.7135565926060806,8.65830010175705,0.44571760816903305,0.42057154566450394,False,Error
XcodeEval(Code Translation),bf7c81dd212553d705a9715937dec451,102,107,0.8526858215576366,4.234658896923065,0.17771457328485563,0.3290024730522912,False,Error
XcodeEval(Code Translation),c7266053f2cde2a21f9fccacbbe7c3e9,65,64,0.20243469305569306,1.6153528094291687,0.6924908424908425,0.9120760106912241,False,Error
XcodeEval(Code Translation),af32cdb0f6fe5d9018aaa8064a2a0d22,72,78,0.3185661220535015,2.35097599029541,0.8220464338542673,0.8801739896674552,False,Error
XcodeEval(Code Translation),aca21bb2e16f022541ebc396c6c9e617,110,114,0.5326120181178505,3.2711776793003082,0.37160246151071835,0.5253774440439589,False,Error
XcodeEval(Code Translation),c38899e593c8c630929a64286fb37eef,71,69,0.795445449191375,3.1505547761917114,0.39543295579101206,0.5203168820700925,False,Error
XcodeEval(Code Translation),a16212a8ee7ecf65b5955c0a7f0b2455,219,224,0.7787896601023944,4.5280628725886345,0.1783621054074743,0.12820540411698955,False,Error
XcodeEval(Code Translation),b44f33d8273f9a0eb0be9a708427bbfd,182,175,0.7756818010125841,4.148706153035164,0.23841244961934618,0.3605107094765901,False,Error
XcodeEval(Code Translation),56f393116458e49588a208941dff7e70,90,95,0.7233483001382814,3.7910536527633667,0.385553772070626,0.64886606568229,False,Error
XcodeEval(Code Translation),af805ff642c1a193293b9f8d8fa57b15,532,664,0.8266901761605019,4.815185129642487,0.07556956435353337,0.12925823361509142,False,Error
XcodeEval(Code Translation),14f2fcbebe004325f3e048c145c5315a,85,87,0.001567908179234056,0.012769699096679688,0.9999218291967951,0.9999963864956013,False,Error
XcodeEval(Code Translation),f1c5f5d2610b54c0dcb2446b6cd08764,285,370,0.8843875264994016,4.968247294425964,0.190563846827746,0.24527460873074822,False,Error
XcodeEval(Code Translation),f892d01f59dd1de30e9252936ba2824c,56,172,1.596163788666932,5.9026980102062225,-0.16951469583048528,-0.07116800056386936,False,Error
XcodeEval(Code Translation),ed25f620ddabe07d3592709cb379d54b,176,162,0.6191023278199597,2.60588800907135,0.2902601187477154,0.5771045936508715,False,Error
XcodeEval(Code Translation),56c6751974f82a6fee1a0feda9d9d845,165,164,0.28282429449396523,2.584456168115139,0.62420796321739,0.7847953141396918,False,Error
XcodeEval(Code Translation),d4650e0a640a1a8d8f8c54567b11ef8b,269,319,0.8676969016310119,4.473493963479996,0.13969865665476827,0.19199210099427574,False,Error
XcodeEval(Code Translation),542a9f2db1aa74ac9dfede338b04b3ea,152,144,0.5950424266759202,3.9346341751515865,0.2749819146370871,0.6272582263215902,False,Error
XcodeEval(Code Translation),b135a9c29bf44124df17fc95faeca6ae,95,83,0.8827371548591967,3.837522432208061,0.15257545862894084,0.3488716377852741,False,Error
XcodeEval(Code Translation),6852f035c129228f14581a7d946dc66f,87,81,0.6174637610437693,2.557346820831299,0.5181571815718157,0.6296563750445285,False,Error
XcodeEval(Code Translation),a8948af3c3c7de013b8967401d375eb2,57,60,0.0705679777944297,0.8358950167894363,0.9254602022297124,0.9867142532810979,False,Error
XcodeEval(Code Translation),83cecd52af6809cfa8a63d92620fb9b5,655,679,0.7194717853730864,5.3058739230036736,0.12573777968328043,0.12895506317842534,False,Error
XcodeEval(Code Translation),9eb3de6324f9379d15525cc478b8a77a,182,187,0.7079271925485355,4.474969863891602,0.09755546509463726,0.24140496260146113,False,Error
XcodeEval(Code Translation),0df7f7625d37884463f6ecec4d35e323,34,35,0.9104776023065343,3.625060200691223,0.5556913674560733,0.5089263533381726,False,Error
XcodeEval(Code Translation),118c6d750ae46bba0579775a93087f1c,76,76,0.6451866361067483,2.632598891854286,0.45640464798359537,0.6732428531882992,True,Error
XcodeEval(Code Translation),9c7a1ba9578c7570ce601cb8a019cf7f,135,133,0.6206212889024973,3.2105022072792053,0.31445812631987025,0.5283113807150128,False,Error
XcodeEval(Code Translation),7f3fd87901d9e4959b5e8eacf6442537,49,44,0.536388024687767,2.982398569583893,0.6473572938689217,0.6508333670059077,False,Error
XcodeEval(Code Translation),04b4e54084b93151383897a73537c412,254,273,0.40595083993192266,3.0462944358587265,0.4934347807779549,0.5679014744103987,False,Error
XcodeEval(Code Translation),3e605aaccb3aa27f1dca25ac42496736,98,97,0.5963531921128022,4.070052146911621,0.5747554176309699,0.6732602604159359,False,Error
XcodeEval(Code Translation),7e7f259ce25120a9829c6914a9bfa5ea,149,149,0.04420344478406962,1.092509388923645,0.9911953564302557,0.9946194190619028,True,Error
XcodeEval(Code Translation),e26542487de9a5d01d2729ace9cfd3d0,23,22,0.364323825660077,0.9982686042785645,0.8644833427442123,0.940892397587556,False,Error
XcodeEval(Code Translation),2bec2326ca5bfba429dba84c103ad4ff,84,88,0.23695831025196684,1.408279538154602,0.4977624784853701,0.8343974429425898,False,Error
XcodeEval(Code Translation),843d2f42f3dea3c7df5939ba06854bbb,88,97,0.44350110326724296,2.3636852502822876,0.39584727554506716,0.7850407209262503,False,Error
XcodeEval(Code Translation),baa99773321c750da3054ed6469efb4a,110,135,0.8618960692462596,3.5386744141578674,0.2534679800734847,0.27481272997402384,False,Error
XcodeEval(Code Translation),99c9d473cc583582cbe2a6bf3c0ed9f8,144,149,1.0814927462488413,3.9552766419947147,0.02386866007555663,0.15747667202123694,False,Error
XcodeEval(Code Translation),5d3d28d4fac76977607045763f95ae58,325,328,0.6557163994444104,3.6205164194107056,0.2965357523639733,0.31645168547619085,False,Error
XcodeEval(Code Translation),82396fe414f2eb1ab06908f9d82640c2,90,92,0.4000848648914446,3.6649948954582214,0.6372227023912417,0.8069447823348246,False,Error
XcodeEval(Code Translation),b943d2460fc22a71a2c9afde4079f863,297,301,0.4935300806129621,4.254788041114807,0.45003087284966486,0.47529807719103845,False,Error
XcodeEval(Code Translation),efd1d3c38fb117e711911e1c05668897,138,147,1.1092697035932941,5.456144370138645,0.0645107525531463,0.031181507788434364,False,Error
XcodeEval(Code Translation),9558081b1bbf5832e8c3ee4040435aa1,180,182,0.11725970662923323,1.39939284324646,0.9018076689609763,0.9533814962201748,False,Error
XcodeEval(Code Translation),680230096a69db1935fcd882454c8017,175,201,0.6328978496044875,5.362657725811005,0.2631862964621586,0.4198471096579928,False,Error
XcodeEval(Code Translation),5d2534cf865c2e35261f5d50a163ee60,191,276,0.7121866384462614,4.0489150658249855,0.05946197299531551,0.38163635744593416,False,Error
XcodeEval(Code Translation),4d90d0cdef1a876dd8f755ae66a4afad,500,471,0.6535335266310128,3.855751723051071,0.17303157609432174,0.2208449379206719,False,Error
XcodeEval(Code Translation),68049747e245520f31423f52da446679,175,160,0.38559939510305413,3.1402046512812376,0.7551125043947029,0.8227693668441579,False,Error
XcodeEval(Code Translation),370d5138743f6a78a651d39ecf06850f,634,739,0.38838011426091884,3.883312165737152,0.33445071126540954,0.3380316610669931,False,Error
XcodeEval(Code Translation),02903a68fbebdd117f779ac36a3f3c3b,83,76,0.7484148957546016,4.188814863562584,0.34564593301435403,0.31652730988832156,False,Error
XcodeEval(Code Translation),81c071d31188e01a4ff829cf7c79e382,178,181,0.021872363356726893,0.7101564630866051,0.9773153078583595,0.9942819409721309,False,Error
XcodeEval(Code Translation),65dfca28344f0447b39c3dc04b7b60d4,220,367,0.49448881817304274,3.892503246665001,0.4130258138316156,0.5421856052198473,False,Error
XcodeEval(Code Translation),d39540c42d75b8e44f02e04c65414ae4,118,123,0.6701057026541587,4.11727237701416,0.17273819566940207,0.45751724116441417,False,Error
XcodeEval(Code Translation),40326a1fa3bd7da93c39814a2334cc6a,148,157,0.7021620804695664,3.2269335985183716,0.26729030084734784,0.4236447120609863,False,Error
XcodeEval(Code Translation),8f80de3f88ec804850b25ec4b104c1b5,74,452,1.7471121448796947,5.278016895055771,0.2821029248426508,0.3837985375160987,False,Error
XcodeEval(Code Translation),524b08bf5bee939b96bb80c67b225aca,111,116,0.6090050987974817,5.254150032997131,0.3345472095472095,0.6533842437929323,False,Error
XcodeEval(Code Translation),ecf52408ae8f238e9d6ce096ed0f2ca0,295,413,0.8571771547640279,5.251169890165329,0.19903895593968238,0.4320104435337633,False,Error
XcodeEval(Code Translation),25f51c7117f1ca317213431b9e24ac58,415,368,0.7208624587169059,4.180130651220679,0.1996223427463513,0.295157310231202,False,Error
XcodeEval(Code Translation),3e2bc178f89a166ea0f3e8292198aca4,135,137,0.09129377989857285,1.7486813440918922,0.872553897180763,0.960741674260974,False,Error
XcodeEval(Code Translation),d2282e072300044aacb9d4f8c664305e,392,339,0.35682181096026205,5.685864105820656,0.12469898259350867,0.6952718274318153,False,Error
XcodeEval(Code Translation),287dea8398d5e1a97f03fc5914ca8133,771,737,0.5313827811855333,3.9312298595905304,0.19159783484006745,0.37788278433815137,False,Error
XcodeEval(Code Translation),5ead719633d5c24a1dec169cb4b8a760,273,278,0.8838368288297616,5.575972855091095,0.36154860596681115,0.17530515948862357,False,Error
XcodeEval(Code Translation),f56703740c056b211d6138baa0f20970,153,155,0.5599836995399076,4.026561498641968,0.3369017463444708,0.38553558542050215,False,Error
XcodeEval(Code Translation),e72e306d5707b9b0ce41a97578f39797,355,404,0.7323258330324062,4.653846502304077,0.20910115041802904,0.27560891035238955,False,Error
XcodeEval(Code Translation),ddcdf7cb77ada3407a741569bd1f2fb6,169,178,0.6400100916194228,4.6507054110988975,0.39223310626025565,0.5819947160924596,False,Error
XcodeEval(Code Translation),4a5950e17333189c0b580ffe9e0cf1ca,308,310,0.8174306094879285,5.680426925420761,0.20128206760508077,0.09235396236101995,False,Error
XcodeEval(Code Translation),5d4a9af0828545fa8752861c502fdd89,84,81,0.6985212527445437,3.355823278427124,0.2579268292682927,0.37674378204764136,False,Error
XcodeEval(Code Translation),039ff364b553b483d33c0a09a2b7aa8b,395,530,0.9083869830705226,4.661754667758942,0.33208133510131843,0.27640455254335183,False,Error
XcodeEval(Code Translation),476a4f1bdb7c82ee5f3dd5a04ab1144a,27,26,0.31549962208821225,4.100666642189026,0.8502564102564102,0.7632915813064345,False,Error
XcodeEval(Code Translation),aa7045bfd1bcc038516c12641bac9029,164,149,0.7038868868711011,3.3189893066883087,0.16569562851442046,0.3339047475216089,False,Error
XcodeEval(Code Translation),bf56cc8a6c59942c6a2aab11fdadc901,51,50,0.07779968243092299,0.7160509526729584,0.9828091236494597,0.9879974549968454,False,Error
XcodeEval(Code Translation),d13597de962f57e4aa28ef1b0eaafd64,96,85,0.4659216358271592,2.977126568555832,0.7135430916552667,0.7644887188906342,False,Error
XcodeEval(Code Translation),8d6a8b7223fd746746262f8637bad705,435,414,0.6522892208540462,3.999788522720337,0.21825903466481997,0.38994324225650234,False,Error
XcodeEval(Code Translation),b28fe6c6053fb7f2e23ddf8a065070d5,130,115,1.0566250317770502,5.475568920373917,0.2650122307267419,0.42416237838417514,False,Error
XcodeEval(Code Translation),bc6964eaf5b35db30175aad42382eeb5,160,166,0.6685720857523847,5.492445811629295,0.4287003398570256,0.5708660377668467,False,Error
XcodeEval(Code Translation),017ce8d247bdc8775ae70083a8217857,60,113,2.0723563348098346,6.778248116374016,-0.07352042233953877,-0.036233566061333614,False,Error
XcodeEval(Code Translation),24064b012331e7ff157177a4e7127d72,682,944,0.6864124591116824,5.509792312979698,0.2321131742637521,0.3898465703363311,False,Error
XcodeEval(Code Translation),29a54530f175f60d48f86aa3857eea49,205,224,0.5637979076312083,3.5477805137634277,0.29745232689334317,0.6872320537603227,False,Error
XcodeEval(Code Translation),77593031c1f5e3857ffc101a58a71f64,109,120,0.848169451417111,4.485459119081497,0.3098878695208971,0.22665851653958424,False,Error
XcodeEval(Code Translation),d7ead9492a591eada955cfbb671415f7,351,341,0.48341102789694174,3.9388210382312536,0.5572068432250196,0.4314002033327448,False,Error
XcodeEval(Code Translation),0de5afa1aac9fa3ee7daae04ef25e11b,134,130,0.3576515856270607,2.0653709173202515,0.641316964590531,0.8348527957234156,False,Error
XcodeEval(Code Translation),193759ed065ac5ad263fe5acf2fc8fee,50,46,0.616387386927786,2.485220044851303,0.3715695343817453,0.5078642622322781,False,Error
XcodeEval(Code Translation),ac526440778d15610c2ec12d8598de00,30,27,0.552230961896755,2.9800442457199097,0.583028083028083,0.635279044125729,False,Error
XcodeEval(Code Translation),353f10554b4be814f1a215802ec5a016,353,358,0.44604185559304044,2.9741762280464172,0.6555424667280672,0.6377562768425707,False,Error
XcodeEval(Code Translation),ba2506d0eee6d0558a2e55d42a0298b7,197,203,0.5862158122307002,3.650436520576477,0.23162213662576245,0.48553185313912844,False,Error
XcodeEval(Code Translation),9628e646abca87fd8adab181ed93f9f4,40,35,0.5195802756718226,2.7685007750988007,0.5274509803921569,0.7048300519415638,False,Error
XcodeEval(Code Translation),0410d92602dba1106c848f2859f6324b,208,253,1.022851966872762,6.372133448719978,-0.07955545598566194,-0.0012324540178939823,False,Error
XcodeEval(Code Translation),bcd1ddb4c30653873f9f59e18c885c8e,116,144,0.3234702817260705,3.182949796319008,0.6165148195133202,0.8332350151164186,False,Error
XcodeEval(Code Translation),9755f849269ff5bb60d9d901fc8e89fd,43,42,0.25103563797615824,3.1259487867355347,0.9131350781946359,0.8200585371967242,False,Error
XcodeEval(Code Translation),df9ed0d7f375e023859aca287e9f6fd8,220,238,0.7989073804241013,4.15319250524044,0.09614060395688115,0.1663239865991416,False,Error
XcodeEval(Code Translation),a2bb8bf277c9a7e38fd36b0ab3be74dc,125,128,0.4543985374886543,3.5814609974622726,0.7017081413210445,0.6451174250417714,False,Error
XcodeEval(Code Translation),8800e5d4950213f69c83efa45ec08763,59,61,0.4281673257128667,4.709999859333038,0.7549970777323204,0.7801017584832728,False,Error
XcodeEval(Code Translation),b99c89a4e62f684f82dbabe9ffd3bf90,69,66,0.6716487085390271,3.9737008213996887,0.5126187245590231,0.670710281364194,False,Error
XcodeEval(Code Translation),9656f64464844ce39a26eee81633c2d8,133,135,0.38327549039421227,4.40894091129303,0.7965589006437396,0.7811463680219132,False,Error
XcodeEval(Code Translation),fcae61f21d6ba30fdf3c6acbd4665a44,178,164,0.3787910352040809,2.0555088818073273,0.5296423761783629,0.808397449636771,False,Error
XcodeEval(Code Translation),7d6dbb372fb5e992c7dc5f8a71465dce,221,219,0.4287996679782595,2.956355318427086,0.45413872290835977,0.678813894683041,False,Error
XcodeEval(Code Translation),6b91f627402983ecbff1a2120d0c367a,105,104,0.5369614905212075,3.113868623971939,0.5743198549023792,0.6796400718540959,False,Error
XcodeEval(Code Translation),db4c686783828d5c8f44e6fd0512d7e6,169,172,0.3686273688913362,3.028491333127022,0.6776241857689823,0.7015404404775032,False,Error
XcodeEval(Code Translation),d56b8666e143e1c29d006069f64334ad,235,282,0.7639279512173318,3.671225920319557,0.22513245859801936,0.3643569275085143,False,Error
XcodeEval(Code Translation),3e5c35298c1fbd2cb68ac0823a7abaae,59,59,0.0667459107619726,0.7381089925765991,0.9889538281706606,0.9901838831822023,True,Error
XcodeEval(Code Translation),35dd50b0c3b9fcfa7ffb7bcee7f864ad,761,818,0.29973644787952325,5.612222075462341,0.407814221368812,0.5090778590118763,False,Error
XcodeEval(Code Translation),372b7f96a1ab19d657999893eba5d65f,86,80,0.4146711132954806,3.738045871257782,0.7319737458977965,0.6169935589932132,False,Error
XcodeEval(Code Translation),ee1f53138f75011c00045a88dbd80062,135,139,0.003555067366471997,0.2320401668548584,0.9997707540727734,0.999693751665717,False,Error
XcodeEval(Code Translation),f7a483432ed1a322351a74139510608e,371,367,0.42688425199784674,4.877244591712952,0.7624378278542866,0.4617446208867538,False,Error
XcodeEval(Code Translation),e2767a066dc65f63df60fa7ecb4baf60,491,586,0.7578054614321948,5.876908704638481,0.10953702229985432,0.05513385009807273,False,Error
XcodeEval(Code Translation),fda35fa379a854d9fb285e08062e5d5b,78,80,0.0016360189288090437,0.011520147323608398,0.9999241265064049,0.9999966986806159,False,Error
XcodeEval(Code Translation),4a0d9fdb2f8cce93a73f95e60e8d1a4f,156,149,0.5394463931404104,3.077910393476486,0.39054235443497193,0.6316872988096786,False,Error
XcodeEval(Code Translation),9a61c079ea554026a7f0f5c44c32c73a,87,141,1.1552455624105173,4.38399863243103,-0.16481373478165776,0.07259760139017042,False,Error
XcodeEval(Code Translation),0295a1be9f2362a0836cef7cffce0e75,44,62,0.7438681017268788,3.737648367881775,0.3068357998590556,0.6551742068482933,False,Error
XcodeEval(Code Translation),acb5791990a5f5a7d80d8c56d19e3ab1,995,1094,0.682598583845114,5.39677107334137,0.1987162790267061,0.16522523445013076,False,Error
XcodeEval(Code Translation),d48956348fa677078f8d555e47b644d6,78,79,0.06920104932326537,1.8009881973266602,0.9960039960039959,0.9867415405085131,False,Error
XcodeEval(Code Translation),7b10a5dd878a349f713d3acf2d892bde,144,147,0.17562436402335557,2.3721092864871025,0.8354272164616993,0.8301822949232154,False,Error
XcodeEval(Code Translation),21e856e1cf6b1d73d302c2c139e928de,94,106,0.6878250253168826,4.151827275753021,0.3246974677599971,0.4420003850875284,False,Error
XcodeEval(Code Translation),211b92d22a43fe2581851823dc83e224,90,89,0.3200561853355906,1.7856546491384506,0.7567585972080354,0.7921581122423441,False,Error
XcodeEval(Code Translation),cc9f8deeb5689a0f15bcb2811aa4d060,238,248,0.6988904500935822,4.765548855066299,0.22023518374035705,0.5687939132493038,False,Error
XcodeEval(Code Translation),dd3766ac6147e55ca517fba622aba361,115,117,0.1627079143634309,3.133135885000229,0.8710092322259922,0.9035943311265434,False,Error
XcodeEval(Code Translation),43cc2339b9e3e036f76b57ebf96ffbc1,21,51,0.4553954686437334,1.6983356475830078,0.6649350649350649,0.7554973524172737,False,Error
XcodeEval(Code Translation),e4d7c1b12aca950f2bb52adf94d15eca,163,170,0.6389351573778442,4.640335116535425,0.2793710963694504,0.3233703641239346,False,Error
XcodeEval(Code Translation),576eda555f961a7498f42f10b898ae36,384,418,0.9553615104033876,5.501075312495232,0.19587946322606895,0.21835837377248807,False,Error
XcodeEval(Code Translation),48e9b5b56d4e8cae9592594c1b76fcc4,55,53,0.4362822771248109,1.991433173418045,0.6394936300596678,0.6762142875567713,False,Error
XcodeEval(Code Translation),83f3ef4575863aba2b09b270268e9fec,143,151,0.3790156510300361,3.279757261276245,0.6261531895334711,0.6642949572363823,False,Error
XcodeEval(Code Translation),720629dd119c54ce49be68217d4b455f,21,42,0.6921437638146537,3.7334619760513306,0.35974025974025975,0.5724248885720433,False,Error
XcodeEval(Code Translation),2df089654c873bc54b798666c4676daf,335,300,0.6662908858899027,4.663371294736862,0.20520672451916133,0.2914010704063794,False,Error
XcodeEval(Code Translation),3bc0934e1734bf115f59171f6e7ad02d,243,241,0.3624020544348354,4.794790148735046,0.5664551970097048,0.6625904674415366,False,Error
XcodeEval(Code Translation),45e616896983753fce494c3763f78a63,469,440,0.3544474765626629,4.0588454604148865,0.3830068618874346,0.5596156900960378,False,Error
XcodeEval(Code Translation),cebd3437e28d42516718358d25a2576c,120,120,0.5720215027530988,4.16655832901597,0.3971942496006667,0.2873953965688574,True,Error
XcodeEval(Code Translation),bdb1df1f2e2a7a9e41c4a518b3ff5c5f,566,578,0.5892752578063266,4.275568023324013,0.2547643120956858,0.3606951395060908,False,Error
XcodeEval(Code Translation),b1c3b766f782f8dcdfe561631145db33,75,73,0.8934362997390228,3.402696132659912,0.4009317536714798,0.3729443525228473,False,Error
XcodeEval(Code Translation),da7acf771c2a7475d536e7a53bc7d21c,81,83,0.7007672694040301,4.0925969779491425,0.21585365853658536,0.32039926511639943,False,Error
XcodeEval(Code Translation),f859632d746d41ffe19623b6a4013c40,40,40,0.4235836710780859,2.9312380217015743,0.6403377110694185,0.6793717911097525,True,Error
XcodeEval(Code Translation),c71d7447a0747a1ceb29819809adff91,223,242,0.71340774234401,4.539762556552887,0.1735168464428554,0.3110563178650458,False,Error
XcodeEval(Code Translation),a4665e9d10b3055eda90d4057883c127,169,167,0.31386960253208696,3.053968667984009,0.5967333834911932,0.6806694531815107,False,Error
XcodeEval(Code Translation),0469a415b73c86652f520eaf69bd7311,425,438,0.5654991216245381,4.993260890245438,0.2915295993497054,0.28063870909255145,False,Error
XcodeEval(Code Translation),284841d6397e5efbea887bd07521e0fe,186,188,0.002175431262942091,0.18944371491670609,0.9993025283347864,0.9998784245851382,False,Error
XcodeEval(Code Translation),c72c86724ab0f647cde1723ce1f08fe2,603,600,0.40065950746259965,3.185369648039341,0.38270206306128624,0.3493835178621836,False,Error
XcodeEval(Code Translation),5c1b33e5ce776e4dd5eff74b0c97b3e5,121,134,0.7408730509298399,4.251197993755341,0.1824210811543151,0.18837636975022565,False,Error
XcodeEval(Code Translation),d55b00fff9e7ec22f5b7f7357032d8f4,290,321,0.8026981335615033,4.441736340522766,0.06830348960646135,0.11919238935746992,False,Error
XcodeEval(Code Translation),9cb3b1d773068be92c7d0d7ee78afa79,649,613,0.6910615964241168,4.019630953669548,0.06361559454459129,0.16958487630947916,False,Error
XcodeEval(Code Translation),26c6809c59601396f3aa49c23268240d,421,421,0.0019099752412060377,0.1167144775390625,0.9998785816405792,0.9999507917135348,True,Error
XcodeEval(Code Translation),f5c50c1c6c02d6dd29d047c94102d53b,240,242,0.34255499000428247,3.485140923410654,0.7968324102849007,0.7070911192158695,False,Error
XcodeEval(Code Translation),0709e40ee49b6439d328de121380ddcb,119,139,0.7948926123125213,4.880404770374298,0.4502777382139297,0.451193971624034,False,Error
XcodeEval(Code Translation),7a126f31fe0dfecbc039ed1b05443872,324,320,0.30951186488819077,3.7191626578569412,0.7710961532827468,0.660221148049251,False,Error
XcodeEval(Code Translation),ec725fb028ea9e93358b2bbd5cfdaf50,142,146,0.33812440122464593,3.369757652282715,0.6979909512124077,0.7469678803432118,False,Error
XcodeEval(Code Translation),31a7ec35764fc8b84fbb8ec5e08a4a88,1164,1054,0.4935460844951058,4.938121814280748,0.10309215079307799,0.16193088899207186,False,Error
XcodeEval(Code Translation),eb80b09d9d445d4a33618f63c27671ee,350,335,0.7242841830650872,4.18694806098938,0.1461639620545689,0.20102275246889317,False,Error
XcodeEval(Code Translation),c9cf64c6757332cf84ef69feb12de758,192,193,0.7164944334654137,4.22743034362793,0.17900910126685296,0.265239574519588,False,Error
XcodeEval(Code Translation),debb6f667ff541e23882ae83905274c1,1149,1135,0.2816397743316014,4.779349513351917,0.43551435058384247,0.45169014184557793,False,Error
XcodeEval(Code Translation),f666aa51937879517471ed8bccc769c6,85,84,0.6008171287054817,3.5280579030513763,0.5696871519692215,0.7260763027170081,False,Error
XcodeEval(Code Translation),cdb31f94a3fc62b6fc60d366bba94736,94,93,0.523644233302724,2.182952642440796,0.504714869744263,0.6827044744982611,False,Error
XcodeEval(Code Translation),94e0c39ff2bf65bee371457a233d0446,95,89,0.8104369241294315,4.095415383577347,0.41925434116445365,0.33873350825700344,False,Error
XcodeEval(Code Translation),1e41831839960ab90b13e2a5b45fe063,211,213,0.54115692883624,4.352203965187073,0.3278726638647948,0.418284260880333,False,Error
XcodeEval(Code Translation),c7a646a1b94b6b444a9f76ae62685cb1,48,48,0.06786781013943255,0.3238375186920166,0.9914242292661745,0.9955294452630045,True,Error
XcodeEval(Code Translation),a682dc2f576fcf7c5e1ff861157b5073,193,196,0.630922745387287,4.7982017993927,0.36670383526521017,0.3722918293735986,False,Error
XcodeEval(Code Translation),cb3d87cabc9addea838283045613979c,111,112,0.030920405484115083,0.5676296949386597,0.9957002457002457,0.9963459274377715,False,Error
XcodeEval(Code Translation),c0dd0a79eb63974a05de422f1526913d,320,321,0.5861458760744427,3.454068347811699,0.38808740808015707,0.4662223342184415,False,Error
XcodeEval(Code Translation),dc54c78363075fad4e2cf9cd1a46f2e8,249,234,0.6696467772046597,3.9123551696538925,0.33230029338147327,0.33526220373363824,False,Error
XcodeEval(Code Translation),1472d5f79906c025fc62bcbf12599073,62,65,0.8587950022230225,4.508242465555668,0.37649517765858326,0.41351536479363626,False,Error
XcodeEval(Code Translation),c7a01006d255c2863a544f9789a87e51,256,249,0.7243280783931474,4.737574815750122,0.2973346288379324,0.291833781449318,False,Error
XcodeEval(Code Translation),47c36fca2488b065bd77f206a1dfd378,527,506,0.660250898888666,3.265522599220276,0.1282899424493517,0.3626109621518281,False,Error
XcodeEval(Code Translation),eb1ebcff08761d7266835de597275ee3,84,77,0.5588621586657964,2.3404101207852364,0.560833902939166,0.6575831204739091,False,Error
XcodeEval(Code Translation),da3abf19b7ef387466a9c7fd5850b9b0,58,57,0.4406551411538793,3.310998260974884,0.6952294529427017,0.806395012032771,False,Error
XcodeEval(Code Translation),f8bb16e4c5adf525c0f494afa4c3cea1,100,92,0.6596061080066569,4.037611365318298,0.46804247645762365,0.5701874313428662,False,Error
XcodeEval(Code Translation),8f1eff4d0eafee828aca29685fc14984,13,13,0.0018041317279522235,0.005622744560241699,1.0,0.9999982894225785,True,Acceptable
XcodeEval(Code Translation),5ba2789985ca77388eac0021778b0a43,149,147,0.6016610921012099,3.6239286437630653,0.13257372552871574,0.3881524278481575,False,Error
XcodeEval(Code Translation),3d4ab78f15cb725f09601b7bef5d2274,233,248,0.6895720957030937,5.402263347059488,0.29103626628415735,0.31333242778824877,False,Error
XcodeEval(Code Translation),e3245c29bc0d78356b770f14911a65a5,459,650,0.9762724236824117,6.156736232340336,0.001068808005450139,-0.04726554966790515,False,Error
XcodeEval(Code Translation),a72def48f67b3ac383077d2e1a900fe7,115,104,1.1465253218059213,4.665664464235306,0.1172943561293076,0.3613898924192278,False,Error
XcodeEval(Code Translation),79fa3876256ee7d2716563b188ca7c1b,55,57,0.5033269555053927,3.4387314319610596,0.6285714285714287,0.6824012097961469,False,Error
XcodeEval(Code Translation),b55dc5b34d55f7d7ca7226f31d700712,263,253,0.3116472213300821,2.6841717064380646,0.7310326327786103,0.8081197019535654,False,Error
XcodeEval(Code Translation),f493fdd318cd0626cb3e8aeedb2cb692,63,60,0.7150502552899222,4.056930780410767,0.2285079188663518,0.42377838781006905,False,Error
XcodeEval(Code Translation),2a3b799affce260fd92223fc6b490040,273,298,0.8398644297687343,4.133570536971092,0.197992700729927,0.15678835382554723,False,Error
XcodeEval(Code Translation),15df3e5c7ca521a7d453ad7897196a37,129,130,0.28062808307884046,4.145826935768127,0.8194991055456172,0.797566554491274,False,Error
XcodeEval(Code Translation),49d362b4da6bf5886ee526358dfaabfd,24,20,0.5263859458267689,1.74701589345932,0.6030075187969924,0.8326766281643453,False,Error
XcodeEval(Code Translation),10eb0721fcd0ed627caafb702ab59c85,513,507,0.36002984038133706,3.5645983815193176,0.5974758657190912,0.6286777264502083,False,Error
XcodeEval(Code Translation),e0d3b5602a8120e061e3f0f32a21b8b2,171,181,0.9017476265629133,4.594616860151291,0.190608875128999,0.21848797652482,False,Error
XcodeEval(Code Translation),e4963bcdd8ee4250457549bcc6654b9c,190,172,0.7926656350325576,4.961778091266751,0.3708831832235515,0.43192657007223034,False,Error
XcodeEval(Code Translation),694d4a0652888d4431560b574af6a363,106,106,0.8616946724963919,3.4462958574295044,0.19654381943219892,0.26180070628726426,True,Error
XcodeEval(Code Translation),a5bbb353b7a953b89ca57d8ca4f5aa51,178,166,0.6933171944300005,4.578772559762001,0.03045956280210663,0.23183163826390812,False,Error
XcodeEval(Code Translation),69c11f9b8516140dc52eb025ff9948e8,110,126,0.9213672296694395,4.37715744972229,0.14383607961589612,0.43364786368777863,False,Error
XcodeEval(Code Translation),32af0bf8da4afa29c491f6a820eae8e8,295,279,0.27284535475068566,3.089372158050537,0.6809192277514394,0.7161807342049582,False,Error
XcodeEval(Code Translation),a35808de45cc5f8bc02c3c843f0cdfd5,433,425,0.2629155031284865,4.015207767486572,0.49395397914680095,0.7005521369708111,False,Error
XcodeEval(Code Translation),da907f50aa62717837063c35cb5b18e6,182,188,0.49311277806595133,3.322367139160633,0.482008617231876,0.7405269531180467,False,Error
XcodeEval(Code Translation),488819d35b104a525d421ce5067a1dc9,147,173,0.12568500705164712,2.368793800473213,0.8641432878223485,0.8884607188704416,False,Error
XcodeEval(Code Translation),fea1c0a3bed5071cf86553c1e5fc7372,124,138,0.47641938914274495,2.7952575758099556,0.4685381589299763,0.5798918912927431,False,Error
XcodeEval(Code Translation),f91d9ae0920fe7715b0ddd669b156e98,143,133,0.6092883004575855,3.9710618555545807,0.35976474428948896,0.48321392521957496,False,Error
XcodeEval(Code Translation),fe26456ae3105f8652e100359ffabc37,119,107,0.9978782790669493,4.64004921913147,0.011020983953447364,0.22674881914766284,False,Error
XcodeEval(Code Translation),dda54627a3af5b7d9e4da9aa0ffaa8df,139,162,0.9169781865475016,4.932898640632629,0.2957594173108718,0.2563286239769971,False,Error
XcodeEval(Code Translation),0187b4dc713c672de35ad6e0ec6f1800,29,24,0.8923220811411738,3.9651255905628204,0.13478260869565215,0.09364802555624874,False,Error
XcodeEval(Code Translation),3b399bc13f31d7ac665a906c006042f4,118,120,0.001572620920773785,0.019159555435180664,0.9999488713347138,0.9999949618076065,False,Error
XcodeEval(Code Translation),87eee3d43476efd908f2eb0bd64934e9,69,62,1.143068137698837,3.744620621204376,0.2157336758077107,0.28293285428984283,False,Error
XcodeEval(Code Translation),118281fe35616e4fa6dca2b6f76ee6e6,191,185,0.6434180043184676,3.5708660185337067,0.31844509305939883,0.3943372694676156,False,Error
XcodeEval(Code Translation),c191982331fbbea8cff2cc4b44f08e82,166,182,0.46541768187903854,3.707687586545944,0.47410589554735005,0.3788058529624829,False,Error
XcodeEval(Code Translation),0804f806a9590ab9cbc36094ab9f5e17,193,197,0.7723496049217918,3.5972908437252045,0.32508613321937924,0.3906057450655734,False,Error
XcodeEval(Code Translation),b465475661f662bdff55453b223014d8,74,74,0.050289255994799976,1.0876206159591675,0.9736690114772305,0.9931703245951478,True,Error
XcodeEval(Code Translation),8923aadc04eae99fd17c77525e21a8f5,24,27,1.491601401163886,5.4790084809064865,-0.3321739130434782,-0.39769095623867884,False,Error
XcodeEval(Code Translation),822882d52976b970750cca1390e7f4df,136,127,0.535573948761375,3.3645646572113037,0.2501171728533933,0.5649786035063298,False,Error
XcodeEval(Code Translation),0cbc297c8715b2efbcc2c7bd1e98ac2a,364,386,0.9649656620164463,5.123545363545418,0.1109602726041082,0.1689456965142953,False,Error
XcodeEval(Code Translation),6be160907ff766b9436587172b548403,62,61,1.0092588725392935,4.955014705657959,0.29968270756213644,0.09061870906774622,False,Error
XcodeEval(Code Translation),406ec3e8be826b9e5d85041b5cc1829b,45,45,0.3728248483604855,1.9485445022583008,0.7011857707509881,0.8428555687818977,True,Error
XcodeEval(Code Translation),fb4c18db409acbed597f35900f2fd6cf,395,350,0.7030793924110809,4.256573509424925,0.046555761971234746,0.24114741969064477,False,Error
XcodeEval(Code Translation),6df3a1fe0f6803e5500144308c6a5eb4,117,144,0.9032852297537347,5.720893695950508,0.060745702767912,0.19703224857052506,False,Error
XcodeEval(Code Translation),e1ccdedc4adcff3c7e092dd30bc7cf6c,188,242,0.7690449588724035,4.386889696121216,0.10209370659933861,0.2923210291632341,False,Error
XcodeEval(Code Translation),d18e949d83dbaf4c1660ee56d1d9fe08,250,234,1.2496748650247533,5.879091300070286,0.033380864409994174,-0.017481446289133517,False,Error
XcodeEval(Code Translation),f1503ec92de8ceb9745350693f282cb5,160,155,0.7801767179562199,4.751998573541641,0.32666365892172344,0.24857944739759197,False,Error
XcodeEval(Code Translation),95f4934849f70c34caa633cc091f899d,314,432,0.49615905537109845,2.9450390934944153,0.202901272431807,0.3839120976133732,False,Error
XcodeEval(Code Translation),217529ddc9dd38961a8588febf151793,112,113,0.7528957453074067,3.8356728553771973,0.45115659274951314,0.507999737068333,False,Error
XcodeEval(Code Translation),edce48f5d648613b6a0267444ae36cf3,88,92,0.8740942653861236,4.1326329708099365,0.13583529991898843,0.37491338252617545,False,Error
XcodeEval(Code Translation),322079e1665bb026d21553c5a0e4027c,112,106,0.6545694860682454,3.9735126197338104,0.220132503715646,0.38501255368553505,False,Error
XcodeEval(Code Translation),137849bddc4b7f276a15214fb19541b7,187,187,0.4825385677264655,3.0486769676208496,0.44515505085168783,0.6046830531138812,True,Error
XcodeEval(Code Translation),c03fca164508f64ee6c9d23b2034d16e,338,326,0.5845696946528905,3.7722473442554474,0.2676947322391123,0.44251550153414476,False,Error
XcodeEval(Code Translation),39d0b6d1a19d825b9f0e883b2208a7f0,52,55,0.4895935437570398,2.709124982357025,0.6906001878254929,0.8323573101883069,False,Error
XcodeEval(Code Translation),f5c81f5ef83b0789f9308321f6d9e29b,187,193,0.4003723892956016,4.1267344430089,0.34174866677188126,0.638798100684923,False,Error
XcodeEval(Code Translation),0dcc4dcdd5a6ea97cc5bd203fa8617bc,188,194,0.763952193831272,3.7553765773773193,0.27247623743243266,0.39892551594053244,False,Error
XcodeEval(Code Translation),74e61c3fe018f9db2c0869a4e929bbad,177,177,0.001984249705732879,0.02213132381439209,0.9999610463807761,0.9999931117062828,True,Error
XcodeEval(Code Translation),81635c25f233d31258b831312c4d2c50,597,682,0.6487069696564715,4.400442026555538,0.2039116933232976,0.23564417971137566,False,Error
XcodeEval(Code Translation),e7473071ceb253f02961d10696eeefe5,59,56,0.6244723909185268,2.6438360810279846,0.5269993164730007,0.7171843607286471,False,Error
XcodeEval(Code Translation),456aa2113a4810074ee8e12eac4f42f5,186,187,0.6136827839398256,4.264318063855171,0.4832369025917413,0.4944504354439452,False,Error
XcodeEval(Code Translation),69cb4e6d85e45cca1422506143321279,83,80,0.41515902979299424,2.5028233751654625,0.5064932020628223,0.7512321688994759,False,Error
XcodeEval(Code Translation),fc2f723a58f8992f4db54a274d9a2f5e,45,469,1.073235882818699,4.022247731685638,0.2673254281949934,0.33306426042440895,False,Error
XcodeEval(Code Translation),b004e39b937b9c1ad4b0251299f48968,149,161,0.657610293327762,4.388759553432465,0.3392163976056593,0.2890066995480348,False,Error
XcodeEval(Code Translation),0ac60ed75da30c0bc6d4c23185bd19ec,811,803,0.32139343093671274,5.142413526773453,0.5380125317271309,0.5120380921393731,False,Error
XcodeEval(Code Translation),97a8d33b665c071da477ef3824bda21e,168,165,0.32435458606447687,2.718677096068859,0.6158282798600168,0.7590761579179609,False,Error
XcodeEval(Code Translation),475e2bf52726552fb0996be5a3f83cd8,220,223,0.3990038587881083,4.39387571811676,0.5483114790125265,0.5272694975750292,False,Error
XcodeEval(Code Translation),dfba4d58de0e4ee02f95a789d5e6dba8,22,22,0.21789472313089805,1.282411813735962,0.979672501411632,0.9592274764303599,True,Error
XcodeEval(Code Translation),55fd8965ec94c681ba409a4b32c9998f,209,224,1.0170597156496388,5.826848898082972,0.12378542510121458,0.27192698377596436,False,Error
XcodeEval(Code Translation),c299aa7fbade61d11d076e1b9e48d0c9,318,354,0.7274817473261688,5.213835131376982,0.17855389634778795,0.12031910336533393,False,Error
XcodeEval(Code Translation),267078b17a8b82f2c60f86cd246fb705,200,193,0.7142935548161056,4.247560009360313,0.310431801185834,0.4092801691498089,False,Error
XcodeEval(Code Translation),b05f669b3301b62f96638c7011e055fd,62,105,0.8262923174808102,4.066751003265381,0.4154264561456523,0.5178656828858654,False,Error
XcodeEval(Code Translation),25aecf215d4b975a6149209398b44958,121,146,0.7272141855440972,3.782576084136963,0.1799281940116515,0.3247261599366434,False,Error
XcodeEval(Code Translation),22def467f9d67cc03900bd12527b29b6,206,202,0.1725164846802997,2.1367417983710766,0.8091200341267859,0.8477388276182861,False,Error
XcodeEval(Code Translation),a461eb35db17ce7b8c0ff0c13b9dc38d,260,245,0.5825962448559169,4.8718677163124084,0.394642143142743,0.44753796640769405,False,Error
XcodeEval(Code Translation),debcd53e835817602ed39b0aefd63546,69,63,0.7603671612838904,3.972306787967682,0.2859062980030722,0.393921385021508,False,Error
XcodeEval(Code Translation),b84a37a5f75221aa3687ca590cd3287d,79,75,0.13629715350766977,1.8544328212738037,0.8601706970128022,0.9255871209576435,False,Error
XcodeEval(Code Translation),b852220675f83267bfbcbcb6c3ce921f,332,335,0.7291416210257056,3.743865489959717,0.21415653632739498,0.20734774500317918,False,Error
XcodeEval(Code Translation),be811690fc5ff754d448eee177d541b2,85,75,0.4096938092509905,1.5235102772712708,0.4831863442389758,0.7092759872411609,False,Error
XcodeEval(Code Translation),da9127508071bd48646ab63da9797905,33,33,0.00892849401994185,0.10483837127685547,1.0,0.9999510408087302,True,Error
XcodeEval(Code Translation),c6568677905818662f509756d674ebc5,279,291,0.8935998304251341,5.41466312110424,0.10221408126954658,0.15096757289820978,False,Error
XcodeEval(Code Translation),d2a21bc1482870decf9f7c6317b170e8,175,182,0.6643163010265146,3.591435670852661,0.424666368114644,0.45814173357425847,False,Error
XcodeEval(Code Translation),58fd968dfe312006bd2119075d913dd6,641,634,0.6920061252500027,4.740041971206665,0.2879037615327013,0.283266300448733,False,Error
XcodeEval(Code Translation),16a476ead4cceae097133c0ce226b382,93,87,0.3493991801408173,2.0171393156051636,0.5338448640373259,0.7840232046114028,False,Error
XcodeEval(Code Translation),384ebf9eb85f60cd2366bc696700e055,92,93,0.0016227591296900873,0.02041029930114746,0.9999229382118581,0.9999977105358379,False,Error
XcodeEval(Code Translation),5c5271b2dd83828c07e9c4c7820a72b4,103,105,0.2390021959012284,1.9742715582251549,0.8532816412599393,0.8848619542709517,False,Error
XcodeEval(Code Translation),02b065e71ea9750d9b0572e74a7dbf9f,42,40,0.8292593689635396,3.476032704114914,0.3971857410881801,0.4432694019529625,False,Error
XcodeEval(Code Translation),7f8ae42ec964aa88dc6e9638e8501704,81,79,0.12281270150708247,1.4074773788452148,0.9176241480038948,0.9482202778743002,False,Error
XcodeEval(Code Translation),f106deef1b83721c53763480e59bfddf,259,268,0.7124812846003697,4.06680640950799,0.16780447710680269,0.27714094377192827,False,Error
XcodeEval(Code Translation),1ffd32a907dd7cfa3cd6c04642a7850b,626,633,0.49143205721501465,4.3492539674043655,0.22172675604200745,0.26401373586117105,False,Error
XcodeEval(Code Translation),080efbd06f550ca322feaf2a53bf2d69,156,168,0.6322829467423546,5.156917117536068,0.3720788354854514,0.5788295762938717,False,Error
XcodeEval(Code Translation),fcc3ce908cd130315b937ec46155af6a,36,34,0.6893531648332581,3.9564214944839478,0.44690603514132926,0.4673430962082965,False,Error
XcodeEval(Code Translation),e23d4a7f7ed661165d7436474f7c7eeb,206,221,0.5017443196576776,4.083689898252487,0.6239228242852288,0.5482603952548072,False,Error
XcodeEval(Code Translation),5194bdba514c1e040cc6134264004982,664,768,0.47595100484771585,3.887170970439911,0.29519388068382807,0.32210808996637674,False,Error
XcodeEval(Code Translation),65ac588db85e1536c70b803cd4496ebf,149,157,0.9999426148875598,5.3202647268772125,0.2646145474333394,0.15109961281957374,False,Error
XcodeEval(Code Translation),daf7e11c03f026beb99d530d918aa947,630,620,0.7319671870637384,4.509134292602539,0.26149854876095224,0.3802653979455948,False,Error
XcodeEval(Code Translation),9533811eed05a6177d907b216fec3f8b,236,257,0.97011451955127,5.479227062314749,-0.008289701324252398,0.07104645522977976,False,Error
XcodeEval(Code Translation),17f1b5079e6e6f4e58ad7f60012fd143,28,29,0.6523372663983277,3.9627312421798706,0.6475095785440612,0.5310608114075486,False,Error
XcodeEval(Code Translation),931646a505cb1b192a15fef50104b519,492,476,0.4508649796743226,3.790700539946556,0.30015338012066795,0.6470686328172681,False,Error
XcodeEval(Code Translation),4b2e18a331e01e1ae120ac59b747c8ba,236,318,1.0694752272723589,5.311205744743347,0.12283821844458544,0.23188108647790717,False,Error
XcodeEval(Code Translation),f823797306bf57ad7a6030434fb52e6c,109,111,0.9198370900073456,4.4493343234062195,0.26056899267908445,0.22331166157081433,False,Error
XcodeEval(Code Translation),657a9cf0df546e5124a1b8370f6ca2db,91,93,0.28077104315161705,2.2278023809194565,0.6931199235547062,0.8347691525259254,False,Error
XcodeEval(Code Translation),ac9a9f866695531244c58df97a767f95,641,688,0.7114139006746637,5.9372314270585775,0.13973247481301126,0.3281042581791336,False,Error
XcodeEval(Code Translation),be86ffa4081fe10556146eaeaa8ccc6c,189,183,0.7281889993330983,2.7795649766921997,0.2754928606674865,0.4022090305817041,False,Error
XcodeEval(Code Translation),960b1d8d81e310c1ac7c84ad8da3835c,487,452,0.5332625339377416,4.4300233125686646,0.34588929794931084,0.38511039561092647,False,Error
XcodeEval(Code Translation),98c256693bb8a0a7cf5ebfbe16b732f8,324,326,0.3629398609017148,4.110272213816643,0.6169797041623668,0.5280523958787817,False,Error
XcodeEval(Code Translation),804eedc4a141bb4f62cd8dbbcc130bb4,77,74,0.7635962954042731,3.243024468421936,0.3124916697519437,0.5545786228007575,False,Error
XcodeEval(Code Translation),6bfdc6e8dc389a3a5011fbe2f8a2fb29,829,987,0.6362444210750074,5.441223621368408,0.16378964223180023,0.19617525108450576,False,Error
XcodeEval(Code Translation),cd74629ef48d2bdd2c7656dade9448d4,616,578,0.4222410006900189,3.674938440322876,0.36027941671291985,0.5695361016081586,False,Error
XcodeEval(Code Translation),dc62d529680f4fa1f071c9efbbd597d4,647,851,1.0767757071947197,5.897919654846191,0.22976371057655962,0.20017846221533803,False,Error
XcodeEval(Code Translation),36cb9751a3bdba6cfb6f7369fb86b64b,208,215,0.6142793178262834,3.41207155585289,0.5220911811300827,0.7035204101076353,False,Error
XcodeEval(Code Translation),2ed7b5e1528e987cb519019cf00f5f6c,112,115,0.41897922376769464,3.5344126224517822,0.6499470393275703,0.7236320468154342,False,Error
XcodeEval(Code Translation),45310f5bdb2baa1db9a8880b32196f7f,65,63,0.5057776422638979,2.189205542206764,0.5929819508448542,0.6846477357382492,False,Error
XcodeEval(Code Translation),00552bcd8b44d1a45d505805b0fd578a,64,60,0.37133724462861817,2.2969267070293427,0.7268685746040568,0.8161102317320699,False,Error
XcodeEval(Code Translation),3d172c3789f5cf9bebda0efab4dbcc6e,190,186,0.26496461010788397,2.580825597047806,0.8052151858603471,0.9044839332723298,False,Error
XcodeEval(Code Translation),fb6cfef97fd4db13d14f8e18137490ac,83,81,0.6413757286413952,2.5450445860624313,0.34543812104787713,0.7144456932935148,False,Error
XcodeEval(Code Translation),7e3725a193502c909974a34c02996c0f,203,216,0.6275536376670957,2.7613339722156525,0.24872830661796982,0.35764340198926187,False,Error
XcodeEval(Code Translation),6759bfa67ce802d84848db188c827432,207,222,0.7720268775578498,5.616502642631531,0.2724426621640636,0.321504907966499,False,Error
XcodeEval(Code Translation),bc8b90acd75486e9e69b22c789639f0a,205,209,0.34387691337160947,2.724449634552002,0.719790781574292,0.8006101555329161,False,Error
XcodeEval(Code Translation),74f1b16ccb7893a1d7b3ef1d1fec996e,104,106,0.7318589642034987,3.730605125427246,0.5514883175077351,0.3724916721018025,False,Error
XcodeEval(Code Translation),d7b5620c08a9a15c2ea79c6726c7a299,427,406,0.6278049235044075,3.7742332816123962,0.07311054897261794,0.2191602473719982,False,Error
XcodeEval(Code Translation),c30d87f786ff5eb2f4f720f8c7e7f4ca,140,139,0.48317520660113733,3.466550976037979,0.5360114392957683,0.6868904557403455,False,Error
XcodeEval(Code Translation),c8b5deb3507b48c6d321f7654686ca6b,101,112,0.8278049902049917,2.538082852959633,0.048305183459522415,0.19654016991364712,False,Error
XcodeEval(Code Translation),a495965089dd4fb774b422da5460af12,307,309,0.0012063762925395359,0.028889179229736328,0.9999825811283946,0.9999959836727974,False,Error
XcodeEval(Code Translation),4b13ad0802a7d3c3cdea191cf2d18818,98,99,0.4713728595144895,3.2126215249300003,0.4114211757805277,0.6927005279217149,False,Error
XcodeEval(Code Translation),65a33960503f20e0a308d6f21575de21,44,43,0.6020547406704619,4.1198649406433105,0.656448202959831,0.6539265450674765,False,Error
XcodeEval(Code Translation),07e110f85017a020f3a4d8689f76e32e,210,208,0.3024349422731365,2.9009329229593277,0.5871205453585315,0.7408047591504934,False,Error
XcodeEval(Code Translation),59af7be5db1ade486f7261b58bec4f1f,59,54,0.6737745916125951,2.9976606369018555,0.2518391461787688,0.49080316694099785,False,Error
XcodeEval(Code Translation),a5245d44518c09c79fd745204b5605b1,68,55,0.4852199965579943,2.5365870893001556,0.4770562770562772,0.6926396573188367,False,Error
XcodeEval(Code Translation),52f8a5b3d9855149cdaad20eb09b3bfd,1137,1173,0.7459183682393932,5.941519133746624,0.2808883677532968,0.1564880726807295,False,Error
XcodeEval(Code Translation),79c10451cc1f940978434ce488cbb5f6,161,166,0.2757226825685975,4.717598482966423,0.7851506786289395,0.7373974691219365,False,Error
XcodeEval(Code Translation),866b31e3bde35afaa78d839452fa2c51,179,260,0.5268020498873301,4.707388073205948,0.4474358169606428,0.46761908428085897,False,Error
XcodeEval(Code Translation),3d778319fa000d948eb0c9f93b96a699,165,160,0.5074738332012203,2.8999541103839874,0.6037589358959334,0.6810938648219702,False,Error
XcodeEval(Code Translation),cedc06029dd6b81ad05fe4df3e8007f7,92,131,1.1211225007984624,4.4255882035940886,-0.06101752385062343,0.09846598619518063,False,Error
XcodeEval(Code Translation),8f87b7c9ea6cc2fc604332473d27783b,598,606,0.6513034949993347,5.046902984380722,0.22524684213581625,0.2344123658037932,False,Error
XcodeEval(Code Translation),9148062c140a4c435153fd751aa205f4,282,350,1.0348425854875951,4.831319160759449,0.10706898392302402,0.16444599575710678,False,Error
XcodeEval(Code Translation),17c35792f345f5e73227cd0440406620,106,111,0.8328419663802773,4.029901832342148,0.1020077083910623,0.23300962700972142,False,Error
XcodeEval(Code Translation),8c71378df2d4f949f16b06a9f2677f92,316,336,0.6162352273041748,5.532160639762878,0.35459961247606503,0.4624492393197282,False,Error
XcodeEval(Code Translation),f1e1270a9cfafcf34e36955009049c24,21,18,0.09886816475126478,0.7679845690727234,0.9029927760577915,0.9819162844828608,False,Error
XcodeEval(Code Translation),8176b716a1ee227c4541ed9ebfeba1a2,193,201,0.6966616473368181,5.880409000441432,0.15184986111853,0.2610328610803011,False,Error
XcodeEval(Code Translation),40ce966f4165d852eb859e16812cf3e9,121,117,0.6540596971336083,2.9826092272996902,0.21697462872214476,0.4236051994936054,False,Error
XcodeEval(Code Translation),b84dd26488e5345e428efc0c01d5a49b,44,42,0.7039908844800222,3.9310848712921143,0.4626043270399482,0.4454594691778253,False,Error
XcodeEval(Code Translation),8317afee580017416322bceb8521c599,116,119,0.23319210642788174,4.278034508228302,0.7386383731211317,0.7172879976292212,False,Error
XcodeEval(Code Translation),86f52409c8c82ad993afe8da78e4d681,264,368,0.7303358293623509,4.285135567188263,0.17296467074069483,0.36945280743562753,False,Error
XcodeEval(Code Translation),2c786b87aed9e19fe1fa8c7e5c8ae65d,1236,1701,0.8852667967742912,6.133206143975258,0.002241374045427979,0.00423724921056573,False,Error
XcodeEval(Code Translation),03d91f9bb004837a16fe2f4020dc7907,261,261,0.015048667902690698,0.3741716742515564,0.9968399241365812,0.998505302655154,True,Error
XcodeEval(Code Translation),77a3fb0e20d021bfe60f8af1db95841f,91,97,0.4865443990617008,4.299152672290802,0.6202580028666985,0.5675678706640377,False,Error
XcodeEval(Code Translation),e5ce00b1347e8b301630572b939d03b9,159,172,0.3924207936667796,3.822834864258766,0.6354131836637211,0.6978807743016388,False,Error
XcodeEval(Code Translation),d87fe3fc1f1f72ab9bba7a4c8cbc9cb0,51,48,0.527999234754437,2.30874228104949,0.5118323925314806,0.8528449816505055,False,Error
XcodeEval(Code Translation),a1a0dcc4f5205c620d2432150fc57019,284,288,0.434338531233895,3.25958251953125,0.5796462240057417,0.5665150748008285,False,Error
XcodeEval(Code Translation),1b829e55eb24979c1210a2765f38db13,222,208,0.5844395679618734,4.6923328042030334,0.3750513407263979,0.48592316338387154,False,Error
XcodeEval(Code Translation),7985cd111a09c43263d1b9bb01ef889f,22,22,0.0037971560589291835,0.012708425521850586,1.0,0.9999951677230248,True,Error
XcodeEval(Code Translation),e652dd00a35c8dc5fc32cf0733b64622,161,157,0.7712688004704797,3.4388237595558167,0.30240202432414,0.46171878942694383,False,Error
XcodeEval(Code Translation),65aa9706259ab63927310f8a841807d9,108,108,0.02943817688221181,0.4987940788269043,0.9921689673897511,0.9945775208492549,True,Error
XcodeEval(Code Translation),c0e9762c5bd5653e6bd42f69e41567aa,213,246,0.9101345904495025,4.157170534133911,0.18375922968599817,0.2228746766168163,False,Error
XcodeEval(Code Translation),ddf7238bb15ce3de36899766b3bb2b43,111,119,0.4454287787278493,2.0163467042148113,0.44342751842751843,0.6998843881275101,False,Error
XcodeEval(Code Translation),b5b5864c40839c90c9b766c1a80c69f0,66,67,0.0023021482382759905,0.031110763549804688,0.9999165014090389,0.9999857582141789,False,Error
XcodeEval(Code Translation),97d573dc547796cb03c250a5cb2c4110,73,69,0.726689802509719,3.612580880522728,0.06313481914504933,0.46147788871595097,False,Error
XcodeEval(Code Translation),7e6326bfd683720dbd93f66ddd21cbfc,50,52,0.8930112320184708,4.600372090935707,0.38679471788715486,0.3255472838306869,False,Error
XcodeEval(Code Translation),df0ab6cea4b32bd0ae17f902cbd1e606,104,106,0.3178980865229208,2.829973816871643,0.7421849994665529,0.8025429771409203,False,Error
XcodeEval(Code Translation),09d65d01ae958f50af3de436a9fa8e72,266,244,0.44632913653937273,2.44119094312191,0.3496003866027285,0.606163181875967,False,Error
XcodeEval(Code Translation),2b4d89d5ec323a8b3448b28a3d18bf29,125,130,0.7957042675018311,4.441346645355225,0.33668817204301066,0.26995340594902406,False,Error
XcodeEval(Code Translation),79c3baa6826c255c7741fbcee5d263cf,103,160,1.0042107728337055,4.454935193061829,0.39117207749417915,0.46743992521833877,False,Error
XcodeEval(Code Translation),15e72d20d3afefbaedf3df00c4b997ef,167,185,0.35290393408967885,2.8575777411460876,0.6715862594947799,0.8154060548960702,False,Error
XcodeEval(Code Translation),99218d9d2de1f2b818c717731b9c9657,76,82,0.8841475766446245,5.297125190496445,0.3272727272727273,0.3067311460987372,False,Error
XcodeEval(Code Translation),6b6e265d4e28ed3112c1d910a995a617,147,152,0.6870754426408584,5.436448037624359,0.13906791891136314,0.2005401299783845,False,Error
XcodeEval(Code Translation),f523fa88725a35feb9b07051c9e654aa,286,285,0.5128012902087026,3.228402942419052,0.3980907898624726,0.5592801243804002,False,Error
XcodeEval(Code Translation),b072dc9e37263b339fdf61bfaddd23a7,97,95,0.20617211834576568,2.1334691494703293,0.7854563269876821,0.8917627605496977,False,Error
XcodeEval(Code Translation),fa382824a94cd104da08dd8872361aea,123,119,0.737017350067862,4.669100761413574,0.3144139011536818,0.4814990124834431,False,Error
XcodeEval(Code Translation),c52b7d4f1b6326e17a5839c5770372e4,164,153,0.4461026161732578,3.8512219805270433,0.6175063326766113,0.7342977580403258,False,Error
XcodeEval(Code Translation),e0e937b1e9ae8eb5a903c055cd27530e,171,170,0.6947733453694074,4.208693541586399,0.259425626370137,0.45837855133334104,False,Error
XcodeEval(Code Translation),4db21cf7bf6f209d3bf33810766a03f4,324,336,0.71868561319202,4.711978637613356,0.11594824164483608,0.1622026317717039,False,Error
XcodeEval(Code Translation),27b679b65629585e93409b3811fb444a,577,685,0.7439090144070772,3.9408723562955856,0.06754101375487499,0.14970419302158536,False,Error
XcodeEval(Code Translation),11dfb2e54ab203f2c329291286db0dd7,286,282,0.47218679682952713,2.487046718597412,0.5361213576374667,0.6794606820684921,False,Error
XcodeEval(Code Translation),6c28f4fc10f978740c9494cc04272c5d,173,178,0.5330997242759159,3.9345399141311646,0.43375778168181683,0.4829812192548911,False,Error
XcodeEval(Code Translation),c29da10503c0a8e720f827d5a7f91f9d,118,122,1.054271647777661,6.2359665632247925,0.06458646039902272,0.08485287833881228,False,Error
XcodeEval(Code Translation),64380ab276623090b770a26f9351a336,43,46,0.8959883581522072,4.270927846431732,0.22802778616732103,0.2784314491852824,False,Error
XcodeEval(Code Translation),180abf06c48b6a48f5fa6258f957614d,133,130,0.5000537244889599,2.8090191818773746,0.38741209083832906,0.6033755448029872,False,Error
XcodeEval(Code Translation),ba4310479132c4edb730f5581ca6ef32,160,160,0.011092143569840118,0.47975942492485046,0.997647369037853,0.9992157688880295,True,Error
XcodeEval(Code Translation),1a61131da6ffdeb0c6dfbbd97d999461,260,270,0.6961795773357153,3.2193409726023674,0.17937588972071727,0.2899333930338498,False,Error
XcodeEval(Code Translation),7d29401e09cf2118834a4410f6a567d0,293,292,0.4539651322196085,3.537391507998109,0.5715304089731065,0.5938661172239695,False,Error
XcodeEval(Code Translation),f0fcfe45ab60a87cc69c58238edf724a,249,344,0.7415163044511045,3.484301447868347,0.2759883404586086,0.44054590386400355,False,Error
XcodeEval(Code Translation),9d27d05aed02a71708871ee3cb83d9a9,351,366,0.688102840386899,5.77974246442318,0.09041763791763792,0.13526485025534032,False,Error
XcodeEval(Code Translation),be1db919446c5f1826acb35a3fb43933,44,52,0.5419358771971681,3.0057809352874756,0.6107117688513036,0.6214325202240426,False,Error
XcodeEval(Code Translation),d9964e2f080448fea5e63b137474ffa1,229,244,0.9467499733813042,6.268637984991074,0.0356709601990547,0.054083119095747506,False,Error
XcodeEval(Code Translation),ac2f84308d46033d19414ee16873b462,88,90,0.5974930156953633,2.6798631325364113,0.4402099256806735,0.6138842122258256,False,Error
XcodeEval(Code Translation),be285fd00697a5daa227c40fbfd8bb00,74,69,0.6676578345452098,3.995887503027916,0.2807818779685788,0.5068751151298156,False,Error
XcodeEval(Code Translation),e9f2197545ae1add43f8100c8c5c82fd,62,62,0.12818877407980542,0.9290652275085449,0.9874090302435095,0.9890894530487547,True,Error
XcodeEval(Code Translation),1cbe48cdca5ba76721d4ddeed42e8a9b,294,372,1.0191761035231404,4.837876945734024,-0.009958881452737283,0.0952294957950951,False,Error
XcodeEval(Code Translation),e485dbbb517759e916deb7f3bb4d748a,187,159,0.9387748788386209,4.246152639389038,0.05560663959875807,0.18603512036503383,False,Error
XcodeEval(Code Translation),c33c58e558e0ec947637da237363959d,336,304,0.413869711107844,4.566958464682102,0.26569763965179954,0.445984170469651,False,Error
XcodeEval(Code Translation),d76e5c9415856d6f71ebcca6c3181cb8,551,558,0.7993064923519345,5.491374984383583,0.21379030580403577,0.25306554701110673,False,Error
XcodeEval(Code Translation),830d2f4becd229d383fe2698a6e96ffa,295,293,0.3331808012245865,2.69281005859375,0.5580080739575274,0.6866417957412242,False,Error
XcodeEval(Code Translation),dae6d6e41bc2c3062a445566c056ffbf,259,260,0.5007733014883279,4.739896774291992,0.15089618112873926,0.5448891920421486,False,Error
XcodeEval(Code Translation),fdfacab3a62630ec4fa28ca77a3dc5cd,225,227,0.20535928869413006,3.356075905263424,0.8339485882848716,0.8549968872844714,False,Error
XcodeEval(Code Translation),2e6cc01ae9440d51c687c8a4208beafb,149,155,0.9739497882289024,5.222086578607559,0.19015055323780158,0.25947819334409417,False,Error
XcodeEval(Code Translation),cfddd11442e72bb128aca516191e12be,127,127,0.0011965293935903413,0.0055730342864990234,0.9999121203599549,0.9999976562758266,True,Acceptable
XcodeEval(Code Translation),02d409b028d49b8cddd78ad304f1d53d,338,329,0.7086453318912932,5.552794545888901,0.35312577925447675,0.262268009008879,False,Error
XcodeEval(Code Translation),64a91ca0b590f19b3efba056b5fc9dad,119,116,0.30032454292964317,3.6953756511211395,0.6341905970091878,0.7431524654405718,False,Error
XcodeEval(Code Translation),880733a7f0091e70458c8874ce8349da,102,103,0.014020418930871813,0.38174915313720703,0.9995250238901674,0.9992572724583627,False,Error
XcodeEval(Code Translation),3e29ff4d7ad3511103148f5580ce26af,322,309,0.6270012594548485,2.4595444947481155,0.3796628989551005,0.5111603608342634,False,Error
XcodeEval(Code Translation),6b178acc5ad8ab38b57bb1a24a8083aa,512,576,1.0594821163194865,5.694563269615173,0.14742987963630538,0.10657940066876609,False,Error
XcodeEval(Code Translation),0ae7bb23101b85871d39420b4b8f1025,102,103,0.31148457271503466,2.4889917373657227,0.767883698706821,0.8297337125835923,False,Error
XcodeEval(Code Translation),bce323c750f3e2a41cbd561b2ed418cb,166,151,0.8447536618899036,2.891372889280319,-0.03102474729871035,0.11727452584305609,False,Error
XcodeEval(Code Translation),e87d5dda1727b2bf5f0cdfc5042c02ab,123,126,0.35885600881969054,2.393325239419937,0.51502624756549,0.8477420923419738,False,Error
XcodeEval(Code Translation),5b7d6b7433137cf435546d083382f4f1,64,63,0.1294440734717581,1.9012963771820068,0.9039458525345622,0.9353172480946605,False,Error
XcodeEval(Code Translation),bafa6ba6d5198c3b5bd3194ce4a67de5,249,257,0.46050469822672957,4.335651412606239,0.47170617955693744,0.5457844737010575,False,Error
XcodeEval(Code Translation),e995bf7732a2c5da187261deaa3d36cd,81,78,0.6072013907564374,3.8047627806663513,0.4504229947267922,0.37649874204613254,False,Error
XcodeEval(Code Translation),6988541b76b7480bb5454a4a99a8eb7c,210,215,0.7712140626587262,5.19218236207962,0.45331186648223315,0.36858515021230903,False,Error
XcodeEval(Code Translation),7ff963a86c2b48dc113ede2ccedfe549,172,225,0.7632385833448795,5.00503334403038,0.21540812644597107,0.37181739480477205,False,Error
XcodeEval(Code Translation),0806a212721c65d84d26466a3dfa5799,147,155,0.582418026827073,2.3379759192466736,0.3964404717829375,0.5544326011512873,False,Error
XcodeEval(Code Translation),d341aff596a8c42e9eabc8c51b598d9d,300,396,1.085201281356082,5.269053719937801,0.07501238902654472,0.15278704071620441,False,Error
XcodeEval(Code Translation),e1e00c39ad6eafc1dedc91bd76fa0e9e,146,148,0.6554547354757582,4.162467330694199,0.6669488012493615,0.555530362632063,False,Error
XcodeEval(Code Translation),3da7c97257365b92f2e3c1681932df61,192,208,0.9604373826999412,6.543421372771263,0.17257989040501318,0.36246871485764487,False,Error
XcodeEval(Code Translation),9fbed838f350b071412ff03a0b74d931,196,197,0.0012010726602557972,0.010690689086914062,0.999974499756951,0.9999968973993378,False,Error
XcodeEval(Code Translation),2f163e86450b7083819e8bbf64e5c168,25,23,0.255702696416689,1.1873085498809814,0.7450592885375494,0.9618861746473972,False,Error
XcodeEval(Code Translation),862b78ca11b8aafca1c4668ba0ea8b15,385,424,0.8754467364721146,5.176091469824314,0.21930220039028328,0.14580304809323535,False,Error
XcodeEval(Code Translation),deb197856baeea47d90d7c3c1cf054b6,76,73,0.6219192477938247,2.505794018507004,0.2922682956929532,0.3969465779513953,False,Error
XcodeEval(Code Translation),a714756fcc305bf5f48f90b08867040c,140,144,0.5904029816655176,4.068628668785095,0.4039491810806674,0.3988930796738398,False,Error
XcodeEval(Code Translation),6078f4eee45066f993b9b89473efa371,165,159,0.6700092785341559,3.463879182934761,0.35025376164318134,0.3505109470734934,False,Error
XcodeEval(Code Translation),a186db501ba5f6460a451106c2f1729f,351,340,0.3151471900055185,3.9496268033981323,0.5424948210929975,0.762083867742084,False,Error
XcodeEval(Code Translation),7d8af95822a890f5bc9313fdab87e15c,344,349,0.5459720230969969,3.540059119462967,0.4874405633985502,0.5235503589255567,False,Error
XcodeEval(Code Translation),bc512265f43eabb27a9ae654f6859509,557,602,0.713643414506779,3.9422639086842537,0.015437467597011749,0.08290247606152674,False,Error
XcodeEval(Code Translation),7016013332450cb9183c2c2c0c443929,114,193,1.3049745344676347,6.065604150295258,-0.2669002247828113,-0.12563467709357296,False,Error
XcodeEval(Code Translation),58914aad81a3e497b69c35c3965a833e,215,207,0.6837403738077118,3.6753832176327705,0.27826574016949707,0.3659312942818062,False,Error
XcodeEval(Code Translation),78b4306bc97fa1f37c26b8d3d122c19d,28,27,0.6417075405242266,4.058084562420845,0.4432234432234432,0.4266244419988083,False,Error
XcodeEval(Code Translation),14c6dab81019acb6aec269fcb0994ff9,182,188,0.44371331489266275,4.1370750814676285,0.325532903831971,0.7865178284135972,False,Error
XcodeEval(Code Translation),d3c687ff9f1e2d5778ef0513476bf1be,184,197,0.8068001531368203,3.4612958431243896,0.1772745660842596,0.2648342376837417,False,Error
XcodeEval(Code Translation),16e0d7faf0cd78474a1f5982cd62109c,269,285,0.8208677818579773,4.772867202758789,0.1627747261215607,0.23812122674901026,False,Error
XcodeEval(Code Translation),eec37cfbd27624915d8dae9125bdea33,133,131,0.5332054690749363,2.7911630123853683,0.4515507393369989,0.5546479624574084,False,Error
XcodeEval(Code Translation),84861d5e06e3a989356756414e0a1315,277,256,0.7442009864325883,3.848162829875946,0.0030949588006408783,0.4082441241121807,False,Error
XcodeEval(Code Translation),5a179de1b51bf493e0d75176c034ec73,56,60,1.3101996018418245,4.467328488826752,0.08981544771018456,0.17434747443296159,False,Error
XcodeEval(Code Translation),cc26a8f50c3655dde6009e86559dc2e1,96,92,0.5416268395745883,4.544222638010979,0.3900251221429342,0.5523973793917152,False,Error
XcodeEval(Code Translation),056bee65b63b1877e81533b108e9e16e,129,129,0.0019209472238728704,0.04347658157348633,0.9999608676207515,0.9999869085929494,True,Error
XcodeEval(Code Translation),3739ff920cd62a462ba90789b50453ff,67,56,1.021421318873763,4.187034979462624,0.20047846889952153,0.0722187924045845,False,Error
XcodeEval(Code Translation),cb4820305a7ab90d89817aca757201ad,59,60,0.0016296789428945314,0.023273706436157227,0.9999415546464058,0.9999937841072155,False,Error
XcodeEval(Code Translation),b18e3ddb186726cde734e3f6e6cc9108,147,159,0.8724696439671882,3.8827346190810204,-0.051953547061179155,0.2575229428917076,False,Error
XcodeEval(Code Translation),7e7ebedb71410b1430534c0e18226c28,72,78,0.7862277225746462,4.508920311927795,0.42777670589748545,0.6118657214877842,False,Error
XcodeEval(Code Translation),c04b84f7ce8ac87b89a7ae65fb9a8c4e,69,69,0.07781451198177924,0.6270703747868538,0.9620752648885643,0.9818326115864823,True,Error
XcodeEval(Code Translation),5afeb26d1c78585ec9e61a72be18e1f3,103,85,0.544151772780563,3.8013949394226074,0.4889388313464921,0.8525395842040068,False,Error
XcodeEval(Code Translation),2d7d70f5fbc1ccf198a499e8a9ff6263,382,344,0.2769534587426934,3.6057449094951153,0.3379055912412632,0.6881765065651861,False,Error
XcodeEval(Code Translation),ee6ea1fbc6bbb80269a7dee1b97d2100,496,525,0.7783764169528901,6.018606998026371,0.14460674113104827,0.21668585465386225,False,Error
XcodeEval(Code Translation),24257f0e1b18a29352d81b1dec9c7551,198,183,0.6229606352115427,3.248714566230774,0.31450267480203337,0.4241120850541485,False,Error
XcodeEval(Code Translation),45a221122aee8b2a83303e1420e0ca2d,133,140,0.7371196884493855,5.729521084576845,0.4315350792177186,0.28904544932602416,False,Error
XcodeEval(Code Translation),bfe8f222db882242a3934dc70833df6c,23,22,1.2257460274479606,3.728880614042282,0.04686617730095992,0.18065843491943545,False,Error
XcodeEval(Code Translation),ce6d8ae32278e4014b09808dd347d47f,69,68,0.5824548693319016,2.6792188733816147,0.5037981448257434,0.6721363752641127,False,Error
XcodeEval(Code Translation),d06fc679d034d41469d3513c5e041645,101,102,0.49220455716373307,3.911758840084076,0.652184041933605,0.4340886564076022,False,Error
XcodeEval(Code Translation),b09c64c310d312d54ef0cfaf670239f0,168,163,0.9240481942046457,4.411307007074356,0.12927217206732394,0.15499817522294246,False,Error
XcodeEval(Code Translation),8e33e2c9018262b86425f46d9687887e,166,166,0.43574081154831923,2.8949842751026154,0.5456919676528652,0.5887536478624439,True,Error
XcodeEval(Code Translation),f11f9d0c18311e4b39bb7e211ed5802f,260,342,0.678765016363468,5.339138090610504,0.14660890522959485,0.2341629678475446,False,Error
XcodeEval(Code Translation),86f0a2cac55531aebf7fa88e6fc326c5,670,676,0.6050959763687048,3.7611293643712997,0.11881972719123435,0.2583946369397618,False,Error
XcodeEval(Code Translation),fa3bb339e049096f839cf4ba8abd08d9,37,38,0.6264192696056656,2.856414318084717,0.6979611190137506,0.6800483401686958,False,Error
XcodeEval(Code Translation),b1804fab5fca213fef024760ab105e1b,166,195,0.7449571254175067,4.913235768675804,0.29617566619225955,0.32904377029294385,False,Error
XcodeEval(Code Translation),1ffd6dc415dbce46637c4ab1cece2230,142,142,0.07767685610328762,1.6079556941986084,0.9927911465220426,0.9892596109229645,True,Error
XcodeEval(Code Translation),10ed8dd9d0f8641a511517e204071e5e,150,137,0.5606661031539314,4.398850321769714,0.28515690630425444,0.4199166495159734,False,Error
XcodeEval(Code Translation),085863d5f4bc6028b98959b57d3b12ee,121,119,0.3276494587106364,1.9782075881958008,0.5766201395812562,0.7756657280715653,False,Error
XcodeEval(Code Translation),21c199e6a18a5869cfdf1c25de9f992f,134,152,0.6999003147869718,3.6081693917512894,0.2834623873115625,0.29644708029039646,False,Error
XcodeEval(Code Translation),45780acd745424decbb3bacdc7723407,40,44,0.5925473521463573,2.6409380435943604,0.7994371482176361,0.7925934161517598,False,Error
XcodeEval(Code Translation),53480d2ceba43d3c89f4d087097b89e1,180,175,0.704390755615064,3.598328799009323,0.3423645320197044,0.2916004523436526,False,Error
XcodeEval(Code Translation),4109f2b958132d632c3062cbdaf4de4f,417,475,0.8431831800492762,6.786599945276976,0.1261716795132168,0.20330681652715243,False,Error
XcodeEval(Code Translation),60b53794abb605950e5cfe692b8416f5,170,193,0.8249210144667064,4.334567695856094,-0.009241516600411576,0.15426905971979094,False,Error
XcodeEval(Code Translation),8105c3dfd8ed8ec6c97ab023cb9ada88,321,319,0.6565461913415678,4.779988504946232,0.16426886792452827,0.16710567089410683,False,Error
XcodeEval(Code Translation),8c9b4e66c324e910ed41255c85bc2b36,1579,1752,0.6465215951859293,5.740639951080084,0.04798265351816568,0.02098228527988783,False,Error
XcodeEval(Code Translation),a603fc57a2124840942c65af485c8fd6,656,619,0.390597384512915,3.712974429130554,0.3773865184695722,0.4462118763886717,False,Error
XcodeEval(Code Translation),25d456bc0686dd9ed325152a5fe4b41a,180,195,0.6761243236975537,4.331472530961037,0.4704054651892548,0.5177585528791462,False,Error
XcodeEval(Code Translation),40ac9de155e7ca16c845807aa73c20f8,144,144,0.16092424321484738,2.4495062828063965,0.9167791978136806,0.9170750151572874,True,Error
XcodeEval(Code Translation),5775791c3436aa1ea2ea8fbb631f4f7f,140,141,0.007400715218058654,0.15229272842407227,0.9996282609171023,0.9998320808317354,False,Error
XcodeEval(Code Translation),2ad6bed1841a5708f37a1443a124b903,77,76,0.38831866640401513,2.087668389081955,0.47937115516062884,0.6745661313875702,False,Error
XcodeEval(Code Translation),80059a83872f472643620dde67a6567b,110,105,0.5873071287536905,3.9789599031209946,0.551544681733361,0.6665376971164056,False,Error
XcodeEval(Code Translation),b08e09bb9f11f03be5937f9e24e82d02,192,190,0.2125972627809173,2.083538491278887,0.73771076906927,0.9383918856885836,False,Error
XcodeEval(Code Translation),5f56bb5231636fd0f33aad30632dbe43,43,46,0.46307883775511455,3.9756898880004883,0.6147689519782542,0.6280669280720772,False,Error
XcodeEval(Code Translation),e7eabbaada1a719ab3747b0f81137b5c,126,102,0.8709777401687175,3.609079986810684,0.27108130573194383,0.4641176333738743,False,Error
XcodeEval(Code Translation),48b29323ddf4843e84e234b2b684aa2f,179,184,0.42566620410021977,4.782384857535362,0.7561274663653672,0.6099503319270472,False,Error
XcodeEval(Code Translation),79df8ec8e253920c8fbeb9535b0d9d1e,258,262,0.7709918140935488,5.705064833164215,0.2094867984832694,0.2889076066433576,False,Error
XcodeEval(Code Translation),df2fe4eb4187b3bbd472b9ab1a676a70,300,430,0.7564806618784982,4.629983603954315,0.06997099967777419,0.16487476851560037,False,Error
XcodeEval(Code Translation),87a3813c3c88c538e3b800679b05444e,50,53,1.0074124249815941,5.584208443760872,0.17762304921968786,0.2049862124277241,False,Error
XcodeEval(Code Translation),96dad55feabed35207f3d3c3e093f16d,69,69,0.0010919139410058658,0.005566835403442383,0.9998538545853125,0.9999986163654492,True,Acceptable
XcodeEval(Code Translation),ca1e13cb3a9d6f41b3c32fcdd58b33e1,48,46,0.47317080944776535,2.721035122871399,0.7835337650323775,0.836344943261394,False,Error
XcodeEval(Code Translation),296d30555934bd8078d947911b5cba69,182,191,0.3526071907215557,2.0869653522968292,0.5140370905247275,0.7633630426746815,False,Error
XcodeEval(Code Translation),5167e57729cd9da0c07de532c4c2d9eb,293,293,0.0009400030413687025,0.005570650100708008,0.9999699444975055,0.9999984233690487,True,Acceptable
XcodeEval(Code Translation),d1d31f94427e229a532276ad2474af03,74,212,0.7758035497563714,3.792060077190399,0.4787708256201406,0.5841995096415786,False,Error
XcodeEval(Code Translation),5372a1018e63bb4b3676f4999fb49cf0,175,181,0.6992814801260829,5.961845979094505,0.46390953873712504,0.5309057171910057,False,Error
XcodeEval(Code Translation),7b9497ed93aac689da1b6d39f6d19147,144,145,0.7642011347278539,4.9602673053741455,0.28313640382605904,0.2799690940227466,False,Error
XcodeEval(Code Translation),82f92457bd36ff4a0164bd66505d3f9d,219,227,0.5727914008673399,3.922590494155884,0.3470437693511717,0.4681340143657581,False,Error
XcodeEval(Code Translation),6725ff8a048b6cf041ad691bea220b2a,148,153,0.6113292089462079,4.7552762776613235,0.5144463735067762,0.6808064105211137,False,Error
XcodeEval(Code Translation),be2f0ed114ca53f4e4c532c680f05048,176,177,0.10456644691823219,1.893221139907837,0.9409200968523003,0.948624840656136,False,Error
XcodeEval(Code Translation),f50525c28ad278cd13f07534e74b3452,124,131,0.5104679890848216,2.6972867250442505,0.2050354051927616,0.647477443892462,False,Error
XcodeEval(Code Translation),3fca6aaff2bb9708b0ff5d61951485d1,75,75,0.6792635650684437,3.2821983098983765,0.27274537695590323,0.5905159979687875,True,Error
XcodeEval(Code Translation),24f2b5c3812e4c7df53dcaba825a988b,48,48,0.0018337284370015066,0.012041568756103516,0.9998914459400782,0.9999954776851474,True,Error
XcodeEval(Code Translation),14e3c253d5e54fca356b9cec3a893a22,156,313,0.7168005742490865,4.7763801664114,0.28451897393750686,0.5950405270410292,False,Error
XcodeEval(Code Translation),ae70f9154a77bcb542aa8112543ad3a2,954,1123,0.5434425276510351,4.32538640499115,0.12093023561159616,0.199495399956236,False,Error
XcodeEval(Code Translation),d0724f5afad3c1b0622fd8672eaae4f8,133,144,0.6721793215343714,4.409398004412651,0.31064261739831256,0.45974753005682434,False,Error
XcodeEval(Code Translation),bbbccf95c157aa571f144ec94604611a,133,126,0.6173960019849123,3.673380136489868,0.4484289463817024,0.6348013981515321,False,Error
XcodeEval(Code Translation),c2bea59ff04b0bd3b8c12d17030b80ef,171,188,0.611609396881462,5.321544945240021,0.11510307917536661,0.30835185499108103,False,Error
XcodeEval(Code Translation),0efc6376ee6f1b20adfdaf1e661db9b7,80,81,0.001372066722251475,0.007824897766113281,0.9999765588373184,0.9999978032986785,False,Acceptable
XcodeEval(Code Translation),02664a6a5941f0476f17bc9062c5e766,133,218,0.9763763435704667,6.226224638521671,-0.018271594862325418,-0.07551814533741448,False,Error
XcodeEval(Code Translation),6c6a5973369f34ea8afa4a7913be1473,183,155,0.5878368720772766,2.038184270262718,0.0739389642615449,0.31729405430898383,False,Error
XcodeEval(Code Translation),3bd87de4075648236097ef39f9aedbda,92,100,0.5030098441967984,3.8409018516540527,0.5305395866405684,0.7416830485098186,False,Error
XcodeEval(Code Translation),7eeacaddf49d6ae90b48e4eec3fee229,74,79,0.8743683224090854,4.4409517124295235,0.21252869307663824,0.4288375926620051,False,Error
XcodeEval(Code Translation),9724fa72676d570aa4dfe5d950843349,203,201,0.47608192355385914,4.092508316040039,0.6690970888133589,0.5522403191646856,False,Error
XcodeEval(Code Translation),2dd963f592f95d7eedd74446e9652f5e,242,754,0.8995132249864665,4.200613558292389,0.08732151558757872,0.3040142323013569,False,Error
XcodeEval(Code Translation),25e15f0209d09a77ff1d228f164035ce,87,91,0.20551139713618263,2.6352844536304474,0.7932857038711086,0.8757458227906827,False,Error
XcodeEval(Code Translation),b81f7cb17f6026db6c6e274c80665a91,54,53,0.5799050365557086,3.1460460424423218,0.4257377842283503,0.4864883647407049,False,Error
XcodeEval(Code Translation),1625d09f2634ea51f42b20ea15c636b0,183,178,0.4856834761704203,3.4917093366384506,0.38154264843408386,0.5613718269963238,False,Error
XcodeEval(Code Translation),4731eb4df4bf98f0d46638ba253718c8,368,340,0.49255480088553777,3.267637848854065,0.2704468744132226,0.6855018525947684,False,Error
XcodeEval(Code Translation),53c3c95b75c6dfb226c53bdae646bb89,91,88,0.5563602597473867,3.1571876630187035,0.5897819731605087,0.6785587921198859,False,Error
XcodeEval(Code Translation),66fb3dc782c07dbc3cb71f6106e1e96a,94,90,0.7346698757674959,3.3949174284934998,0.2839939087130098,0.38861958907315897,False,Error
XcodeEval(Code Translation),2db5d5733e875eed176ed5122f648dc1,98,105,0.7525361437654617,3.73411600664258,0.3034064609911443,0.4706746095839663,False,Error
XcodeEval(Code Translation),44de4f3ce181c952226ba6dc9b98b3ff,471,485,0.719151852831379,4.869427055120468,0.320739455302611,0.4739563952872708,False,Error
XcodeEval(Code Translation),8675b3d2759e443bcabdfece0b4bfe38,199,210,0.8686380923170498,4.211901664733887,0.14751180143139941,0.17067260188112698,False,Error
XcodeEval(Code Translation),c2ef9d39b36c9b81bafcc9a9cdb2a418,86,88,0.43010464953908395,3.460099697113037,0.6615689419312232,0.7456417111508742,False,Error
XcodeEval(Code Translation),5f6ea8d8314842ce9a14c17973dbf82b,58,61,0.9030230870020801,5.192713156342506,0.397151558030084,0.2845306815214127,False,Error
XcodeEval(Code Translation),13c859eb5fa8570b1301b3552d234351,145,170,0.6878803243989061,4.049105554819107,0.357065816406865,0.5207221936637757,False,Error
XcodeEval(Code Translation),34016aabb28a8d2ed8ec0c27a939464c,136,133,0.2669195373283517,2.8208381980657578,0.5850430009895838,0.8459723743538033,False,Error
XcodeEval(Code Translation),6e7ec7640d75b8d8b583c9cfe018455d,234,241,1.0020570483090532,4.940006177872419,0.09737876648661055,0.07077061152462608,False,Error
XcodeEval(Code Translation),be6aaad6e636015260df5b99c668d7e8,438,488,0.7792119921129792,4.189558610320091,0.19380852165144455,0.24830109497417108,False,Error
XcodeEval(Code Translation),da08d9857d1e588de0bb494a6829e60c,232,206,0.6864587430462458,4.088684353977442,0.20769148932519296,0.28657827570920685,False,Error
XcodeEval(Code Translation),dc1fd9c8636f5c8fdeeb0a2e1890485e,99,94,0.2488322645980627,2.3087902069091797,0.7967416826211033,0.8580798105260816,False,Error
XcodeEval(Code Translation),71037e030523be978284a76cf8faf135,101,110,0.764930264194413,3.156917452812195,0.16509027373325566,0.4789031230146982,False,Error
XcodeEval(Code Translation),e4deed9eff4e19ba971d83a5f4c4f9e9,51,52,0.04779684072469964,0.47407960891723633,0.9960180995475113,0.998027117376316,False,Error
XcodeEval(Code Translation),af05cd1432dd0d984bc69492a2cf3e82,696,620,0.539373453808648,4.690063118934631,0.1684087829102976,0.2442452071527248,False,Error
XcodeEval(Code Translation),496f3a1c26a26a84cdcee922a2e41ba7,312,314,0.4096688957034553,3.7484476678073406,0.6565827103051145,0.6296237739100641,False,Error
XcodeEval(Code Translation),1d9481fd01acbae7c8fd3d21a1daca5c,113,119,0.4005331135956587,3.5448036938905716,0.5896433561780557,0.7042904294639228,False,Error
XcodeEval(Code Translation),e83c2dcbaa985ee6cff609f55c62f2bd,324,352,0.7043864683242353,4.914697885513306,0.21978001817011109,0.34041657167683903,False,Error
XcodeEval(Code Translation),4abcf3c53555a6513832e581d2daddc2,129,131,0.47041437907736433,3.267169911414385,0.619521466905188,0.7766460840467465,False,Error
XcodeEval(Code Translation),9d64b97a89ed6975b24992c1002821c9,1321,1330,0.36038829931961397,5.63129081716761,0.3818255113409268,0.33836599255064703,False,Error
XcodeEval(Code Translation),c3e8862d67c0290640698e99ef9c6aff,230,226,0.7403752131107371,4.352457292377949,0.2960835834860239,0.313884777744453,False,Error
XcodeEval(Code Translation),83ef0f689d559c6114688cedb1bb0355,385,349,0.7459962334654648,5.3009245824068785,0.18744251697319572,0.2673510139366241,False,Error
XcodeEval(Code Translation),b24a89c98ef0a869a979bbe21c88a283,57,62,0.6658608129149989,3.2586640119552612,0.5315659839253306,0.5626800862179436,False,Error
XcodeEval(Code Translation),ef90748cb8f7890749f4532e24fd2a02,177,188,0.7594820431586208,3.0571561753749847,0.23272406987413657,0.4251059890473071,False,Error
XcodeEval(Code Translation),15717973364af78cc5fde6c17e2e646d,57,58,0.5218458598839086,2.532925508916378,0.6138838475499093,0.6796925487186387,False,Error
XcodeEval(Code Translation),b9adee697d1c5b42ab1bee93003405fa,164,155,0.6147065991595868,3.1872602701187134,0.2576971415681093,0.3456861433399903,False,Error
XcodeEval(Code Translation),c6d8dff26971cd0ad1209918fd5d0da5,67,67,0.020641490559913774,0.3807898759841919,0.9910208316705246,0.9986638587085717,True,Error
XcodeEval(Code Translation),41d53f8f4830f182da6aa21df5604e43,244,247,0.3370328526858042,3.286811947822571,0.451352076957073,0.7405390663753237,False,Error
XcodeEval(Code Translation),8e9fc8477e311e8ed6c23018f872d86d,41,35,1.0657778095453978,4.258147943764925,0.2173669467787115,0.5271009401192341,False,Error
XcodeEval(Code Translation),67064532a306a1ba0bdb00a1b9a8a1a8,157,289,0.8978639854130092,4.840233325958252,0.23743945323401905,0.2569836265841725,False,Error
XcodeEval(Code Translation),fd820cb8af82c0fbb09b29db46a57e42,214,220,0.6235913178387368,3.3468439280986786,0.25446580810662717,0.2890644696870943,False,Error
XcodeEval(Code Translation),d756f2edb3c650c72a518c6b6929c62f,181,186,0.9824093456138234,4.746050238609314,0.2681682957926052,0.30936028012941297,False,Error
XcodeEval(Code Translation),b9c7d557b23777e59c0fc3319b08e651,161,160,0.6809163596597501,4.988040804862976,0.569653111449666,0.5359232081441649,False,Error
XcodeEval(Code Translation),2b63465d16c05e5d176c56add334780f,102,136,0.9294003640374571,2.652306169271469,0.2810105682184438,0.5818118079862478,False,Error
XcodeEval(Code Translation),1149f2e35cbaa6ac6ab43cb75ad48b67,156,158,0.8490899746807722,5.16148579120636,0.1683962636911065,0.22671716625711102,False,Error
XcodeEval(Code Translation),47f66158ffdd8b80414ba68d6c9f76ad,326,270,0.7065148292833732,3.819147888571024,0.28184718278409543,0.2810666962056394,False,Error
XcodeEval(Code Translation),3431a34341f3e3a7b24ad7cebf99a9c7,666,584,0.48193869482859814,4.636159136891365,0.24888911381545134,0.28473118731045477,False,Error
XcodeEval(Code Translation),0c99e00c440eb84e6aef6d18e977b6ce,162,160,0.6155125568853691,4.238052129745483,0.400550802765733,0.33756732760611124,False,Error
XcodeEval(Code Translation),3f49896aa5427d9c37310cdf2e2d98db,143,140,0.7291576054213302,3.0984089076519012,0.09043318536660036,0.3991029126685237,False,Error
XcodeEval(Code Translation),5da18f6900d759f5c199b2e736e20f56,67,71,0.8250657179629179,3.076532781124115,0.36898395721925137,0.5968226409610062,False,Error
XcodeEval(Code Translation),4713b444e12661e23d68e9de7dfc9f06,84,86,0.14245361854721392,2.641426205635071,0.8820289561607776,0.8763318489610381,False,Error
XcodeEval(Code Translation),13f57271746a692ebd5a3519d337f122,270,281,0.8034729837991849,5.411095380783081,0.24526262362995374,0.29103310875542615,False,Error
XcodeEval(Code Translation),71c4e5ee34f9d2fe4641e6f37385b5ea,935,897,0.3539869921205881,5.397723399102688,0.5529898952601576,0.47899534230323293,False,Error
XcodeEval(Code Translation),7a2b3e28eaede8997b0cb6e08de84131,167,171,0.4976650388230999,3.998854637145996,0.4196203118719532,0.4862681384007392,False,Error
XcodeEval(Code Translation),ba34a59bbadba467f7b850bb8d6c656d,280,248,0.7135660403413743,5.286139592528343,0.1607388152584217,0.2458332649830416,False,Error
XcodeEval(Code Translation),8c9c8726bab6a1aa6a72fee385579963,44,47,0.0015772581100463867,0.00777125358581543,1.0,0.9999987497695398,False,Acceptable
XcodeEval(Code Translation),9d3a38743e4c1917377a1e0aa8cc8de4,185,203,0.9539253638000101,5.1206935942173,0.150777074409613,0.29272128896697275,False,Error
XcodeEval(Code Translation),3e99780ed87b76ac6d8e7253acf72309,103,95,0.653671239081182,4.383951485157013,0.41100223964165733,0.4394547189751829,False,Error
XcodeEval(Code Translation),8dbadebfa50438e48f891b9b42d35c9a,171,180,0.6117690497116126,4.612175054848194,0.38515371877024984,0.34577939093684307,False,Error
XcodeEval(Code Translation),d8891450cf0387e2263ebc1da9eda2c1,213,221,0.8488645997328002,6.041118475608528,0.08666901780991006,0.15900871387622623,False,Error
XcodeEval(Code Translation),f65beb218a3ef9548bdd70dfef0d620a,124,120,0.5696795704774559,3.059872031211853,0.32531425793457874,0.6222403039870542,False,Error
XcodeEval(Code Translation),58b920eb30a830837436161f16bc95e6,158,178,0.9309614929370582,4.261149168014526,0.30879473773082894,0.14605404327954818,False,Error
XcodeEval(Code Translation),eb7f0e838bbe13966de0166d7b3979bd,74,74,0.002297855863297308,0.013897418975830078,0.9999407626804886,0.9999945728562352,True,Error
XcodeEval(Code Translation),1383c2a71c01dd86f2785ecfc6b3d65b,145,143,0.6897129497093546,3.028581142425537,0.527750418595489,0.5366953051091032,False,Error
XcodeEval(Code Translation),97233a90cfb4c4959eecbe5f2c8d6778,273,256,0.6409082563841366,4.651616618037224,0.3079866674296177,0.46010396498446393,False,Error
XcodeEval(Code Translation),6d106b76c9f27c631594a7f62e253540,164,153,0.4480269779055531,3.7560041826218367,0.3953433047860292,0.6176897301718182,False,Error
XcodeEval(Code Translation),9d315453fee2a93b0d0c30394a17a75c,76,77,0.4164862225665466,2.562301516532898,0.7494190020505811,0.7295982295399516,False,Error
XcodeEval(Code Translation),012903f9ec9fff34f1b6836f440556a7,178,183,0.7071246625123064,3.409001350402832,0.43498072726769793,0.4853252374532345,False,Error
XcodeEval(Code Translation),faf1fb59e158215fdb6a02a21b6dd8f4,62,62,0.003921446165130023,0.0284271240234375,0.9998489083629221,0.9999877341528378,True,Error
XcodeEval(Code Translation),0c251095942230be0e2cb0df61659829,214,217,0.3360403640474254,5.272343270480633,0.6321644712876259,0.6449659178372984,False,Error
XcodeEval(Code Translation),ee340b58ba96d27fb5decc528ecc77d9,213,198,0.47250943600830403,2.658487915992737,0.5193920687887986,0.7458481925704605,False,Error
XcodeEval(Code Translation),4737ecb3e13f71ecce2eade6f86c4167,57,55,0.5163352723148736,1.8593911528587341,0.40317460317460324,0.8008239913175846,False,Error
XcodeEval(Code Translation),87fbf961822e0514b4df71a0fc82797b,194,191,0.5955899082595381,5.052639659494162,0.506673670432626,0.4982462447717129,False,Error
XcodeEval(Code Translation),b8becf301ec0a94223050691d150e086,216,220,0.5709010225977248,3.5371593236923218,0.3968504030769597,0.6257968529053815,False,Error
XcodeEval(Code Translation),671f5a72439f2394077820ec3bd64b2d,396,399,0.556424381520665,4.665550012141466,0.17586308514472274,0.37313761810727536,False,Error
XcodeEval(Code Translation),16d1aab93cef1d64a9089afe23ef8920,248,238,0.2769699612076731,3.901979923248291,0.4401111962183317,0.7053541560496396,False,Error
XcodeEval(Code Translation),594f1b782fbb920eed3f4b3ae40b33d3,53,54,0.6677829922475623,3.20730884373188,0.5697468150298338,0.5805257824624358,False,Error
XcodeEval(Code Translation),a4cb7276ee9d2d10d87c179a0d8518ac,1749,1977,0.8780292920892181,6.595117973163724,-0.0311024858738688,-0.02970135745259262,False,Error
XcodeEval(Code Translation),3ea4ebe483f09849972e54f07158f8d3,134,175,1.340660276749769,5.373235460370779,-0.20882804024987847,-0.16829663111574322,False,Error
XcodeEval(Code Translation),a4fcd739a95a0a2d75114fb23e437a07,349,327,0.774087891794331,4.480001971125603,0.13499712401863143,0.3134360253784857,False,Error
XcodeEval(Code Translation),e1844c704811d4602f613567f22e2a89,115,220,1.0805960496887566,5.726955473423004,0.11454272863568217,0.12526406758979206,False,Error
XcodeEval(Code Translation),58ecb08bc4752f0c939380d770a533ae,389,378,0.36300843032988567,3.3183732740581036,0.4629991971453166,0.5671132587333121,False,Error
